time,S,E,I,R,V,cases,reported_cases,reporting_frac,uptake,R0,eta,run
0,97510,2,2,2312,0,1,0,0.25,0,0.2,0.142857,1
1,97511,2,1,2313,0,1,1,0.25,0,0.2,0.142857,1
2,97507,2,1,2313,0,0,0,0.25,0,0.2,0.142857,1
3,97509,2,1,2313,0,0,0,0.25,0,0.2,0.142857,1
4,97510,2,1,2313,0,0,0,0.25,0,0.2,0.142857,1
5,97515,2,1,2313,0,0,0,0.25,0,0.2,0.142857,1
6,97519,2,1,2313,0,0,0,0.25,0,0.2,0.142857,1
7,97518,2,1,2313,0,0,0,0.25,0,0.2,0.142857,1
8,97519,1,2,2313,0,0,0,0.25,0,0.2,0.142857,1
9,97524,1,2,2313,0,0,0,0.25,0,0.2,0.142857,1
10,97524,1,1,2314,0,1,0,0.25,0,0.2,0.142857,1
11,97519,1,1,2314,0,0,0,0.25,0,0.2,0.142857,1
12,97518,2,1,2313,0,0,0,0.25,0,0.2,0.142857,1
13,97515,2,1,2313,0,0,0,0.25,0,0.2,0.142857,1
14,97507,1,1,2314,0,1,0,0.25,0,0.2,0.142857,1
15,97508,1,0,2315,0,1,1,0.25,0,0.2,0.142857,1
16,97505,1,0,2315,0,0,0,0.25,0,0.2,0.142857,1
17,97504,1,0,2315,0,0,0,0.25,0,0.2,0.142857,1
18,97502,1,0,2315,0,0,0,0.25,0,0.2,0.142857,1
19,97504,1,0,2315,0,0,0,0.25,0,0.2,0.142857,1
20,97503,1,0,2315,0,0,0,0.25,0,0.2,0.142857,1
21,97503,1,0,2315,0,0,0,0.25,0,0.2,0.142857,1
22,97503,1,0,2315,0,0,0,0.25,0,0.2,0.142857,1
23,97507,1,0,2315,0,0,0,0.25,0,0.2,0.142857,1
24,97506,1,0,2315,0,0,0,0.25,0,0.2,0.142857,1
25,97505,1,0,2315,0,0,0,0.25,0,0.2,0.142857,1
26,97508,1,0,2315,0,0,0,0.25,0,0.2,0.142857,1
27,97508,1,0,2315,0,0,0,0.25,0,0.2,0.142857,1
28,97506,1,0,2315,0,0,0,0.25,0,0.2,0.142857,1
29,97504,1,0,2315,0,0,0,0.25,0,0.2,0.142857,1
30,97507,1,0,2315,0,0,0,0.25,0,0.2,0.142857,1
31,97508,1,0,2315,0,0,0,0.25,0,0.2,0.142857,1
32,97513,1,0,2315,0,0,0,0.25,0,0.2,0.142857,1
33,97514,1,0,2315,0,0,0,0.25,0,0.2,0.142857,1
34,97512,1,0,2315,0,0,0,0.25,0,0.2,0.142857,1
35,97510,1,0,2315,0,0,0,0.25,0,0.2,0.142857,1
36,97512,1,0,2315,0,0,0,0.25,0,0.2,0.142857,1
37,97513,1,0,2315,0,0,0,0.25,0,0.2,0.142857,1
38,97513,2,0,2315,0,0,0,0.25,0,0.2,0.142857,1
39,97516,2,0,2315,0,0,0,0.25,0,0.2,0.142857,1
40,97515,2,0,2315,0,0,0,0.25,0,0.2,0.142857,1
41,97514,2,0,2315,0,0,0,0.25,0,0.2,0.142857,1
42,97511,3,0,2315,0,0,0,0.25,0,0.2,0.142857,1
43,97511,2,1,2315,0,0,0,0.25,0,0.2,0.142857,1
44,97515,2,1,2315,0,0,0,0.25,0,0.2,0.142857,1
45,97513,1,2,2315,0,0,0,0.25,0,0.2,0.142857,1
46,97515,1,2,2315,0,0,0,0.25,0,0.2,0.142857,1
47,97511,2,2,2315,0,0,0,0.25,0,0.2,0.142857,1
48,97509,1,3,2315,0,0,0,0.25,0,0.2,0.142857,1
49,97511,1,3,2315,0,0,0,0.25,0,0.2,0.142857,1
50,97507,0,4,2315,0,0,0,0.25,0,0.2,0.142857,1
51,97510,0,4,2315,0,0,0,0.25,0,0.2,0.142857,1
52,97508,1,2,2317,0,2,0,0.25,0,0.2,0.142857,1
53,97507,1,2,2317,0,0,0,0.25,0,0.2,0.142857,1
54,97505,1,1,2318,0,1,0,0.25,0,0.2,0.142857,1
55,97503,1,1,2318,0,0,0,0.25,0,0.2,0.142857,1
56,97500,1,1,2318,0,0,0,0.25,0,0.2,0.142857,1
57,97502,1,0,2319,0,1,0,0.25,0,0.2,0.142857,1
58,97501,1,0,2319,0,0,0,0.25,0,0.2,0.142857,1
59,97500,1,0,2319,0,0,0,0.25,0,0.2,0.142857,1
60,97499,0,1,2319,0,0,0,0.25,0,0.2,0.142857,1
61,97501,0,1,2319,0,0,0,0.25,0,0.2,0.142857,1
62,97504,0,1,2318,0,0,0,0.25,0,0.2,0.142857,1
63,97510,0,0,2319,0,1,0,0.25,0,0.2,0.142857,1
64,97511,0,0,2319,0,0,0,0.25,0,0.2,0.142857,1
65,97512,0,0,2319,0,0,0,0.25,0,0.2,0.142857,1
66,97518,0,0,2319,0,0,0,0.25,0,0.2,0.142857,1
67,97521,0,0,2319,0,0,0,0.25,0,0.2,0.142857,1
68,97516,0,0,2318,0,0,0,0.25,0,0.2,0.142857,1
69,97515,0,0,2318,0,0,0,0.25,0,0.2,0.142857,1
70,97519,0,0,2318,0,0,0,0.25,0,0.2,0.142857,1
71,97517,0,0,2318,0,0,0,0.25,0,0.2,0.142857,1
72,97514,0,0,2318,0,0,0,0.25,0,0.2,0.142857,1
73,97514,0,0,2318,0,0,0,0.25,0,0.2,0.142857,1
74,97515,0,0,2318,0,0,0,0.25,0,0.2,0.142857,1
75,97518,0,0,2318,0,0,0,0.25,0,0.2,0.142857,1
76,97514,0,0,2318,0,0,0,0.25,0,0.2,0.142857,1
77,97513,0,0,2318,0,0,0,0.25,0,0.2,0.142857,1
78,97510,0,0,2318,0,0,0,0.25,0,0.2,0.142857,1
79,97509,0,0,2317,0,0,0,0.25,0,0.2,0.142857,1
80,97513,0,0,2317,0,0,0,0.25,0,0.2,0.142857,1
81,97510,0,0,2317,0,0,0,0.25,0,0.2,0.142857,1
82,97516,0,0,2317,0,0,0,0.25,0,0.2,0.142857,1
83,97518,0,0,2317,0,0,0,0.25,0,0.2,0.142857,1
84,97517,0,0,2317,0,0,0,0.25,0,0.2,0.142857,1
85,97518,0,0,2317,0,0,0,0.25,0,0.2,0.142857,1
86,97520,0,0,2317,0,0,0,0.25,0,0.2,0.142857,1
87,97523,0,0,2317,0,0,0,0.25,0,0.2,0.142857,1
88,97523,1,0,2317,0,0,0,0.25,0,0.2,0.142857,1
89,97523,1,0,2317,0,0,0,0.25,0,0.2,0.142857,1
90,97523,1,0,2317,0,0,0,0.25,0,0.2,0.142857,1
91,97527,1,0,2317,0,0,0,0.25,0,0.2,0.142857,1
92,97524,1,0,2317,0,0,0,0.25,0,0.2,0.142857,1
93,97523,1,0,2317,0,0,0,0.25,0,0.2,0.142857,1
94,97519,1,0,2317,0,0,0,0.25,0,0.2,0.142857,1
95,97518,1,0,2316,0,0,0,0.25,0,0.2,0.142857,1
96,97519,2,0,2315,0,0,0,0.25,0,0.2,0.142857,1
97,97518,1,1,2315,0,0,0,0.25,0,0.2,0.142857,1
98,97522,1,1,2315,0,0,0,0.25,0,0.2,0.142857,1
99,97520,1,1,2315,0,0,0,0.25,0,0.2,0.142857,1
100,97523,1,0,2316,0,1,0,0.25,0,0.2,0.142857,1
101,97525,0,1,2316,0,0,0,0.25,0,0.2,0.142857,1
102,97526,0,0,2317,0,1,0,0.25,0,0.2,0.142857,1
103,97523,0,0,2317,0,0,0,0.25,0,0.2,0.142857,1
104,97519,0,0,2317,0,0,0,0.25,0,0.2,0.142857,1
105,97521,0,0,2317,0,0,0,0.25,0,0.2,0.142857,1
106,97521,0,0,2317,0,0,0,0.25,0,0.2,0.142857,1
107,97522,0,0,2317,0,0,0,0.25,0,0.2,0.142857,1
108,97524,0,0,2317,0,0,0,0.25,0,0.2,0.142857,1
109,97525,0,0,2317,0,0,0,0.25,0,0.2,0.142857,1
110,97525,0,0,2317,0,0,0,0.25,0,0.2,0.142857,1
111,97526,0,0,2317,0,0,0,0.25,0,0.2,0.142857,1
112,97527,0,0,2317,0,0,0,0.25,0,0.2,0.142857,1
113,97525,0,0,2317,0,0,0,0.25,0,0.2,0.142857,1
114,97527,0,0,2317,0,0,0,0.25,0,0.2,0.142857,1
115,97524,0,0,2317,0,0,0,0.25,0,0.2,0.142857,1
116,97520,0,0,2317,0,0,0,0.25,0,0.2,0.142857,1
117,97525,0,0,2317,0,0,0,0.25,0,0.2,0.142857,1
118,97526,0,0,2317,0,0,0,0.25,0,0.2,0.142857,1
119,97521,0,0,2317,0,0,0,0.25,0,0.2,0.142857,1
120,97520,0,0,2317,0,0,0,0.25,0,0.2,0.142857,1
121,97522,1,0,2317,0,0,0,0.25,0,0.2,0.142857,1
122,97526,1,0,2317,0,0,0,0.25,0,0.2,0.142857,1
123,97522,1,0,2317,0,0,0,0.25,0,0.2,0.142857,1
124,97521,2,0,2317,0,0,0,0.25,0,0.2,0.142857,1
125,97517,2,0,2317,0,0,0,0.25,0,0.2,0.142857,1
126,97518,2,0,2317,0,0,0,0.25,0,0.2,0.142857,1
127,97517,2,0,2317,0,0,0,0.25,0,0.2,0.142857,1
128,97516,2,0,2317,0,0,0,0.25,0,0.2,0.142857,1
129,97518,2,0,2316,0,0,0,0.25,0,0.2,0.142857,1
130,97513,2,0,2316,0,0,0,0.25,0,0.2,0.142857,1
131,97508,1,1,2315,0,0,0,0.25,0,0.2,0.142857,1
132,97511,1,1,2315,0,0,0,0.25,0,0.2,0.142857,1
133,97513,1,1,2315,0,0,0,0.25,0,0.2,0.142857,1
134,97510,1,1,2314,0,0,0,0.25,0,0.2,0.142857,1
135,97509,1,0,2315,0,1,0,0.25,0,0.2,0.142857,1
136,97501,2,0,2314,0,0,0,0.25,0,0.2,0.142857,1
137,97503,1,1,2313,0,0,0,0.25,0,0.2,0.142857,1
138,97504,1,1,2313,0,0,0,0.25,0,0.2,0.142857,1
139,97503,1,1,2313,0,0,0,0.25,0,0.2,0.142857,1
140,97499,1,1,2312,0,0,0,0.25,0,0.2,0.142857,1
141,97496,2,1,2312,0,0,0,0.25,0,0.2,0.142857,1
142,97498,2,1,2312,0,0,0,0.25,0,0.2,0.142857,1
143,97500,2,1,2312,0,0,0,0.25,0,0.2,0.142857,1
144,97501,2,1,2311,0,0,0,0.25,0,0.2,0.142857,1
145,97498,1,1,2312,0,1,0,0.25,0,0.2,0.142857,1
146,97495,1,0,2313,0,1,2,0.25,0,0.2,0.142857,1
147,97497,1,0,2313,0,0,0,0.25,0,0.2,0.142857,1
148,97498,1,0,2313,0,0,0,0.25,0,0.2,0.142857,1
149,97497,1,0,2313,0,0,0,0.25,0,0.2,0.142857,1
150,97497,1,0,2313,0,0,0,0.25,0,0.2,0.142857,1
151,97497,1,0,2313,0,0,0,0.25,0,0.2,0.142857,1
152,97495,1,0,2313,0,0,0,0.25,0,0.2,0.142857,1
153,97500,1,0,2313,0,0,0,0.25,0,0.2,0.142857,1
154,97499,1,0,2313,0,0,0,0.25,0,0.2,0.142857,1
155,97502,0,1,2313,0,0,0,0.25,0,0.2,0.142857,1
156,97501,1,0,2314,0,1,0,0.25,0,0.2,0.142857,1
157,97502,0,1,2314,0,0,0,0.25,0,0.2,0.142857,1
158,97504,1,0,2315,0,1,0,0.25,0,0.2,0.142857,1
159,97504,1,0,2314,0,0,0,0.25,0,0.2,0.142857,1
160,97501,1,0,2314,0,0,0,0.25,0,0.2,0.142857,1
161,97505,1,0,2314,0,0,0,0.25,0,0.2,0.142857,1
162,97503,1,0,2314,0,0,0,0.25,0,0.2,0.142857,1
163,97503,1,0,2314,0,0,0,0.25,0,0.2,0.142857,1
164,97506,1,0,2314,0,0,0,0.25,0,0.2,0.142857,1
165,97511,1,0,2313,0,0,0,0.25,0,0.2,0.142857,1
166,97515,2,0,2313,0,0,0,0.25,0,0.2,0.142857,1
167,97516,2,0,2313,0,0,0,0.25,0,0.2,0.142857,1
168,97514,2,0,2313,0,0,0,0.25,0,0.2,0.142857,1
169,97514,2,0,2313,0,0,0,0.25,0,0.2,0.142857,1
170,97508,2,0,2312,0,0,0,0.25,0,0.2,0.142857,1
171,97503,1,1,2312,0,0,0,0.25,0,0.2,0.142857,1
172,97501,1,0,2313,0,1,0,0.25,0,0.2,0.142857,1
173,97501,0,1,2312,0,0,0,0.25,0,0.2,0.142857,1
174,97505,0,1,2312,0,0,0,0.25,0,0.2,0.142857,1
175,97502,1,1,2312,0,0,0,0.25,0,0.2,0.142857,1
176,97508,1,1,2312,0,0,0,0.25,0,0.2,0.142857,1
177,97510,1,1,2312,0,0,0,0.25,0,0.2,0.142857,1
178,97513,1,0,2313,0,1,0,0.25,0,0.2,0.142857,1
179,97513,1,0,2313,0,0,0,0.25,0,0.2,0.142857,1
180,97511,1,0,2313,0,0,0,0.25,0,0.2,0.142857,1
181,97510,1,0,2313,0,0,0,0.25,0,0.2,0.142857,1
182,97509,1,0,2313,0,0,0,0.25,0,0.2,0.142857,1
183,97512,1,0,2313,0,0,0,0.25,0,0.2,0.142857,1
184,97513,0,1,2312,0,0,0,0.25,0,0.2,0.142857,1
185,97509,0,1,2311,0,0,0,0.25,0,0.2,0.142857,1
186,97510,0,0,2312,0,1,0,0.25,0,0.2,0.142857,1
187,97509,0,0,2312,0,0,0,0.25,0,0.2,0.142857,1
188,97505,1,0,2312,0,0,0,0.25,0,0.2,0.142857,1
189,97502,1,0,2312,0,0,0,0.25,0,0.2,0.142857,1
190,97505,1,0,2312,0,0,0,0.25,0,0.2,0.142857,1
191,97506,1,0,2312,0,0,0,0.25,0,0.2,0.142857,1
192,97512,1,0,2311,0,0,0,0.25,0,0.2,0.142857,1
193,97512,0,1,2311,0,0,0,0.25,0,0.2,0.142857,1
194,97513,0,1,2311,0,0,0,0.25,0,0.2,0.142857,1
195,97506,0,2,2311,0,0,0,0.25,0,0.2,0.142857,1
196,97508,0,2,2311,0,0,0,0.25,0,0.2,0.142857,1
197,97502,2,2,2311,0,0,0,0.25,0,0.2,0.142857,1
198,97506,2,2,2311,0,0,0,0.25,0,0.2,0.142857,1
199,97508,2,2,2311,0,0,0,0.25,0,0.2,0.142857,1
200,97507,1,3,2310,0,0,0,0.25,0,0.2,0.142857,1
201,97509,1,2,2311,0,1,0,0.25,0,0.2,0.142857,1
202,97509,1,1,2312,0,1,0,0.25,0,0.2,0.142857,1
203,97507,1,1,2312,0,0,0,0.25,0,0.2,0.142857,1
204,97504,1,0,2313,0,1,2,0.25,0,0.2,0.142857,1
205,97503,2,0,2313,0,0,0,0.25,0,0.2,0.142857,1
206,97502,2,0,2313,0,0,0,0.25,0,0.2,0.142857,1
207,97504,2,0,2313,0,0,0,0.25,0,0.2,0.142857,1
208,97504,2,0,2313,0,0,0,0.25,0,0.2,0.142857,1
209,97502,2,0,2313,0,0,0,0.25,0,0.2,0.142857,1
210,97502,1,2,2312,0,0,0,0.25,0,0.2,0.142857,1
211,97505,1,1,2313,0,1,0,0.25,0,0.2,0.142857,1
212,97504,1,1,2313,0,0,0,0.25,0,0.2,0.142857,1
213,97504,1,1,2313,0,0,0,0.25,0,0.2,0.142857,1
214,97505,1,1,2313,0,0,0,0.25,0,0.2,0.142857,1
215,97508,1,1,2313,0,0,0,0.25,0,0.2,0.142857,1
216,97512,1,1,2312,0,0,0,0.25,0,0.2,0.142857,1
217,97508,1,1,2312,0,0,0,0.25,0,0.2,0.142857,1
218,97507,1,1,2312,0,0,0,0.25,0,0.2,0.142857,1
219,97508,0,1,2313,0,1,0,0.25,0,0.2,0.142857,1
220,97506,0,1,2313,0,0,0,0.25,0,0.2,0.142857,1
221,97505,0,1,2313,0,0,0,0.25,0,0.2,0.142857,1
222,97504,0,1,2313,0,0,0,0.25,0,0.2,0.142857,1
223,97508,0,1,2313,0,0,0,0.25,0,0.2,0.142857,1
224,97505,0,0,2314,0,1,0,0.25,0,0.2,0.142857,1
225,97506,0,0,2314,0,0,0,0.25,0,0.2,0.142857,1
226,97510,0,0,2313,0,0,0,0.25,0,0.2,0.142857,1
227,97507,0,0,2313,0,0,0,0.25,0,0.2,0.142857,1
228,97507,0,0,2313,0,0,0,0.25,0,0.2,0.142857,1
229,97503,0,0,2313,0,0,0,0.25,0,0.2,0.142857,1
230,97504,0,0,2313,0,0,0,0.25,0,0.2,0.142857,1
231,97503,1,0,2313,0,0,0,0.25,0,0.2,0.142857,1
232,97504,1,0,2313,0,0,0,0.25,0,0.2,0.142857,1
233,97502,1,0,2313,0,0,0,0.25,0,0.2,0.142857,1
234,97503,0,1,2313,0,0,0,0.25,0,0.2,0.142857,1
235,97501,0,1,2313,0,0,0,0.25,0,0.2,0.142857,1
236,97499,0,1,2313,0,0,0,0.25,0,0.2,0.142857,1
237,97495,0,1,2313,0,0,0,0.25,0,0.2,0.142857,1
238,97499,0,1,2313,0,0,0,0.25,0,0.2,0.142857,1
239,97498,0,0,2314,0,1,0,0.25,0,0.2,0.142857,1
240,97496,0,0,2314,0,0,0,0.25,0,0.2,0.142857,1
241,97492,0,0,2314,0,0,0,0.25,0,0.2,0.142857,1
242,97490,0,0,2314,0,0,0,0.25,0,0.2,0.142857,1
243,97492,0,0,2314,0,0,0,0.25,0,0.2,0.142857,1
244,97491,0,0,2314,0,0,0,0.25,0,0.2,0.142857,1
245,97492,0,0,2314,0,0,0,0.25,0,0.2,0.142857,1
246,97492,0,0,2314,0,0,0,0.25,0,0.2,0.142857,1
247,97494,0,0,2314,0,0,0,0.25,0,0.2,0.142857,1
248,97495,0,0,2314,0,0,0,0.25,0,0.2,0.142857,1
249,97499,0,0,2314,0,0,0,0.25,0,0.2,0.142857,1
250,97501,0,0,2314,0,0,0,0.25,0,0.2,0.142857,1
251,97502,0,0,2313,0,0,0,0.25,0,0.2,0.142857,1
252,97501,0,0,2313,0,0,0,0.25,0,0.2,0.142857,1
253,97499,0,0,2312,0,0,0,0.25,0,0.2,0.142857,1
254,97497,0,0,2312,0,0,0,0.25,0,0.2,0.142857,1
255,97493,0,0,2312,0,0,0,0.25,0,0.2,0.142857,1
256,97486,0,0,2312,0,0,0,0.25,0,0.2,0.142857,1
257,97491,0,0,2312,0,0,0,0.25,0,0.2,0.142857,1
258,97490,0,0,2312,0,0,0,0.25,0,0.2,0.142857,1
259,97492,0,0,2312,0,0,0,0.25,0,0.2,0.142857,1
260,97492,0,0,2312,0,0,0,0.25,0,0.2,0.142857,1
261,97489,0,0,2312,0,0,0,0.25,0,0.2,0.142857,1
262,97493,0,0,2312,0,0,0,0.25,0,0.2,0.142857,1
263,97491,0,0,2312,0,0,0,0.25,0,0.2,0.142857,1
264,97490,0,0,2312,0,0,0,0.25,0,0.2,0.142857,1
265,97497,0,0,2312,0,0,0,0.25,0,0.2,0.142857,1
266,97497,1,0,2312,0,0,0,0.25,0,0.2,0.142857,1
267,97492,0,1,2312,0,0,0,0.25,0,0.2,0.142857,1
268,97496,0,1,2312,0,0,0,0.25,0,0.2,0.142857,1
269,97495,0,1,2312,0,0,0,0.25,0,0.2,0.142857,1
270,97496,0,0,2313,0,1,0,0.25,0,0.2,0.142857,1
271,97496,0,0,2313,0,0,0,0.25,0,0.2,0.142857,1
272,97494,0,0,2313,0,0,0,0.25,0,0.2,0.142857,1
273,97497,0,0,2313,0,0,0,0.25,0,0.2,0.142857,1
274,97499,0,0,2312,0,0,0,0.25,0,0.2,0.142857,1
275,97497,0,0,2312,0,0,0,0.25,0,0.2,0.142857,1
276,97497,0,0,2312,0,0,0,0.25,0,0.2,0.142857,1
277,97497,0,0,2312,0,0,0,0.25,0,0.2,0.142857,1
278,97499,0,0,2312,0,0,0,0.25,0,0.2,0.142857,1
279,97500,0,0,2312,0,0,0,0.25,0,0.2,0.142857,1
280,97502,0,0,2312,0,0,0,0.25,0,0.2,0.142857,1
281,97503,1,0,2312,0,0,0,0.25,0,0.2,0.142857,1
282,97502,2,0,2312,0,0,0,0.25,0,0.2,0.142857,1
283,97504,2,0,2312,0,0,0,0.25,0,0.2,0.142857,1
284,97509,3,0,2312,0,0,0,0.25,0,0.2,0.142857,1
285,97513,3,0,2312,0,0,0,0.25,0,0.2,0.142857,1
286,97516,4,0,2312,0,0,0,0.25,0,0.2,0.142857,1
287,97514,4,0,2311,0,0,0,0.25,0,0.2,0.142857,1
288,97522,4,0,2311,0,0,0,0.25,0,0.2,0.142857,1
289,97522,4,0,2311,0,0,0,0.25,0,0.2,0.142857,1
290,97522,3,1,2311,0,0,0,0.25,0,0.2,0.142857,1
291,97522,3,1,2311,0,0,0,0.25,0,0.2,0.142857,1
292,97521,3,1,2311,0,0,0,0.25,0,0.2,0.142857,1
293,97522,2,2,2310,0,0,0,0.25,0,0.2,0.142857,1
294,97523,1,3,2310,0,1,0,0.25,0,0.2,0.142857,1
295,97525,1,2,2311,0,1,0,0.25,0,0.2,0.142857,1
296,97527,1,2,2311,0,0,0,0.25,0,0.2,0.142857,1
297,97526,1,2,2311,0,0,0,0.25,0,0.2,0.142857,1
298,97529,1,1,2311,0,1,1,0.25,0,0.2,0.142857,1
299,97524,1,0,2312,0,1,0,0.25,0,0.2,0.142857,1
300,97521,0,1,2312,0,0,0,0.25,0,0.2,0.142857,1
301,97519,0,0,2313,0,1,0,0.25,0,0.2,0.142857,1
302,97521,0,0,2313,0,0,0,0.25,0,0.2,0.142857,1
303,97524,0,0,2313,0,0,0,0.25,0,0.2,0.142857,1
304,97524,0,0,2313,0,0,0,0.25,0,0.2,0.142857,1
305,97526,0,0,2313,0,0,0,0.25,0,0.2,0.142857,1
306,97527,0,0,2313,0,0,0,0.25,0,0.2,0.142857,1
307,97524,0,0,2312,0,0,0,0.25,0,0.2,0.142857,1
308,97529,0,0,2312,0,0,0,0.25,0,0.2,0.142857,1
309,97528,0,0,2312,0,0,0,0.25,0,0.2,0.142857,1
310,97526,1,0,2312,0,0,0,0.25,0,0.2,0.142857,1
311,97528,0,1,2312,0,0,0,0.25,0,0.2,0.142857,1
312,97531,0,1,2312,0,0,0,0.25,0,0.2,0.142857,1
313,97532,0,1,2312,0,0,0,0.25,0,0.2,0.142857,1
314,97532,0,1,2312,0,0,0,0.25,0,0.2,0.142857,1
315,97536,0,1,2312,0,0,0,0.25,0,0.2,0.142857,1
316,97533,0,1,2312,0,0,0,0.25,0,0.2,0.142857,1
317,97531,0,1,2312,0,0,0,0.25,0,0.2,0.142857,1
318,97531,1,1,2312,0,0,0,0.25,0,0.2,0.142857,1
319,97534,1,1,2312,0,0,0,0.25,0,0.2,0.142857,1
320,97537,1,1,2312,0,0,0,0.25,0,0.2,0.142857,1
321,97539,1,1,2312,0,0,0,0.25,0,0.2,0.142857,1
322,97538,3,1,2312,0,0,0,0.25,0,0.2,0.142857,1
323,97538,2,2,2312,0,0,0,0.25,0,0.2,0.142857,1
324,97534,1,2,2313,0,1,0,0.25,0,0.2,0.142857,1
325,97529,3,1,2314,0,1,0,0.25,0,0.2,0.142857,1
326,97526,3,0,2314,0,1,1,0.25,0,0.2,0.142857,1
327,97527,2,1,2314,0,0,0,0.25,0,0.2,0.142857,1
328,97529,2,1,2314,0,0,0,0.25,0,0.2,0.142857,1
329,97531,2,1,2314,0,0,0,0.25,0,0.2,0.142857,1
330,97530,2,1,2314,0,0,0,0.25,0,0.2,0.142857,1
331,97527,2,2,2314,0,0,0,0.25,0,0.2,0.142857,1
332,97525,3,1,2315,0,1,0,0.25,0,0.2,0.142857,1
333,97525,4,1,2313,0,0,0,0.25,0,0.2,0.142857,1
334,97527,4,1,2313,0,0,0,0.25,0,0.2,0.142857,1
335,97531,4,1,2313,0,0,0,0.25,0,0.2,0.142857,1
336,97534,4,1,2313,0,0,0,0.25,0,0.2,0.142857,1
337,97530,5,1,2313,0,0,0,0.25,0,0.2,0.142857,1
338,97531,5,1,2313,0,0,0,0.25,0,0.2,0.142857,1
339,97527,5,1,2313,0,0,0,0.25,0,0.2,0.142857,1
340,97527,3,3,2313,0,0,0,0.25,0,0.2,0.142857,1
341,97529,3,3,2313,0,0,0,0.25,0,0.2,0.142857,1
342,97529,3,3,2313,0,0,0,0.25,0,0.2,0.142857,1
343,97531,3,2,2314,0,1,1,0.25,0,0.2,0.142857,1
344,97532,4,2,2314,0,0,0,0.25,0,0.2,0.142857,1
345,97532,4,1,2315,0,1,0,0.25,0,0.2,0.142857,1
346,97531,4,1,2314,0,0,0,0.25,0,0.2,0.142857,1
347,97529,4,1,2313,0,0,0,0.25,0,0.2,0.142857,1
348,97529,4,1,2312,0,0,0,0.25,0,0.2,0.142857,1
349,97532,3,2,2312,0,0,0,0.25,0,0.2,0.142857,1
350,97536,2,3,2312,0,0,0,0.25,0,0.2,0.142857,1
351,97539,2,2,2313,0,1,0,0.25,0,0.2,0.142857,1
352,97541,2,1,2314,0,1,0,0.25,0,0.2,0.142857,1
353,97541,1,1,2315,0,1,1,0.25,0,0.2,0.142857,1
354,97539,1,0,2316,0,1,1,0.25,0,0.2,0.142857,1
355,97539,1,0,2316,0,0,0,0.25,0,0.2,0.142857,1
356,97541,1,0,2316,0,0,0,0.25,0,0.2,0.142857,1
357,97544,1,0,2316,0,0,0,0.25,0,0.2,0.142857,1
358,97550,1,0,2316,0,0,0,0.25,0,0.2,0.142857,1
359,97554,1,0,2316,0,0,0,0.25,0,0.2,0.142857,1
360,97555,1,0,2316,0,0,0,0.25,0,0.2,0.142857,1
361,97555,2,0,2316,0,0,0,0.25,0,0.2,0.142857,1
362,97555,3,0,2315,0,0,0,0.25,0,0.2,0.142857,1
363,97558,3,0,2315,0,0,0,0.25,0,0.2,0.142857,1
364,97560,2,1,2315,0,0,0,0.25,0,0.2,0.142857,1
365,97561,2,1,2315,0,0,0,0.25,0,0.2,0.142857,1
366,97564,2,0,2316,0,1,0,0.25,0,0.2,0.142857,1
367,97565,2,0,2316,0,0,0,0.25,0,0.2,0.142857,1
368,97566,2,0,2316,0,0,0,0.25,0,0.2,0.142857,1
369,97563,2,0,2316,0,0,0,0.25,0,0.2,0.142857,1
370,97566,1,1,2316,0,0,0,0.25,0,0.2,0.142857,1
371,97572,1,1,2316,0,0,0,0.25,0,0.2,0.142857,1
372,97576,1,1,2316,0,0,0,0.25,0,0.2,0.142857,1
373,97573,1,1,2316,0,0,0,0.25,0,0.2,0.142857,1
374,97576,1,0,2317,0,1,1,0.25,0,0.2,0.142857,1
375,97579,1,0,2317,0,0,0,0.25,0,0.2,0.142857,1
376,97578,0,1,2317,0,0,0,0.25,0,0.2,0.142857,1
377,97578,0,0,2318,0,1,0,0.25,0,0.2,0.142857,1
378,97579,1,0,2318,0,0,0,0.25,0,0.2,0.142857,1
379,97578,1,0,2318,0,0,0,0.25,0,0.2,0.142857,1
380,97575,1,0,2318,0,0,0,0.25,0,0.2,0.142857,1
381,97577,2,0,2317,0,0,0,0.25,0,0.2,0.142857,1
382,97579,1,1,2317,0,0,0,0.25,0,0.2,0.142857,1
383,97579,1,2,2317,0,0,0,0.25,0,0.2,0.142857,1
384,97578,1,2,2317,0,0,0,0.25,0,0.2,0.142857,1
385,97580,1,2,2317,0,0,0,0.25,0,0.2,0.142857,1
386,97585,1,1,2318,0,1,0,0.25,0,0.2,0.142857,1
387,97583,1,1,2318,0,0,0,0.25,0,0.2,0.142857,1
388,97586,1,0,2319,0,1,1,0.25,0,0.2,0.142857,1
389,97586,1,0,2319,0,0,0,0.25,0,0.2,0.142857,1
390,97590,1,0,2319,0,0,0,0.25,0,0.2,0.142857,1
391,97591,2,0,2319,0,0,0,0.25,0,0.2,0.142857,1
392,97587,2,0,2319,0,0,0,0.25,0,0.2,0.142857,1
393,97585,2,0,2319,0,0,0,0.25,0,0.2,0.142857,1
394,97587,2,0,2319,0,0,0,0.25,0,0.2,0.142857,1
395,97588,2,0,2319,0,0,0,0.25,0,0.2,0.142857,1
396,97590,2,0,2319,0,0,0,0.25,0,0.2,0.142857,1
397,97591,3,0,2319,0,0,0,0.25,0,0.2,0.142857,1
398,97590,3,0,2319,0,0,0,0.25,0,0.2,0.142857,1
399,97586,4,0,2319,0,0,0,0.25,0,0.2,0.142857,1
400,97587,2,1,2320,0,1,0,0.25,0,0.2,0.142857,1
401,97587,2,1,2320,0,0,0,0.25,0,0.2,0.142857,1
402,97583,1,2,2320,0,0,0,0.25,0,0.2,0.142857,1
403,97582,1,2,2320,0,0,0,0.25,0,0.2,0.142857,1
404,97578,1,2,2319,0,0,0,0.25,0,0.2,0.142857,1
405,97579,1,2,2319,0,0,0,0.25,0,0.2,0.142857,1
406,97579,2,1,2320,0,1,0,0.25,0,0.2,0.142857,1
407,97584,2,1,2320,0,0,0,0.25,0,0.2,0.142857,1
408,97582,2,0,2321,0,1,1,0.25,0,0.2,0.142857,1
409,97581,2,0,2321,0,0,0,0.25,0,0.2,0.142857,1
410,97582,2,0,2321,0,0,0,0.25,0,0.2,0.142857,1
411,97586,1,1,2321,0,0,0,0.25,0,0.2,0.142857,1
412,97586,1,1,2321,0,0,0,0.25,0,0.2,0.142857,1
413,97587,1,1,2321,0,0,0,0.25,0,0.2,0.142857,1
414,97590,1,1,2321,0,0,0,0.25,0,0.2,0.142857,1
415,97588,3,0,2322,0,1,0,0.25,0,0.2,0.142857,1
416,97589,3,0,2322,0,0,0,0.25,0,0.2,0.142857,1
417,97584,3,0,2322,0,0,0,0.25,0,0.2,0.142857,1
418,97581,2,1,2322,0,0,0,0.25,0,0.2,0.142857,1
419,97580,2,1,2322,0,0,0,0.25,0,0.2,0.142857,1
420,97582,2,1,2322,0,0,0,0.25,0,0.2,0.142857,1
421,97583,2,1,2322,0,0,0,0.25,0,0.2,0.142857,1
422,97590,1,2,2322,0,0,0,0.25,0,0.2,0.142857,1
423,97591,1,2,2322,0,0,0,0.25,0,0.2,0.142857,1
424,97591,1,2,2322,0,0,0,0.25,0,0.2,0.142857,1
425,97592,1,2,2322,0,0,0,0.25,0,0.2,0.142857,1
426,97594,1,2,2322,0,0,0,0.25,0,0.2,0.142857,1
427,97597,3,1,2323,0,1,0,0.25,0,0.2,0.142857,1
428,97597,3,1,2323,0,0,0,0.25,0,0.2,0.142857,1
429,97598,3,2,2323,0,0,0,0.25,0,0.2,0.142857,1
430,97597,3,2,2322,0,0,0,0.25,0,0.2,0.142857,1
431,97592,3,3,2322,0,0,0,0.25,0,0.2,0.142857,1
432,97597,3,3,2322,0,0,0,0.25,0,0.2,0.142857,1
433,97596,3,3,2322,0,0,0,0.25,0,0.2,0.142857,1
434,97593,3,2,2323,0,1,0,0.25,0,0.2,0.142857,1
435,97590,3,2,2323,0,0,0,0.25,0,0.2,0.142857,1
436,97598,3,2,2323,0,0,0,0.25,0,0.2,0.142857,1
437,97596,3,2,2323,0,0,0,0.25,0,0.2,0.142857,1
438,97594,2,3,2323,0,0,0,0.25,0,0.2,0.142857,1
439,97595,2,3,2323,0,0,0,0.25,0,0.2,0.142857,1
440,97599,3,3,2323,0,0,0,0.25,0,0.2,0.142857,1
441,97598,3,2,2324,0,1,1,0.25,0,0.2,0.142857,1
442,97597,1,4,2324,0,0,0,0.25,0,0.2,0.142857,1
443,97595,1,4,2324,0,0,0,0.25,0,0.2,0.142857,1
444,97594,1,3,2325,0,1,0,0.25,0,0.2,0.142857,1
445,97596,1,2,2326,0,1,0,0.25,0,0.2,0.142857,1
446,97600,0,2,2326,0,1,0,0.25,0,0.2,0.142857,1
447,97600,0,2,2326,0,0,0,0.25,0,0.2,0.142857,1
448,97599,0,2,2326,0,0,0,0.25,0,0.2,0.142857,1
449,97598,0,2,2326,0,0,0,0.25,0,0.2,0.142857,1
450,97601,0,2,2325,0,0,0,0.25,0,0.2,0.142857,1
451,97601,0,2,2325,0,0,0,0.25,0,0.2,0.142857,1
452,97601,0,1,2326,0,1,0,0.25,0,0.2,0.142857,1
453,97603,0,0,2327,0,1,0,0.25,0,0.2,0.142857,1
454,97603,0,0,2326,0,0,0,0.25,0,0.2,0.142857,1
455,97609,0,0,2326,0,0,0,0.25,0,0.2,0.142857,1
456,97607,0,0,2326,0,0,0,0.25,0,0.2,0.142857,1
457,97613,0,0,2326,0,0,0,0.25,0,0.2,0.142857,1
458,97611,0,0,2326,0,0,0,0.25,0,0.2,0.142857,1
459,97609,0,0,2326,0,0,0,0.25,0,0.2,0.142857,1
460,97606,0,0,2326,0,0,0,0.25,0,0.2,0.142857,1
461,97604,0,0,2326,0,0,0,0.25,0,0.2,0.142857,1
462,97602,0,0,2326,0,0,0,0.25,0,0.2,0.142857,1
463,97608,0,0,2326,0,0,0,0.25,0,0.2,0.142857,1
464,97605,0,0,2326,0,0,0,0.25,0,0.2,0.142857,1
465,97602,0,0,2326,0,0,0,0.25,0,0.2,0.142857,1
466,97600,1,0,2326,0,0,0,0.25,0,0.2,0.142857,1
467,97599,1,0,2326,0,0,0,0.25,0,0.2,0.142857,1
468,97599,1,0,2326,0,0,0,0.25,0,0.2,0.142857,1
469,97602,1,0,2326,0,0,0,0.25,0,0.2,0.142857,1
470,97602,1,0,2326,0,0,0,0.25,0,0.2,0.142857,1
471,97598,0,1,2326,0,0,0,0.25,0,0.2,0.142857,1
472,97593,0,0,2327,0,1,0,0.25,0,0.2,0.142857,1
473,97590,0,0,2326,0,0,0,0.25,0,0.2,0.142857,1
474,97589,1,0,2325,0,0,0,0.25,0,0.2,0.142857,1
475,97588,1,0,2325,0,0,0,0.25,0,0.2,0.142857,1
476,97586,0,1,2325,0,0,0,0.25,0,0.2,0.142857,1
477,97588,0,0,2326,0,1,0,0.25,0,0.2,0.142857,1
478,97586,0,0,2326,0,0,0,0.25,0,0.2,0.142857,1
479,97583,0,0,2326,0,0,0,0.25,0,0.2,0.142857,1
480,97581,1,0,2326,0,0,0,0.25,0,0.2,0.142857,1
481,97584,1,0,2326,0,0,0,0.25,0,0.2,0.142857,1
482,97585,1,0,2326,0,0,0,0.25,0,0.2,0.142857,1
483,97582,1,0,2326,0,0,0,0.25,0,0.2,0.142857,1
484,97578,1,0,2326,0,0,0,0.25,0,0.2,0.142857,1
485,97580,0,1,2326,0,0,0,0.25,0,0.2,0.142857,1
486,97582,0,0,2327,0,1,0,0.25,0,0.2,0.142857,1
487,97579,0,0,2327,0,0,0,0.25,0,0.2,0.142857,1
488,97577,0,0,2327,0,0,0,0.25,0,0.2,0.142857,1
489,97579,1,0,2327,0,0,0,0.25,0,0.2,0.142857,1
490,97576,2,0,2327,0,0,0,0.25,0,0.2,0.142857,1
491,97579,2,0,2327,0,0,0,0.25,0,0.2,0.142857,1
492,97580,2,0,2327,0,0,0,0.25,0,0.2,0.142857,1
493,97578,2,0,2327,0,0,0,0.25,0,0.2,0.142857,1
494,97576,3,0,2327,0,0,0,0.25,0,0.2,0.142857,1
495,97576,3,1,2327,0,0,0,0.25,0,0.2,0.142857,1
496,97577,3,1,2327,0,0,0,0.25,0,0.2,0.142857,1
497,97578,3,1,2327,0,0,0,0.25,0,0.2,0.142857,1
498,97586,3,1,2327,0,0,0,0.25,0,0.2,0.142857,1
499,97588,3,2,2327,0,0,0,0.25,0,0.2,0.142857,1
500,97588,2,3,2327,0,0,0,0.25,0,0.2,0.142857,1
501,97583,2,3,2328,0,1,0,0.25,0,0.2,0.142857,1
502,97582,2,2,2330,0,2,0,0.25,0,0.2,0.142857,1
503,97585,2,0,2332,0,2,1,0.25,0,0.2,0.142857,1
504,97588,1,1,2332,0,0,0,0.25,0,0.2,0.142857,1
505,97589,0,2,2332,0,0,0,0.25,0,0.2,0.142857,1
506,97593,0,1,2333,0,1,0,0.25,0,0.2,0.142857,1
507,97590,0,1,2333,0,0,0,0.25,0,0.2,0.142857,1
508,97586,0,1,2333,0,0,0,0.25,0,0.2,0.142857,1
509,97580,0,1,2333,0,0,0,0.25,0,0.2,0.142857,1
510,97578,0,1,2333,0,0,0,0.25,0,0.2,0.142857,1
511,97578,0,1,2333,0,0,0,0.25,0,0.2,0.142857,1
512,97574,0,0,2334,0,1,1,0.25,0,0.2,0.142857,1
513,97575,0,0,2334,0,0,0,0.25,0,0.2,0.142857,1
514,97575,0,0,2334,0,0,0,0.25,0,0.2,0.142857,1
515,97575,0,0,2334,0,0,0,0.25,0,0.2,0.142857,1
516,97578,0,0,2333,0,0,0,0.25,0,0.2,0.142857,1
517,97582,0,0,2333,0,0,0,0.25,0,0.2,0.142857,1
518,97576,0,0,2332,0,0,0,0.25,0,0.2,0.142857,1
519,97581,0,0,2332,0,0,0,0.25,0,0.2,0.142857,1
520,97586,0,0,2332,0,0,0,0.25,0,0.2,0.142857,1
521,97582,0,0,2332,0,0,0,0.25,0,0.2,0.142857,1
522,97583,0,0,2332,0,0,0,0.25,0,0.2,0.142857,1
523,97584,1,0,2331,0,0,0,0.25,0,0.2,0.142857,1
524,97581,1,0,2331,0,0,0,0.25,0,0.2,0.142857,1
525,97583,1,0,2331,0,0,0,0.25,0,0.2,0.142857,1
526,97585,1,0,2331,0,0,0,0.25,0,0.2,0.142857,1
527,97584,2,0,2331,0,0,0,0.25,0,0.2,0.142857,1
528,97583,2,0,2330,0,0,0,0.25,0,0.2,0.142857,1
529,97585,1,1,2330,0,0,0,0.25,0,0.2,0.142857,1
530,97589,1,1,2330,0,0,0,0.25,0,0.2,0.142857,1
531,97593,1,1,2330,0,0,0,0.25,0,0.2,0.142857,1
532,97592,1,0,2331,0,1,0,0.25,0,0.2,0.142857,1
533,97595,1,0,2331,0,0,0,0.25,0,0.2,0.142857,1
534,97595,1,0,2331,0,0,0,0.25,0,0.2,0.142857,1
535,97591,1,0,2331,0,0,0,0.25,0,0.2,0.142857,1
536,97593,1,0,2331,0,0,0,0.25,0,0.2,0.142857,1
537,97595,1,0,2331,0,0,0,0.25,0,0.2,0.142857,1
538,97592,2,0,2331,0,0,0,0.25,0,0.2,0.142857,1
539,97587,2,0,2331,0,0,0,0.25,0,0.2,0.142857,1
540,97585,3,0,2331,0,0,0,0.25,0,0.2,0.142857,1
541,97588,3,0,2331,0,0,0,0.25,0,0.2,0.142857,1
542,97588,3,0,2331,0,0,0,0.25,0,0.2,0.142857,1
543,97586,2,0,2332,0,1,0,0.25,0,0.2,0.142857,1
544,97589,1,1,2332,0,0,0,0.25,0,0.2,0.142857,1
545,97594,1,1,2332,0,0,0,0.25,0,0.2,0.142857,1
546,97599,1,1,2332,0,0,0,0.25,0,0.2,0.142857,1
547,97595,1,1,2332,0,0,0,0.25,0,0.2,0.142857,1
548,97597,1,1,2332,0,0,0,0.25,0,0.2,0.142857,1
549,97600,1,1,2332,0,0,0,0.25,0,0.2,0.142857,1
550,97602,1,1,2332,0,0,0,0.25,0,0.2,0.142857,1
551,97598,3,1,2332,0,0,0,0.25,0,0.2,0.142857,1
552,97597,2,2,2332,0,0,0,0.25,0,0.2,0.142857,1
553,97602,2,2,2332,0,0,0,0.25,0,0.2,0.142857,1
554,97599,1,2,2333,0,1,1,0.25,0,0.2,0.142857,1
555,97602,0,3,2333,0,0,0,0.25,0,0.2,0.142857,1
556,97605,0,3,2333,0,0,0,0.25,0,0.2,0.142857,1
557,97601,0,3,2333,0,0,0,0.25,0,0.2,0.142857,1
558,97603,0,3,2332,0,0,0,0.25,0,0.2,0.142857,1
559,97605,0,3,2332,0,0,0,0.25,0,0.2,0.142857,1
560,97605,1,3,2332,0,0,0,0.25,0,0.2,0.142857,1
561,97598,2,3,2332,0,0,0,0.25,0,0.2,0.142857,1
562,97593,3,3,2332,0,0,0,0.25,0,0.2,0.142857,1
563,97596,3,1,2334,0,2,2,0.25,0,0.2,0.142857,1
564,97597,3,1,2334,0,0,0,0.25,0,0.2,0.142857,1
565,97596,2,2,2334,0,0,0,0.25,0,0.2,0.142857,1
566,97599,3,2,2334,0,0,0,0.25,0,0.2,0.142857,1
567,97598,2,3,2334,0,0,0,0.25,0,0.2,0.142857,1
568,97599,3,3,2334,0,0,0,0.25,0,0.2,0.142857,1
569,97599,2,4,2334,0,0,0,0.25,0,0.2,0.142857,1
570,97601,2,3,2335,0,1,0,0.25,0,0.2,0.142857,1
571,97600,2,4,2335,0,0,0,0.25,0,0.2,0.142857,1
572,97602,2,3,2336,0,1,0,0.25,0,0.2,0.142857,1
573,97603,1,3,2337,0,1,0,0.25,0,0.2,0.142857,1
574,97604,1,3,2337,0,0,0,0.25,0,0.2,0.142857,1
575,97606,1,3,2337,0,0,0,0.25,0,0.2,0.142857,1
576,97606,1,3,2337,0,0,0,0.25,0,0.2,0.142857,1
577,97605,1,3,2337,0,0,0,0.25,0,0.2,0.142857,1
578,97610,1,2,2338,0,1,1,0.25,0,0.2,0.142857,1
579,97610,0,1,2340,0,2,1,0.25,0,0.2,0.142857,1
580,97614,0,1,2340,0,0,0,0.25,0,0.2,0.142857,1
581,97614,0,1,2339,0,0,0,0.25,0,0.2,0.142857,1
582,97615,0,1,2339,0,0,0,0.25,0,0.2,0.142857,1
583,97619,0,1,2339,0,0,0,0.25,0,0.2,0.142857,1
584,97618,1,1,2339,0,0,0,0.25,0,0.2,0.142857,1
585,97618,0,2,2339,0,0,0,0.25,0,0.2,0.142857,1
586,97620,0,1,2340,0,1,0,0.25,0,0.2,0.142857,1
587,97624,1,1,2340,0,0,0,0.25,0,0.2,0.142857,1
588,97630,1,1,2340,0,0,0,0.25,0,0.2,0.142857,1
589,97630,1,1,2340,0,0,0,0.25,0,0.2,0.142857,1
590,97631,1,1,2340,0,0,0,0.25,0,0.2,0.142857,1
591,97629,1,1,2340,0,0,0,0.25,0,0.2,0.142857,1
592,97629,1,1,2340,0,0,0,0.25,0,0.2,0.142857,1
593,97630,1,1,2340,0,0,0,0.25,0,0.2,0.142857,1
594,97623,1,1,2340,0,0,0,0.25,0,0.2,0.142857,1
595,97617,1,1,2340,0,0,0,0.25,0,0.2,0.142857,1
596,97614,1,1,2340,0,0,0,0.25,0,0.2,0.142857,1
597,97616,1,1,2340,0,0,0,0.25,0,0.2,0.142857,1
598,97613,1,1,2339,0,0,0,0.25,0,0.2,0.142857,1
599,97612,1,1,2339,0,0,0,0.25,0,0.2,0.142857,1
600,97612,1,1,2339,0,0,0,0.25,0,0.2,0.142857,1
601,97606,2,1,2339,0,0,0,0.25,0,0.2,0.142857,1
602,97602,2,2,2338,0,0,0,0.25,0,0.2,0.142857,1
603,97600,2,2,2337,0,0,0,0.25,0,0.2,0.142857,1
604,97601,3,2,2337,0,0,0,0.25,0,0.2,0.142857,1
605,97601,3,2,2337,0,0,0,0.25,0,0.2,0.142857,1
606,97595,3,3,2337,0,0,0,0.25,0,0.2,0.142857,1
607,97594,4,3,2337,0,0,0,0.25,0,0.2,0.142857,1
608,97596,4,3,2337,0,0,0,0.25,0,0.2,0.142857,1
609,97599,4,2,2338,0,1,0,0.25,0,0.2,0.142857,1
610,97596,3,2,2339,0,1,1,0.25,0,0.2,0.142857,1
611,97595,2,3,2339,0,0,0,0.25,0,0.2,0.142857,1
612,97596,3,3,2339,0,0,0,0.25,0,0.2,0.142857,1
613,97592,2,4,2339,0,0,0,0.25,0,0.2,0.142857,1
614,97590,2,4,2339,0,0,0,0.25,0,0.2,0.142857,1
615,97589,2,3,2340,0,1,0,0.25,0,0.2,0.142857,1
616,97584,2,2,2341,0,1,0,0.25,0,0.2,0.142857,1
617,97586,2,2,2341,0,0,0,0.25,0,0.2,0.142857,1
618,97587,1,3,2341,0,0,0,0.25,0,0.2,0.142857,1
619,97589,2,3,2341,0,0,0,0.25,0,0.2,0.142857,1
620,97591,2,1,2343,0,2,0,0.25,0,0.2,0.142857,1
621,97594,2,1,2343,0,0,0,0.25,0,0.2,0.142857,1
622,97593,2,0,2344,0,1,0,0.25,0,0.2,0.142857,1
623,97595,2,0,2344,0,0,0,0.25,0,0.2,0.142857,1
624,97594,0,1,2345,0,1,1,0.25,0,0.2,0.142857,1
625,97592,0,1,2345,0,0,0,0.25,0,0.2,0.142857,1
626,97590,0,1,2345,0,0,0,0.25,0,0.2,0.142857,1
627,97592,0,1,2345,0,0,0,0.25,0,0.2,0.142857,1
628,97595,0,1,2345,0,0,0,0.25,0,0.2,0.142857,1
629,97598,0,1,2345,0,0,0,0.25,0,0.2,0.142857,1
630,97597,2,0,2346,0,1,0,0.25,0,0.2,0.142857,1
631,97597,2,0,2346,0,0,0,0.25,0,0.2,0.142857,1
632,97599,2,0,2346,0,0,0,0.25,0,0.2,0.142857,1
633,97598,2,0,2346,0,0,0,0.25,0,0.2,0.142857,1
634,97600,2,0,2346,0,0,0,0.25,0,0.2,0.142857,1
635,97603,2,0,2346,0,0,0,0.25,0,0.2,0.142857,1
636,97602,1,1,2346,0,0,0,0.25,0,0.2,0.142857,1
637,97600,1,1,2346,0,0,0,0.25,0,0.2,0.142857,1
638,97602,1,1,2346,0,0,0,0.25,0,0.2,0.142857,1
639,97604,1,1,2346,0,0,0,0.25,0,0.2,0.142857,1
640,97604,1,1,2346,0,0,0,0.25,0,0.2,0.142857,1
641,97606,1,0,2347,0,1,1,0.25,0,0.2,0.142857,1
642,97604,1,0,2347,0,0,0,0.25,0,0.2,0.142857,1
643,97603,0,1,2347,0,0,0,0.25,0,0.2,0.142857,1
644,97603,1,0,2348,0,1,0,0.25,0,0.2,0.142857,1
645,97605,1,0,2348,0,0,0,0.25,0,0.2,0.142857,1
646,97602,1,1,2348,0,0,0,0.25,0,0.2,0.142857,1
647,97607,1,1,2348,0,0,0,0.25,0,0.2,0.142857,1
648,97606,1,0,2349,0,1,0,0.25,0,0.2,0.142857,1
649,97605,1,0,2349,0,0,0,0.25,0,0.2,0.142857,1
650,97602,1,0,2349,0,0,0,0.25,0,0.2,0.142857,1
651,97599,1,0,2349,0,0,0,0.25,0,0.2,0.142857,1
652,97599,1,0,2349,0,0,0,0.25,0,0.2,0.142857,1
653,97596,1,0,2349,0,0,0,0.25,0,0.2,0.142857,1
654,97599,2,0,2348,0,0,0,0.25,0,0.2,0.142857,1
655,97603,1,1,2348,0,0,0,0.25,0,0.2,0.142857,1
656,97604,0,1,2349,0,1,0,0.25,0,0.2,0.142857,1
657,97603,0,1,2349,0,0,0,0.25,0,0.2,0.142857,1
658,97600,0,1,2349,0,0,0,0.25,0,0.2,0.142857,1
659,97596,0,1,2349,0,0,0,0.25,0,0.2,0.142857,1
660,97598,0,1,2349,0,0,0,0.25,0,0.2,0.142857,1
661,97597,0,1,2349,0,0,0,0.25,0,0.2,0.142857,1
662,97598,0,1,2349,0,0,0,0.25,0,0.2,0.142857,1
663,97598,1,1,2349,0,0,0,0.25,0,0.2,0.142857,1
664,97598,1,2,2349,0,0,0,0.25,0,0.2,0.142857,1
665,97597,1,2,2349,0,0,0,0.25,0,0.2,0.142857,1
666,97599,1,2,2349,0,0,0,0.25,0,0.2,0.142857,1
667,97603,1,1,2350,0,1,0,0.25,0,0.2,0.142857,1
668,97605,1,1,2349,0,0,0,0.25,0,0.2,0.142857,1
669,97604,1,1,2349,0,0,0,0.25,0,0.2,0.142857,1
670,97604,1,2,2349,0,0,0,0.25,0,0.2,0.142857,1
671,97606,1,1,2350,0,1,0,0.25,0,0.2,0.142857,1
672,97607,1,0,2351,0,1,0,0.25,0,0.2,0.142857,1
673,97607,1,0,2351,0,0,0,0.25,0,0.2,0.142857,1
674,97604,1,0,2351,0,0,0,0.25,0,0.2,0.142857,1
675,97598,1,0,2350,0,0,0,0.25,0,0.2,0.142857,1
676,97598,1,0,2350,0,0,0,0.25,0,0.2,0.142857,1
677,97601,1,0,2350,0,0,0,0.25,0,0.2,0.142857,1
678,97599,1,0,2350,0,0,0,0.25,0,0.2,0.142857,1
679,97599,0,1,2350,0,0,0,0.25,0,0.2,0.142857,1
680,97603,0,1,2350,0,0,0,0.25,0,0.2,0.142857,1
681,97603,0,1,2350,0,0,0,0.25,0,0.2,0.142857,1
682,97602,0,1,2350,0,0,0,0.25,0,0.2,0.142857,1
683,97600,0,0,2351,0,1,1,0.25,0,0.2,0.142857,1
684,97597,0,0,2351,0,0,0,0.25,0,0.2,0.142857,1
685,97600,0,0,2351,0,0,0,0.25,0,0.2,0.142857,1
686,97600,0,0,2351,0,0,0,0.25,0,0.2,0.142857,1
687,97602,0,0,2351,0,0,0,0.25,0,0.2,0.142857,1
688,97602,0,0,2351,0,0,0,0.25,0,0.2,0.142857,1
689,97599,0,0,2350,0,0,0,0.25,0,0.2,0.142857,1
690,97597,0,0,2350,0,0,0,0.25,0,0.2,0.142857,1
691,97600,0,0,2350,0,0,0,0.25,0,0.2,0.142857,1
692,97597,0,0,2350,0,0,0,0.25,0,0.2,0.142857,1
693,97600,0,0,2350,0,0,0,0.25,0,0.2,0.142857,1
694,97596,0,0,2349,0,0,0,0.25,0,0.2,0.142857,1
695,97598,0,0,2349,0,0,0,0.25,0,0.2,0.142857,1
696,97601,0,0,2349,0,0,0,0.25,0,0.2,0.142857,1
697,97599,0,0,2349,0,0,0,0.25,0,0.2,0.142857,1
698,97597,0,0,2349,0,0,0,0.25,0,0.2,0.142857,1
699,97596,0,0,2349,0,0,0,0.25,0,0.2,0.142857,1
700,97596,0,0,2349,0,0,0,0.25,0,0.2,0.142857,1
701,97595,0,0,2349,0,0,0,0.25,0,0.2,0.142857,1
702,97597,0,0,2349,0,0,0,0.25,0,0.2,0.142857,1
703,97596,0,0,2349,0,0,0,0.25,0,0.2,0.142857,1
704,97593,0,0,2349,0,0,0,0.25,0,0.2,0.142857,1
705,97595,0,0,2349,0,0,0,0.25,0,0.2,0.142857,1
706,97592,0,0,2349,0,0,0,0.25,0,0.2,0.142857,1
707,97595,0,0,2349,0,0,0,0.25,0,0.2,0.142857,1
708,97596,0,0,2349,0,0,0,0.25,0,0.2,0.142857,1
709,97589,1,0,2349,0,0,0,0.25,0,0.2,0.142857,1
710,97587,1,0,2349,0,0,0,0.25,0,0.2,0.142857,1
711,97586,1,0,2349,0,0,0,0.25,0,0.2,0.142857,1
712,97585,1,0,2349,0,0,0,0.25,0,0.2,0.142857,1
713,97585,1,0,2349,0,0,0,0.25,0,0.2,0.142857,1
714,97584,1,0,2349,0,0,0,0.25,0,0.2,0.142857,1
715,97584,1,0,2349,0,0,0,0.25,0,0.2,0.142857,1
716,97586,1,0,2349,0,0,0,0.25,0,0.2,0.142857,1
717,97588,1,0,2349,0,0,0,0.25,0,0.2,0.142857,1
718,97592,1,0,2349,0,0,0,0.25,0,0.2,0.142857,1
719,97593,1,0,2349,0,0,0,0.25,0,0.2,0.142857,1
720,97593,2,0,2349,0,0,0,0.25,0,0.2,0.142857,1
721,97596,2,0,2349,0,0,0,0.25,0,0.2,0.142857,1
722,97598,2,0,2349,0,0,0,0.25,0,0.2,0.142857,1
723,97602,2,0,2349,0,0,0,0.25,0,0.2,0.142857,1
724,97601,2,0,2349,0,0,0,0.25,0,0.2,0.142857,1
725,97600,2,0,2349,0,0,0,0.25,0,0.2,0.142857,1
726,97599,2,0,2349,0,0,0,0.25,0,0.2,0.142857,1
727,97594,2,0,2349,0,0,0,0.25,0,0.2,0.142857,1
728,97595,2,0,2349,0,0,0,0.25,0,0.2,0.142857,1
729,97595,1,1,2349,0,0,0,0.25,0,0.2,0.142857,1
730,97598,1,1,2349,0,0,0,0.25,0,0.2,0.142857,1
731,97598,1,1,2348,0,0,0,0.25,0,0.2,0.142857,1
732,97595,1,1,2348,0,0,0,0.25,0,0.2,0.142857,1
733,97599,2,0,2349,0,1,0,0.25,0,0.2,0.142857,1
734,97590,2,0,2349,0,0,0,0.25,0,0.2,0.142857,1
735,97593,3,0,2349,0,0,0,0.25,0,0.2,0.142857,1
736,97591,3,0,2349,0,0,0,0.25,0,0.2,0.142857,1
737,97593,3,0,2349,0,0,0,0.25,0,0.2,0.142857,1
738,97596,3,0,2349,0,0,0,0.25,0,0.2,0.142857,1
739,97594,3,1,2349,0,0,0,0.25,0,0.2,0.142857,1
740,97595,3,0,2350,0,1,0,0.25,0,0.2,0.142857,1
741,97593,3,0,2349,0,0,0,0.25,0,0.2,0.142857,1
742,97593,3,0,2349,0,0,0,0.25,0,0.2,0.142857,1
743,97597,3,0,2349,0,0,0,0.25,0,0.2,0.142857,1
744,97597,3,0,2349,0,0,0,0.25,0,0.2,0.142857,1
745,97596,2,1,2349,0,0,0,0.25,0,0.2,0.142857,1
746,97594,2,1,2349,0,0,0,0.25,0,0.2,0.142857,1
747,97596,2,1,2349,0,0,0,0.25,0,0.2,0.142857,1
748,97594,2,0,2351,0,2,0,0.25,0,0.2,0.142857,1
749,97596,2,0,2351,0,0,0,0.25,0,0.2,0.142857,1
750,97596,2,0,2351,0,0,0,0.25,0,0.2,0.142857,1
751,97596,2,0,2351,0,0,0,0.25,0,0.2,0.142857,1
752,97596,2,1,2351,0,0,0,0.25,0,0.2,0.142857,1
753,97595,2,1,2351,0,0,0,0.25,0,0.2,0.142857,1
754,97594,1,2,2351,0,0,0,0.25,0,0.2,0.142857,1
755,97590,1,2,2351,0,0,0,0.25,0,0.2,0.142857,1
756,97589,2,2,2351,0,0,0,0.25,0,0.2,0.142857,1
757,97590,1,2,2352,0,1,2,0.25,0,0.2,0.142857,1
758,97593,1,2,2352,0,0,0,0.25,0,0.2,0.142857,1
759,97594,1,1,2353,0,1,1,0.25,0,0.2,0.142857,1
760,97593,1,1,2353,0,0,0,0.25,0,0.2,0.142857,1
761,97600,1,1,2353,0,0,0,0.25,0,0.2,0.142857,1
762,97601,1,1,2353,0,0,0,0.25,0,0.2,0.142857,1
763,97605,1,1,2353,0,0,0,0.25,0,0.2,0.142857,1
764,97601,2,2,2353,0,0,0,0.25,0,0.2,0.142857,1
765,97598,2,0,2355,0,2,0,0.25,0,0.2,0.142857,1
766,97595,2,0,2355,0,0,0,0.25,0,0.2,0.142857,1
767,97593,2,0,2354,0,0,0,0.25,0,0.2,0.142857,1
768,97588,2,0,2354,0,0,0,0.25,0,0.2,0.142857,1
769,97585,2,0,2354,0,0,0,0.25,0,0.2,0.142857,1
770,97581,3,0,2354,0,0,0,0.25,0,0.2,0.142857,1
771,97581,3,0,2354,0,0,0,0.25,0,0.2,0.142857,1
772,97584,4,0,2354,0,0,0,0.25,0,0.2,0.142857,1
773,97586,4,0,2354,0,0,0,0.25,0,0.2,0.142857,1
774,97587,2,2,2354,0,0,0,0.25,0,0.2,0.142857,1
775,97590,2,2,2354,0,0,0,0.25,0,0.2,0.142857,1
776,97593,2,1,2355,0,1,1,0.25,0,0.2,0.142857,1
777,97588,2,1,2355,0,0,0,0.25,0,0.2,0.142857,1
778,97589,2,1,2354,0,0,0,0.25,0,0.2,0.142857,1
779,97588,1,2,2353,0,0,0,0.25,0,0.2,0.142857,1
780,97584,1,2,2354,0,1,0,0.25,0,0.2,0.142857,1
781,97584,2,1,2355,0,1,0,0.25,0,0.2,0.142857,1
782,97582,1,2,2354,0,0,0,0.25,0,0.2,0.142857,1
783,97584,1,2,2354,0,0,0,0.25,0,0.2,0.142857,1
784,97585,1,0,2356,0,2,0,0.25,0,0.2,0.142857,1
785,97585,1,0,2356,0,0,0,0.25,0,0.2,0.142857,1
786,97582,1,0,2356,0,0,0,0.25,0,0.2,0.142857,1
787,97581,1,0,2356,0,0,0,0.25,0,0.2,0.142857,1
788,97578,0,1,2356,0,0,0,0.25,0,0.2,0.142857,1
789,97579,0,1,2355,0,0,0,0.25,0,0.2,0.142857,1
790,97579,0,0,2356,0,1,0,0.25,0,0.2,0.142857,1
791,97580,0,0,2356,0,0,0,0.25,0,0.2,0.142857,1
792,97577,0,0,2356,0,0,0,0.25,0,0.2,0.142857,1
793,97579,0,0,2356,0,0,0,0.25,0,0.2,0.142857,1
794,97581,0,0,2356,0,0,0,0.25,0,0.2,0.142857,1
795,97580,0,0,2356,0,0,0,0.25,0,0.2,0.142857,1
796,97580,1,0,2356,0,0,0,0.25,0,0.2,0.142857,1
797,97581,1,0,2355,0,0,0,0.25,0,0.2,0.142857,1
798,97582,1,0,2355,0,0,0,0.25,0,0.2,0.142857,1
799,97579,1,0,2355,0,0,0,0.25,0,0.2,0.142857,1
800,97583,1,0,2355,0,0,0,0.25,0,0.2,0.142857,1
801,97584,1,0,2355,0,0,0,0.25,0,0.2,0.142857,1
802,97585,1,0,2355,0,0,0,0.25,0,0.2,0.142857,1
803,97585,1,0,2355,0,0,0,0.25,0,0.2,0.142857,1
804,97584,1,0,2354,0,0,0,0.25,0,0.2,0.142857,1
805,97585,1,0,2354,0,0,0,0.25,0,0.2,0.142857,1
806,97583,1,0,2354,0,0,0,0.25,0,0.2,0.142857,1
807,97581,1,0,2354,0,0,0,0.25,0,0.2,0.142857,1
808,97575,1,0,2354,0,0,0,0.25,0,0.2,0.142857,1
809,97575,1,0,2353,0,0,0,0.25,0,0.2,0.142857,1
810,97568,1,0,2353,0,0,0,0.25,0,0.2,0.142857,1
811,97568,1,0,2353,0,0,0,0.25,0,0.2,0.142857,1
812,97568,1,0,2353,0,0,0,0.25,0,0.2,0.142857,1
813,97566,2,0,2353,0,0,0,0.25,0,0.2,0.142857,1
814,97564,2,0,2353,0,0,0,0.25,0,0.2,0.142857,1
815,97560,2,0,2353,0,0,0,0.25,0,0.2,0.142857,1
816,97561,2,0,2353,0,0,0,0.25,0,0.2,0.142857,1
817,97567,2,0,2353,0,0,0,0.25,0,0.2,0.142857,1
818,97565,2,0,2353,0,0,0,0.25,0,0.2,0.142857,1
819,97564,2,0,2353,0,0,0,0.25,0,0.2,0.142857,1
820,97569,2,0,2353,0,0,0,0.25,0,0.2,0.142857,1
821,97573,1,1,2353,0,0,0,0.25,0,0.2,0.142857,1
822,97578,0,1,2354,0,1,0,0.25,0,0.2,0.142857,1
823,97576,1,0,2355,0,1,2,0.25,0,0.2,0.142857,1
824,97575,1,0,2355,0,0,0,0.25,0,0.2,0.142857,1
825,97575,0,0,2356,0,1,0,0.25,0,0.2,0.142857,1
826,97577,0,0,2356,0,0,0,0.25,0,0.2,0.142857,1
827,97575,1,0,2356,0,0,0,0.25,0,0.2,0.142857,1
828,97582,1,0,2356,0,0,0,0.25,0,0.2,0.142857,1
829,97586,1,0,2356,0,0,0,0.25,0,0.2,0.142857,1
830,97592,1,0,2356,0,0,0,0.25,0,0.2,0.142857,1
831,97594,1,0,2356,0,0,0,0.25,0,0.2,0.142857,1
832,97594,1,0,2356,0,0,0,0.25,0,0.2,0.142857,1
833,97592,1,0,2356,0,0,0,0.25,0,0.2,0.142857,1
834,97589,1,0,2356,0,0,0,0.25,0,0.2,0.142857,1
835,97591,1,0,2356,0,0,0,0.25,0,0.2,0.142857,1
836,97592,1,0,2356,0,0,0,0.25,0,0.2,0.142857,1
837,97591,1,0,2356,0,0,0,0.25,0,0.2,0.142857,1
838,97592,0,1,2356,0,0,0,0.25,0,0.2,0.142857,1
839,97592,0,1,2356,0,0,0,0.25,0,0.2,0.142857,1
840,97589,0,1,2356,0,0,0,0.25,0,0.2,0.142857,1
841,97589,0,2,2356,0,0,0,0.25,0,0.2,0.142857,1
842,97588,0,2,2356,0,0,0,0.25,0,0.2,0.142857,1
843,97586,0,2,2355,0,0,0,0.25,0,0.2,0.142857,1
844,97584,0,1,2356,0,1,1,0.25,0,0.2,0.142857,1
845,97584,0,1,2356,0,0,0,0.25,0,0.2,0.142857,1
846,97583,0,1,2356,0,0,0,0.25,0,0.2,0.142857,1
847,97583,1,1,2356,0,0,0,0.25,0,0.2,0.142857,1
848,97581,2,1,2356,0,0,0,0.25,0,0.2,0.142857,1
849,97577,3,0,2357,0,1,0,0.25,0,0.2,0.142857,1
850,97576,3,0,2357,0,0,0,0.25,0,0.2,0.142857,1
851,97578,2,1,2357,0,0,0,0.25,0,0.2,0.142857,1
852,97584,2,1,2357,0,0,0,0.25,0,0.2,0.142857,1
853,97587,3,0,2358,0,1,0,0.25,0,0.2,0.142857,1
854,97586,3,0,2358,0,0,0,0.25,0,0.2,0.142857,1
855,97589,3,0,2358,0,0,0,0.25,0,0.2,0.142857,1
856,97590,2,1,2358,0,0,0,0.25,0,0.2,0.142857,1
857,97585,2,1,2357,0,0,0,0.25,0,0.2,0.142857,1
858,97582,3,1,2357,0,0,0,0.25,0,0.2,0.142857,1
859,97581,3,1,2357,0,0,0,0.25,0,0.2,0.142857,1
860,97586,3,1,2357,0,0,0,0.25,0,0.2,0.142857,1
861,97587,1,3,2357,0,0,0,0.25,0,0.2,0.142857,1
862,97587,1,3,2356,0,0,0,0.25,0,0.2,0.142857,1
863,97585,1,2,2357,0,1,0,0.25,0,0.2,0.142857,1
864,97588,1,2,2357,0,0,0,0.25,0,0.2,0.142857,1
865,97586,1,2,2357,0,0,0,0.25,0,0.2,0.142857,1
866,97592,1,2,2357,0,0,0,0.25,0,0.2,0.142857,1
867,97592,2,1,2358,0,1,0,0.25,0,0.2,0.142857,1
868,97596,1,2,2358,0,0,0,0.25,0,0.2,0.142857,1
869,97597,2,2,2357,0,0,0,0.25,0,0.2,0.142857,1
870,97603,2,1,2358,0,1,0,0.25,0,0.2,0.142857,1
871,97601,2,0,2359,0,1,0,0.25,0,0.2,0.142857,1
872,97602,2,0,2359,0,0,0,0.25,0,0.2,0.142857,1
873,97603,2,0,2359,0,0,0,0.25,0,0.2,0.142857,1
874,97602,1,1,2359,0,0,0,0.25,0,0.2,0.142857,1
875,97604,2,1,2359,0,0,0,0.25,0,0.2,0.142857,1
876,97601,2,1,2359,0,0,0,0.25,0,0.2,0.142857,1
877,97596,1,1,2360,0,1,2,0.25,0,0.2,0.142857,1
878,97593,1,1,2360,0,0,0,0.25,0,0.2,0.142857,1
879,97598,1,0,2361,0,1,0,0.25,0,0.2,0.142857,1
880,97594,2,0,2361,0,0,0,0.25,0,0.2,0.142857,1
881,97593,3,0,2361,0,0,0,0.25,0,0.2,0.142857,1
882,97590,3,0,2361,0,0,0,0.25,0,0.2,0.142857,1
883,97588,3,0,2361,0,0,0,0.25,0,0.2,0.142857,1
884,97585,4,0,2361,0,0,0,0.25,0,0.2,0.142857,1
885,97586,5,0,2361,0,0,0,0.25,0,0.2,0.142857,1
886,97587,4,1,2361,0,0,0,0.25,0,0.2,0.142857,1
887,97585,4,1,2361,0,0,0,0.25,0,0.2,0.142857,1
888,97583,4,1,2361,0,0,0,0.25,0,0.2,0.142857,1
889,97582,5,1,2361,0,0,0,0.25,0,0.2,0.142857,1
890,97579,5,1,2361,0,0,0,0.25,0,0.2,0.142857,1
891,97581,4,2,2361,0,0,0,0.25,0,0.2,0.142857,1
892,97579,4,2,2361,0,0,0,0.25,0,0.2,0.142857,1
893,97581,3,2,2362,0,1,0,0.25,0,0.2,0.142857,1
894,97580,3,1,2363,0,1,0,0.25,0,0.2,0.142857,1
895,97581,2,2,2363,0,0,0,0.25,0,0.2,0.142857,1
896,97582,2,1,2364,0,1,0,0.25,0,0.2,0.142857,1
897,97584,1,2,2364,0,0,0,0.25,0,0.2,0.142857,1
898,97581,1,2,2364,0,0,0,0.25,0,0.2,0.142857,1
899,97578,1,1,2365,0,1,0,0.25,0,0.2,0.142857,1
900,97579,1,1,2365,0,0,0,0.25,0,0.2,0.142857,1
901,97577,2,1,2365,0,0,0,0.25,0,0.2,0.142857,1
902,97575,2,1,2365,0,0,0,0.25,0,0.2,0.142857,1
903,97574,2,1,2365,0,0,0,0.25,0,0.2,0.142857,1
904,97569,4,1,2365,0,0,0,0.25,0,0.2,0.142857,1
905,97571,4,1,2364,0,0,0,0.25,0,0.2,0.142857,1
906,97572,2,3,2364,0,0,0,0.25,0,0.2,0.142857,1
907,97572,2,3,2364,0,0,0,0.25,0,0.2,0.142857,1
908,97572,2,3,2364,0,0,0,0.25,0,0.2,0.142857,1
909,97569,1,4,2364,0,0,0,0.25,0,0.2,0.142857,1
910,97567,1,4,2364,0,0,0,0.25,0,0.2,0.142857,1
911,97565,1,3,2365,0,1,0,0.25,0,0.2,0.142857,1
912,97565,1,2,2366,0,1,0,0.25,0,0.2,0.142857,1
913,97568,1,1,2367,0,1,0,0.25,0,0.2,0.142857,1
914,97570,1,1,2367,0,0,0,0.25,0,0.2,0.142857,1
915,97567,0,2,2367,0,0,0,0.25,0,0.2,0.142857,1
916,97566,0,2,2367,0,0,0,0.25,0,0.2,0.142857,1
917,97566,0,1,2368,0,1,2,0.25,0,0.2,0.142857,1
918,97563,0,1,2367,0,0,0,0.25,0,0.2,0.142857,1
919,97560,0,1,2367,0,0,0,0.25,0,0.2,0.142857,1
920,97556,0,0,2368,0,1,0,0.25,0,0.2,0.142857,1
921,97556,0,0,2368,0,0,0,0.25,0,0.2,0.142857,1
922,97556,0,0,2368,0,0,0,0.25,0,0.2,0.142857,1
923,97555,0,0,2368,0,0,0,0.25,0,0.2,0.142857,1
924,97554,1,0,2368,0,0,0,0.25,0,0.2,0.142857,1
925,97557,1,0,2368,0,0,0,0.25,0,0.2,0.142857,1
926,97559,1,0,2368,0,0,0,0.25,0,0.2,0.142857,1
927,97560,1,0,2368,0,0,0,0.25,0,0.2,0.142857,1
928,97556,1,0,2368,0,0,0,0.25,0,0.2,0.142857,1
929,97557,1,0,2368,0,0,0,0.25,0,0.2,0.142857,1
930,97556,1,0,2368,0,0,0,0.25,0,0.2,0.142857,1
931,97558,1,0,2368,0,0,0,0.25,0,0.2,0.142857,1
932,97560,1,0,2368,0,0,0,0.25,0,0.2,0.142857,1
933,97562,1,0,2368,0,0,0,0.25,0,0.2,0.142857,1
934,97564,1,0,2368,0,0,0,0.25,0,0.2,0.142857,1
935,97566,1,0,2368,0,0,0,0.25,0,0.2,0.142857,1
936,97567,1,0,2368,0,0,0,0.25,0,0.2,0.142857,1
937,97568,1,0,2368,0,0,0,0.25,0,0.2,0.142857,1
938,97572,1,0,2368,0,0,0,0.25,0,0.2,0.142857,1
939,97573,1,0,2368,0,0,0,0.25,0,0.2,0.142857,1
940,97575,1,0,2368,0,0,0,0.25,0,0.2,0.142857,1
941,97578,1,0,2368,0,0,0,0.25,0,0.2,0.142857,1
942,97576,1,0,2368,0,0,0,0.25,0,0.2,0.142857,1
943,97577,1,0,2368,0,0,0,0.25,0,0.2,0.142857,1
944,97574,1,0,2368,0,0,0,0.25,0,0.2,0.142857,1
945,97574,0,1,2368,0,0,0,0.25,0,0.2,0.142857,1
946,97573,0,1,2368,0,0,0,0.25,0,0.2,0.142857,1
947,97573,0,1,2368,0,0,0,0.25,0,0.2,0.142857,1
948,97575,0,0,2368,0,1,0,0.25,0,0.2,0.142857,1
949,97575,0,0,2368,0,0,0,0.25,0,0.2,0.142857,1
950,97573,0,0,2368,0,0,0,0.25,0,0.2,0.142857,1
951,97573,0,0,2368,0,0,0,0.25,0,0.2,0.142857,1
952,97571,0,0,2368,0,0,0,0.25,0,0.2,0.142857,1
953,97568,0,0,2368,0,0,0,0.25,0,0.2,0.142857,1
954,97565,0,0,2368,0,0,0,0.25,0,0.2,0.142857,1
955,97566,0,0,2368,0,0,0,0.25,0,0.2,0.142857,1
956,97567,0,0,2368,0,0,0,0.25,0,0.2,0.142857,1
957,97562,0,0,2368,0,0,0,0.25,0,0.2,0.142857,1
958,97559,0,0,2368,0,0,0,0.25,0,0.2,0.142857,1
959,97559,0,0,2368,0,0,0,0.25,0,0.2,0.142857,1
960,97560,0,0,2368,0,0,0,0.25,0,0.2,0.142857,1
961,97561,0,0,2368,0,0,0,0.25,0,0.2,0.142857,1
962,97559,0,0,2368,0,0,0,0.25,0,0.2,0.142857,1
963,97560,0,0,2368,0,0,0,0.25,0,0.2,0.142857,1
964,97563,1,0,2368,0,0,0,0.25,0,0.2,0.142857,1
965,97564,0,1,2368,0,0,0,0.25,0,0.2,0.142857,1
966,97562,0,1,2368,0,0,0,0.25,0,0.2,0.142857,1
967,97560,1,1,2368,0,0,0,0.25,0,0.2,0.142857,1
968,97557,1,1,2368,0,0,0,0.25,0,0.2,0.142857,1
969,97556,1,1,2368,0,0,0,0.25,0,0.2,0.142857,1
970,97555,1,1,2368,0,0,0,0.25,0,0.2,0.142857,1
971,97554,1,1,2368,0,0,0,0.25,0,0.2,0.142857,1
972,97555,1,0,2369,0,1,2,0.25,0,0.2,0.142857,1
973,97553,2,0,2369,0,0,0,0.25,0,0.2,0.142857,1
974,97549,1,1,2369,0,0,0,0.25,0,0.2,0.142857,1
975,97549,2,0,2370,0,1,0,0.25,0,0.2,0.142857,1
976,97553,2,0,2370,0,0,0,0.25,0,0.2,0.142857,1
977,97548,2,0,2370,0,0,0,0.25,0,0.2,0.142857,1
978,97546,1,1,2370,0,0,0,0.25,0,0.2,0.142857,1
979,97547,1,1,2370,0,0,0,0.25,0,0.2,0.142857,1
980,97548,1,1,2370,0,0,0,0.25,0,0.2,0.142857,1
981,97543,1,1,2370,0,0,0,0.25,0,0.2,0.142857,1
982,97545,0,2,2369,0,0,0,0.25,0,0.2,0.142857,1
983,97544,0,2,2368,0,0,0,0.25,0,0.2,0.142857,1
984,97544,0,2,2368,0,0,0,0.25,0,0.2,0.142857,1
985,97544,0,2,2368,0,0,0,0.25,0,0.2,0.142857,1
986,97539,0,2,2368,0,0,0,0.25,0,0.2,0.142857,1
987,97537,0,2,2368,0,0,0,0.25,0,0.2,0.142857,1
988,97539,0,2,2368,0,0,0,0.25,0,0.2,0.142857,1
989,97540,0,1,2369,0,1,0,0.25,0,0.2,0.142857,1
990,97537,1,1,2369,0,0,0,0.25,0,0.2,0.142857,1
991,97537,1,1,2368,0,0,0,0.25,0,0.2,0.142857,1
992,97537,2,1,2368,0,0,0,0.25,0,0.2,0.142857,1
993,97542,2,0,2369,0,1,1,0.25,0,0.2,0.142857,1
994,97541,1,0,2370,0,1,0,0.25,0,0.2,0.142857,1
995,97538,1,0,2370,0,0,0,0.25,0,0.2,0.142857,1
996,97537,1,0,2370,0,0,0,0.25,0,0.2,0.142857,1
997,97539,0,0,2371,0,1,0,0.25,0,0.2,0.142857,1
998,97536,0,0,2371,0,0,0,0.25,0,0.2,0.142857,1
999,97532,0,0,2371,0,0,0,0.25,0,0.2,0.142857,1
1000,97533,1,0,2371,0,0,0,0.25,0,0.2,0.142857,1
1001,97534,1,0,2371,0,0,0,0.25,0,0.2,0.142857,1
1002,97536,1,0,2371,0,0,0,0.25,0,0.2,0.142857,1
1003,97535,1,0,2371,0,0,0,0.25,0,0.2,0.142857,1
1004,97539,0,1,2371,0,0,0,0.25,0,0.2,0.142857,1
1005,97542,0,1,2371,0,0,0,0.25,0,0.2,0.142857,1
1006,97545,0,1,2371,0,0,0,0.25,0,0.2,0.142857,1
1007,97544,0,1,2370,0,0,0,0.25,0,0.2,0.142857,1
1008,97545,0,0,2371,0,1,0,0.25,0,0.2,0.142857,1
1009,97547,0,0,2371,0,0,0,0.25,0,0.2,0.142857,1
1010,97545,0,0,2371,0,0,0,0.25,0,0.2,0.142857,1
1011,97546,0,0,2371,0,0,0,0.25,0,0.2,0.142857,1
1012,97549,0,0,2371,0,0,0,0.25,0,0.2,0.142857,1
1013,97548,1,0,2370,0,0,0,0.25,0,0.2,0.142857,1
1014,97549,1,0,2370,0,0,0,0.25,0,0.2,0.142857,1
1015,97548,1,0,2370,0,0,0,0.25,0,0.2,0.142857,1
1016,97544,1,0,2370,0,0,0,0.25,0,0.2,0.142857,1
1017,97541,1,0,2370,0,0,0,0.25,0,0.2,0.142857,1
1018,97545,0,0,2371,0,1,0,0.25,0,0.2,0.142857,1
1019,97544,0,0,2371,0,0,0,0.25,0,0.2,0.142857,1
1020,97546,0,0,2371,0,0,0,0.25,0,0.2,0.142857,1
1021,97544,1,0,2371,0,0,0,0.25,0,0.2,0.142857,1
1022,97544,1,0,2371,0,0,0,0.25,0,0.2,0.142857,1
1023,97545,1,1,2371,0,0,0,0.25,0,0.2,0.142857,1
1024,97545,1,0,2372,0,1,0,0.25,0,0.2,0.142857,1
1025,97554,1,0,2372,0,0,0,0.25,0,0.2,0.142857,1
1026,97560,1,0,2372,0,0,0,0.25,0,0.2,0.142857,1
1027,97565,1,0,2372,0,0,0,0.25,0,0.2,0.142857,1
1028,97569,1,0,2372,0,0,0,0.25,0,0.2,0.142857,1
1029,97565,1,0,2372,0,0,0,0.25,0,0.2,0.142857,1
1030,97564,1,0,2372,0,0,0,0.25,0,0.2,0.142857,1
1031,97569,1,0,2372,0,0,0,0.25,0,0.2,0.142857,1
1032,97569,2,0,2372,0,0,0,0.25,0,0.2,0.142857,1
1033,97569,1,1,2372,0,0,0,0.25,0,0.2,0.142857,1
1034,97569,2,1,2372,0,0,0,0.25,0,0.2,0.142857,1
1035,97566,1,2,2372,0,0,0,0.25,0,0.2,0.142857,1
1036,97565,1,2,2372,0,0,0,0.25,0,0.2,0.142857,1
1037,97563,1,2,2372,0,0,0,0.25,0,0.2,0.142857,1
1038,97560,1,2,2372,0,0,0,0.25,0,0.2,0.142857,1
1039,97560,1,2,2372,0,0,0,0.25,0,0.2,0.142857,1
1040,97565,1,2,2372,0,0,0,0.25,0,0.2,0.142857,1
1041,97568,1,2,2372,0,0,0,0.25,0,0.2,0.142857,1
1042,97564,1,1,2373,0,1,0,0.25,0,0.2,0.142857,1
1043,97564,1,1,2373,0,0,0,0.25,0,0.2,0.142857,1
1044,97567,2,0,2374,0,1,0,0.25,0,0.2,0.142857,1
1045,97564,2,1,2374,0,0,0,0.25,0,0.2,0.142857,1
1046,97566,2,1,2374,0,0,0,0.25,0,0.2,0.142857,1
1047,97568,3,1,2374,0,0,0,0.25,0,0.2,0.142857,1
1048,97569,3,1,2374,0,0,0,0.25,0,0.2,0.142857,1
1049,97568,3,1,2374,0,0,0,0.25,0,0.2,0.142857,1
1050,97568,3,1,2374,0,0,0,0.25,0,0.2,0.142857,1
1051,97571,2,2,2374,0,0,0,0.25,0,0.2,0.142857,1
1052,97576,2,2,2374,0,0,0,0.25,0,0.2,0.142857,1
1053,97574,2,2,2374,0,0,0,0.25,0,0.2,0.142857,1
1054,97570,1,3,2374,0,0,0,0.25,0,0.2,0.142857,1
1055,97570,1,3,2374,0,0,0,0.25,0,0.2,0.142857,1
1056,97570,1,3,2373,0,0,0,0.25,0,0.2,0.142857,1
1057,97570,1,3,2373,0,0,0,0.25,0,0.2,0.142857,1
1058,97573,1,3,2373,0,0,0,0.25,0,0.2,0.142857,1
1059,97573,1,3,2373,0,0,0,0.25,0,0.2,0.142857,1
1060,97571,1,2,2374,0,1,1,0.25,0,0.2,0.142857,1
1061,97577,2,2,2374,0,0,0,0.25,0,0.2,0.142857,1
1062,97575,4,1,2375,0,1,0,0.25,0,0.2,0.142857,1
1063,97573,4,1,2375,0,0,0,0.25,0,0.2,0.142857,1
1064,97573,3,2,2375,0,0,0,0.25,0,0.2,0.142857,1
1065,97572,0,5,2375,0,0,0,0.25,0,0.2,0.142857,1
1066,97572,0,3,2377,0,2,0,0.25,0,0.2,0.142857,1
1067,97577,0,3,2377,0,0,0,0.25,0,0.2,0.142857,1
1068,97579,1,3,2377,0,0,0,0.25,0,0.2,0.142857,1
1069,97578,0,1,2380,0,3,2,0.25,0,0.2,0.142857,1
1070,97579,0,1,2380,0,0,0,0.25,0,0.2,0.142857,1
1071,97580,0,1,2380,0,0,0,0.25,0,0.2,0.142857,1
1072,97576,1,1,2380,0,0,0,0.25,0,0.2,0.142857,1
1073,97573,1,1,2380,0,0,0,0.25,0,0.2,0.142857,1
1074,97574,1,1,2380,0,0,0,0.25,0,0.2,0.142857,1
1075,97575,2,1,2380,0,0,0,0.25,0,0.2,0.142857,1
1076,97572,2,1,2380,0,0,0,0.25,0,0.2,0.142857,1
1077,97568,2,1,2379,0,0,0,0.25,0,0.2,0.142857,1
1078,97572,3,0,2379,0,1,0,0.25,0,0.2,0.142857,1
1079,97571,3,0,2379,0,0,0,0.25,0,0.2,0.142857,1
1080,97570,3,0,2379,0,0,0,0.25,0,0.2,0.142857,1
1081,97571,2,1,2379,0,0,0,0.25,0,0.2,0.142857,1
1082,97570,3,1,2379,0,0,0,0.25,0,0.2,0.142857,1
1083,97570,2,2,2378,0,0,0,0.25,0,0.2,0.142857,1
1084,97569,2,2,2378,0,0,0,0.25,0,0.2,0.142857,1
1085,97570,2,1,2379,0,1,0,0.25,0,0.2,0.142857,1
1086,97571,2,1,2379,0,0,0,0.25,0,0.2,0.142857,1
1087,97573,2,1,2379,0,0,0,0.25,0,0.2,0.142857,1
1088,97578,2,2,2379,0,0,0,0.25,0,0.2,0.142857,1
1089,97578,2,2,2379,0,0,0,0.25,0,0.2,0.142857,1
1090,97580,1,2,2379,0,1,0,0.25,0,0.2,0.142857,1
1091,97579,1,2,2379,0,0,0,0.25,0,0.2,0.142857,1
1092,97580,1,2,2379,0,0,0,0.25,0,0.2,0.142857,1
1093,97580,1,2,2379,0,0,0,0.25,0,0.2,0.142857,1
1094,97576,1,3,2379,0,0,0,0.25,0,0.2,0.142857,1
1095,97572,1,4,2379,0,0,0,0.25,0,0.2,0.142857,1
1096,97577,1,2,2381,0,2,0,0.25,0,0.2,0.142857,1
1097,97573,2,2,2381,0,0,0,0.25,0,0.2,0.142857,1
1098,97578,2,2,2381,0,0,0,0.25,0,0.2,0.142857,1
1099,97579,2,3,2381,0,0,0,0.25,0,0.2,0.142857,1
1100,97579,2,1,2383,0,2,2,0.25,0,0.2,0.142857,1
1101,97579,1,0,2385,0,2,0,0.25,0,0.2,0.142857,1
1102,97585,1,0,2385,0,0,0,0.25,0,0.2,0.142857,1
1103,97580,1,0,2385,0,0,0,0.25,0,0.2,0.142857,1
1104,97579,1,0,2385,0,0,0,0.25,0,0.2,0.142857,1
1105,97572,1,0,2385,0,0,0,0.25,0,0.2,0.142857,1
1106,97571,2,0,2385,0,0,0,0.25,0,0.2,0.142857,1
1107,97572,2,0,2385,0,0,0,0.25,0,0.2,0.142857,1
1108,97573,2,0,2385,0,0,0,0.25,0,0.2,0.142857,1
1109,97576,2,0,2385,0,0,0,0.25,0,0.2,0.142857,1
1110,97573,2,0,2385,0,0,0,0.25,0,0.2,0.142857,1
1111,97574,2,0,2385,0,0,0,0.25,0,0.2,0.142857,1
1112,97577,2,0,2384,0,0,0,0.25,0,0.2,0.142857,1
1113,97574,3,0,2384,0,0,0,0.25,0,0.2,0.142857,1
1114,97579,2,1,2384,0,0,0,0.25,0,0.2,0.142857,1
1115,97579,2,1,2384,0,0,0,0.25,0,0.2,0.142857,1
1116,97579,2,1,2384,0,0,0,0.25,0,0.2,0.142857,1
1117,97580,2,1,2384,0,0,0,0.25,0,0.2,0.142857,1
1118,97579,2,1,2384,0,0,0,0.25,0,0.2,0.142857,1
1119,97582,2,1,2384,0,0,0,0.25,0,0.2,0.142857,1
1120,97585,2,1,2383,0,0,0,0.25,0,0.2,0.142857,1
1121,97581,2,1,2383,0,0,0,0.25,0,0.2,0.142857,1
1122,97585,2,1,2383,0,0,0,0.25,0,0.2,0.142857,1
1123,97581,2,1,2383,0,0,0,0.25,0,0.2,0.142857,1
1124,97582,3,1,2383,0,0,0,0.25,0,0.2,0.142857,1
1125,97577,3,1,2383,0,0,0,0.25,0,0.2,0.142857,1
1126,97575,3,0,2383,0,1,0,0.25,0,0.2,0.142857,1
1127,97574,3,0,2383,0,0,0,0.25,0,0.2,0.142857,1
1128,97576,2,1,2383,0,0,0,0.25,0,0.2,0.142857,1
1129,97580,2,1,2383,0,0,0,0.25,0,0.2,0.142857,1
1130,97582,2,1,2383,0,0,0,0.25,0,0.2,0.142857,1
1131,97586,1,2,2383,0,0,0,0.25,0,0.2,0.142857,1
1132,97585,2,2,2383,0,0,0,0.25,0,0.2,0.142857,1
1133,97583,2,2,2383,0,0,0,0.25,0,0.2,0.142857,1
1134,97578,2,0,2385,0,2,4,0.25,0,0.2,0.142857,1
1135,97583,2,0,2385,0,0,0,0.25,0,0.2,0.142857,1
1136,97581,2,0,2385,0,0,0,0.25,0,0.2,0.142857,1
1137,97583,2,0,2385,0,0,0,0.25,0,0.2,0.142857,1
1138,97582,2,0,2385,0,0,0,0.25,0,0.2,0.142857,1
1139,97582,2,0,2385,0,0,0,0.25,0,0.2,0.142857,1
1140,97577,2,0,2385,0,0,0,0.25,0,0.2,0.142857,1
1141,97575,2,0,2385,0,0,0,0.25,0,0.2,0.142857,1
1142,97579,2,0,2385,0,0,0,0.25,0,0.2,0.142857,1
1143,97578,2,0,2385,0,0,0,0.25,0,0.2,0.142857,1
1144,97581,1,1,2385,0,0,0,0.25,0,0.2,0.142857,1
1145,97579,1,1,2385,0,0,0,0.25,0,0.2,0.142857,1
1146,97583,1,1,2385,0,0,0,0.25,0,0.2,0.142857,1
1147,97579,1,0,2386,0,1,0,0.25,0,0.2,0.142857,1
1148,97581,1,0,2386,0,0,0,0.25,0,0.2,0.142857,1
1149,97579,2,0,2386,0,0,0,0.25,0,0.2,0.142857,1
1150,97579,2,0,2386,0,0,0,0.25,0,0.2,0.142857,1
1151,97581,2,0,2385,0,0,0,0.25,0,0.2,0.142857,1
1152,97583,1,1,2385,0,0,0,0.25,0,0.2,0.142857,1
1153,97586,1,1,2385,0,0,0,0.25,0,0.2,0.142857,1
1154,97590,0,2,2384,0,0,0,0.25,0,0.2,0.142857,1
1155,97594,0,2,2384,0,0,0,0.25,0,0.2,0.142857,1
1156,97596,0,1,2385,0,1,1,0.25,0,0.2,0.142857,1
1157,97596,0,1,2385,0,0,0,0.25,0,0.2,0.142857,1
1158,97597,0,0,2386,0,1,0,0.25,0,0.2,0.142857,1
1159,97601,0,0,2385,0,0,0,0.25,0,0.2,0.142857,1
1160,97603,0,0,2385,0,0,0,0.25,0,0.2,0.142857,1
1161,97603,0,0,2385,0,0,0,0.25,0,0.2,0.142857,1
1162,97605,0,0,2385,0,0,0,0.25,0,0.2,0.142857,1
1163,97607,0,1,2384,0,0,0,0.25,0,0.2,0.142857,1
1164,97608,0,0,2385,0,1,1,0.25,0,0.2,0.142857,1
1165,97610,0,0,2385,0,0,0,0.25,0,0.2,0.142857,1
1166,97612,0,0,2385,0,0,0,0.25,0,0.2,0.142857,1
1167,97612,0,0,2385,0,0,0,0.25,0,0.2,0.142857,1
1168,97608,0,0,2385,0,0,0,0.25,0,0.2,0.142857,1
1169,97606,1,0,2385,0,0,0,0.25,0,0.2,0.142857,1
1170,97605,1,0,2385,0,0,0,0.25,0,0.2,0.142857,1
1171,97599,2,0,2385,0,0,0,0.25,0,0.2,0.142857,1
1172,97595,2,1,2385,0,0,0,0.25,0,0.2,0.142857,1
1173,97598,2,1,2384,0,0,0,0.25,0,0.2,0.142857,1
1174,97605,1,2,2384,0,0,0,0.25,0,0.2,0.142857,1
1175,97604,1,2,2384,0,0,0,0.25,0,0.2,0.142857,1
1176,97605,1,2,2384,0,0,0,0.25,0,0.2,0.142857,1
1177,97606,1,2,2384,0,0,0,0.25,0,0.2,0.142857,1
1178,97603,1,2,2384,0,0,0,0.25,0,0.2,0.142857,1
1179,97603,1,2,2384,0,0,0,0.25,0,0.2,0.142857,1
1180,97600,2,2,2384,0,0,0,0.25,0,0.2,0.142857,1
1181,97602,2,2,2384,0,0,0,0.25,0,0.2,0.142857,1
1182,97605,1,2,2385,0,1,0,0.25,0,0.2,0.142857,1
1183,97600,1,1,2386,0,1,0,0.25,0,0.2,0.142857,1
1184,97597,1,1,2385,0,0,0,0.25,0,0.2,0.142857,1
1185,97598,1,0,2386,0,1,0,0.25,0,0.2,0.142857,1
1186,97599,1,0,2386,0,0,0,0.25,0,0.2,0.142857,1
1187,97597,2,0,2386,0,0,0,0.25,0,0.2,0.142857,1
1188,97598,2,0,2386,0,0,0,0.25,0,0.2,0.142857,1
1189,97595,1,1,2386,0,0,0,0.25,0,0.2,0.142857,1
1190,97596,1,0,2387,0,1,0,0.25,0,0.2,0.142857,1
1191,97599,1,0,2387,0,0,0,0.25,0,0.2,0.142857,1
1192,97599,1,0,2387,0,0,0,0.25,0,0.2,0.142857,1
1193,97599,1,0,2387,0,0,0,0.25,0,0.2,0.142857,1
1194,97597,2,0,2387,0,0,0,0.25,0,0.2,0.142857,1
1195,97599,2,0,2387,0,0,0,0.25,0,0.2,0.142857,1
1196,97603,2,0,2387,0,0,0,0.25,0,0.2,0.142857,1
1197,97606,3,0,2387,0,0,0,0.25,0,0.2,0.142857,1
1198,97608,2,2,2387,0,0,0,0.25,0,0.2,0.142857,1
1199,97610,2,2,2387,0,0,0,0.25,0,0.2,0.142857,1
1200,97609,2,2,2387,0,0,0,0.25,0,0.2,0.142857,1
1201,97610,2,2,2387,0,0,0,0.25,0,0.2,0.142857,1
1202,97609,2,1,2388,0,1,0,0.25,0,0.2,0.142857,1
1203,97606,2,1,2388,0,0,0,0.25,0,0.2,0.142857,1
1204,97609,2,1,2388,0,0,0,0.25,0,0.2,0.142857,1
1205,97609,2,1,2388,0,0,0,0.25,0,0.2,0.142857,1
1206,97609,2,1,2388,0,0,0,0.25,0,0.2,0.142857,1
1207,97613,1,2,2388,0,0,0,0.25,0,0.2,0.142857,1
1208,97615,1,1,2389,0,1,0,0.25,0,0.2,0.142857,1
1209,97617,1,1,2388,0,0,0,0.25,0,0.2,0.142857,1
1210,97619,1,1,2388,0,0,0,0.25,0,0.2,0.142857,1
1211,97620,2,1,2388,0,0,0,0.25,0,0.2,0.142857,1
1212,97618,1,2,2388,0,0,0,0.25,0,0.2,0.142857,1
1213,97618,1,1,2389,0,1,0,0.25,0,0.2,0.142857,1
1214,97618,1,1,2389,0,0,0,0.25,0,0.2,0.142857,1
1215,97623,1,1,2389,0,0,0,0.25,0,0.2,0.142857,1
1216,97623,1,1,2389,0,0,0,0.25,0,0.2,0.142857,1
1217,97621,1,1,2389,0,0,0,0.25,0,0.2,0.142857,1
1218,97622,1,1,2389,0,0,0,0.25,0,0.2,0.142857,1
1219,97624,1,1,2389,0,0,0,0.25,0,0.2,0.142857,1
1220,97620,2,1,2389,0,0,0,0.25,0,0.2,0.142857,1
1221,97623,2,1,2389,0,0,0,0.25,0,0.2,0.142857,1
1222,97630,1,2,2389,0,0,0,0.25,0,0.2,0.142857,1
1223,97632,1,1,2390,0,1,0,0.25,0,0.2,0.142857,1
1224,97632,1,1,2390,0,0,0,0.25,0,0.2,0.142857,1
1225,97631,1,1,2389,0,0,0,0.25,0,0.2,0.142857,1
1226,97636,1,0,2390,0,1,0,0.25,0,0.2,0.142857,1
1227,97631,1,0,2390,0,0,0,0.25,0,0.2,0.142857,1
1228,97631,2,0,2390,0,0,0,0.25,0,0.2,0.142857,1
1229,97628,2,0,2390,0,0,0,0.25,0,0.2,0.142857,1
1230,97630,2,0,2390,0,0,0,0.25,0,0.2,0.142857,1
1231,97631,2,0,2390,0,0,0,0.25,0,0.2,0.142857,1
1232,97632,1,1,2390,0,0,0,0.25,0,0.2,0.142857,1
1233,97633,1,0,2391,0,1,0,0.25,0,0.2,0.142857,1
1234,97634,1,0,2390,0,0,0,0.25,0,0.2,0.142857,1
1235,97636,1,0,2390,0,0,0,0.25,0,0.2,0.142857,1
1236,97637,0,1,2390,0,0,0,0.25,0,0.2,0.142857,1
1237,97637,0,1,2390,0,0,0,0.25,0,0.2,0.142857,1
1238,97637,1,1,2390,0,0,0,0.25,0,0.2,0.142857,1
1239,97636,1,1,2390,0,0,0,0.25,0,0.2,0.142857,1
1240,97635,2,1,2390,0,0,0,0.25,0,0.2,0.142857,1
1241,97637,2,1,2390,0,0,0,0.25,0,0.2,0.142857,1
1242,97642,2,2,2390,0,0,0,0.25,0,0.2,0.142857,1
1243,97637,2,2,2390,0,0,0,0.25,0,0.2,0.142857,1
1244,97634,4,2,2390,0,0,0,0.25,0,0.2,0.142857,1
1245,97634,3,2,2391,0,1,0,0.25,0,0.2,0.142857,1
1246,97633,3,2,2391,0,0,0,0.25,0,0.2,0.142857,1
1247,97635,3,2,2391,0,0,0,0.25,0,0.2,0.142857,1
1248,97635,3,2,2391,0,0,0,0.25,0,0.2,0.142857,1
1249,97635,3,2,2391,0,0,0,0.25,0,0.2,0.142857,1
1250,97637,1,3,2392,0,1,0,0.25,0,0.2,0.142857,1
1251,97632,2,3,2392,0,0,0,0.25,0,0.2,0.142857,1
1252,97637,1,2,2394,0,2,0,0.25,0,0.2,0.142857,1
1253,97636,1,2,2394,0,0,0,0.25,0,0.2,0.142857,1
1254,97636,1,2,2393,0,0,0,0.25,0,0.2,0.142857,1
1255,97632,0,3,2393,0,0,0,0.25,0,0.2,0.142857,1
1256,97624,0,3,2393,0,0,0,0.25,0,0.2,0.142857,1
1257,97624,0,1,2395,0,2,0,0.25,0,0.2,0.142857,1
1258,97619,0,1,2395,0,0,0,0.25,0,0.2,0.142857,1
1259,97615,0,1,2395,0,0,0,0.25,0,0.2,0.142857,1
1260,97616,0,1,2395,0,0,0,0.25,0,0.2,0.142857,1
1261,97615,1,1,2395,0,0,0,0.25,0,0.2,0.142857,1
1262,97616,1,1,2394,0,0,0,0.25,0,0.2,0.142857,1
1263,97614,2,1,2394,0,0,0,0.25,0,0.2,0.142857,1
1264,97618,2,1,2394,0,0,0,0.25,0,0.2,0.142857,1
1265,97619,2,1,2394,0,0,0,0.25,0,0.2,0.142857,1
1266,97615,2,1,2394,0,0,0,0.25,0,0.2,0.142857,1
1267,97612,2,1,2394,0,0,0,0.25,0,0.2,0.142857,1
1268,97611,2,1,2394,0,0,0,0.25,0,0.2,0.142857,1
1269,97604,2,1,2394,0,0,0,0.25,0,0.2,0.142857,1
1270,97603,2,1,2394,0,0,0,0.25,0,0.2,0.142857,1
1271,97605,2,0,2395,0,1,0,0.25,0,0.2,0.142857,1
1272,97599,3,0,2395,0,0,0,0.25,0,0.2,0.142857,1
1273,97607,2,1,2395,0,0,0,0.25,0,0.2,0.142857,1
1274,97610,2,1,2395,0,0,0,0.25,0,0.2,0.142857,1
1275,97614,1,2,2395,0,0,0,0.25,0,0.2,0.142857,1
1276,97615,1,2,2395,0,0,0,0.25,0,0.2,0.142857,1
1277,97614,1,1,2396,0,1,0,0.25,0,0.2,0.142857,1
1278,97617,1,1,2396,0,0,0,0.25,0,0.2,0.142857,1
1279,97619,1,1,2396,0,0,0,0.25,0,0.2,0.142857,1
1280,97619,1,1,2396,0,0,0,0.25,0,0.2,0.142857,1
1281,97622,1,0,2397,0,1,0,0.25,0,0.2,0.142857,1
1282,97625,1,0,2397,0,0,0,0.25,0,0.2,0.142857,1
1283,97626,1,0,2397,0,0,0,0.25,0,0.2,0.142857,1
1284,97626,1,0,2397,0,0,0,0.25,0,0.2,0.142857,1
1285,97622,2,0,2397,0,0,0,0.25,0,0.2,0.142857,1
1286,97624,2,0,2397,0,0,0,0.25,0,0.2,0.142857,1
1287,97624,2,0,2397,0,0,0,0.25,0,0.2,0.142857,1
1288,97622,2,0,2397,0,0,0,0.25,0,0.2,0.142857,1
1289,97624,2,0,2397,0,0,0,0.25,0,0.2,0.142857,1
1290,97621,2,0,2396,0,0,0,0.25,0,0.2,0.142857,1
1291,97621,2,0,2396,0,0,0,0.25,0,0.2,0.142857,1
1292,97618,2,0,2396,0,0,0,0.25,0,0.2,0.142857,1
1293,97615,4,0,2396,0,0,0,0.25,0,0.2,0.142857,1
1294,97615,4,0,2396,0,0,0,0.25,0,0.2,0.142857,1
1295,97613,4,0,2396,0,0,0,0.25,0,0.2,0.142857,1
1296,97613,3,1,2396,0,0,0,0.25,0,0.2,0.142857,1
1297,97610,4,0,2397,0,1,0,0.25,0,0.2,0.142857,1
1298,97609,4,0,2397,0,0,0,0.25,0,0.2,0.142857,1
1299,97608,5,0,2396,0,0,0,0.25,0,0.2,0.142857,1
1300,97609,5,0,2396,0,0,0,0.25,0,0.2,0.142857,1
1301,97604,4,1,2395,0,0,0,0.25,0,0.2,0.142857,1
1302,97605,2,3,2395,0,0,0,0.25,0,0.2,0.142857,1
1303,97603,3,3,2395,0,0,0,0.25,0,0.2,0.142857,1
1304,97602,3,2,2397,0,2,0,0.25,0,0.2,0.142857,1
1305,97601,3,1,2398,0,1,1,0.25,0,0.2,0.142857,1
1306,97599,2,1,2399,0,1,0,0.25,0,0.2,0.142857,1
1307,97606,2,1,2399,0,0,0,0.25,0,0.2,0.142857,1
1308,97603,2,1,2399,0,0,0,0.25,0,0.2,0.142857,1
1309,97599,3,1,2399,0,0,0,0.25,0,0.2,0.142857,1
1310,97601,3,1,2399,0,0,0,0.25,0,0.2,0.142857,1
1311,97598,2,2,2399,0,0,0,0.25,0,0.2,0.142857,1
1312,97595,3,2,2399,0,0,0,0.25,0,0.2,0.142857,1
1313,97594,3,1,2400,0,1,0,0.25,0,0.2,0.142857,1
1314,97593,3,1,2400,0,0,0,0.25,0,0.2,0.142857,1
1315,97591,5,1,2400,0,0,0,0.25,0,0.2,0.142857,1
1316,97595,5,1,2400,0,0,0,0.25,0,0.2,0.142857,1
1317,97598,5,1,2399,0,0,0,0.25,0,0.2,0.142857,1
1318,97599,5,1,2399,0,0,0,0.25,0,0.2,0.142857,1
1319,97606,5,1,2399,0,0,0,0.25,0,0.2,0.142857,1
1320,97607,5,1,2399,0,0,0,0.25,0,0.2,0.142857,1
1321,97606,5,1,2399,0,0,0,0.25,0,0.2,0.142857,1
1322,97607,5,0,2400,0,1,0,0.25,0,0.2,0.142857,1
1323,97606,5,0,2400,0,0,0,0.25,0,0.2,0.142857,1
1324,97613,4,1,2400,0,0,0,0.25,0,0.2,0.142857,1
1325,97612,3,2,2400,0,0,0,0.25,0,0.2,0.142857,1
1326,97610,3,2,2400,0,0,0,0.25,0,0.2,0.142857,1
1327,97613,2,3,2400,0,0,0,0.25,0,0.2,0.142857,1
1328,97615,2,2,2401,0,1,0,0.25,0,0.2,0.142857,1
1329,97614,3,2,2401,0,0,0,0.25,0,0.2,0.142857,1
1330,97612,2,2,2402,0,1,1,0.25,0,0.2,0.142857,1
1331,97612,3,2,2402,0,0,0,0.25,0,0.2,0.142857,1
1332,97612,3,1,2403,0,1,0,0.25,0,0.2,0.142857,1
1333,97607,3,1,2403,0,0,0,0.25,0,0.2,0.142857,1
1334,97612,3,1,2403,0,0,0,0.25,0,0.2,0.142857,1
1335,97612,3,1,2403,0,0,0,0.25,0,0.2,0.142857,1
1336,97615,3,0,2404,0,1,0,0.25,0,0.2,0.142857,1
1337,97618,3,0,2404,0,0,0,0.25,0,0.2,0.142857,1
1338,97610,1,2,2404,0,0,0,0.25,0,0.2,0.142857,1
1339,97611,1,2,2404,0,0,0,0.25,0,0.2,0.142857,1
1340,97613,1,1,2405,0,1,0,0.25,0,0.2,0.142857,1
1341,97615,1,1,2405,0,0,0,0.25,0,0.2,0.142857,1
1342,97615,1,1,2405,0,0,0,0.25,0,0.2,0.142857,1
1343,97614,1,1,2405,0,0,0,0.25,0,0.2,0.142857,1
1344,97617,1,1,2405,0,0,0,0.25,0,0.2,0.142857,1
1345,97615,1,0,2406,0,1,0,0.25,0,0.2,0.142857,1
1346,97619,1,0,2406,0,0,0,0.25,0,0.2,0.142857,1
1347,97617,1,0,2406,0,0,0,0.25,0,0.2,0.142857,1
1348,97617,1,0,2406,0,0,0,0.25,0,0.2,0.142857,1
1349,97620,1,0,2406,0,0,0,0.25,0,0.2,0.142857,1
1350,97625,1,0,2406,0,0,0,0.25,0,0.2,0.142857,1
1351,97627,0,1,2406,0,0,0,0.25,0,0.2,0.142857,1
1352,97625,0,1,2406,0,0,0,0.25,0,0.2,0.142857,1
1353,97627,0,1,2406,0,0,0,0.25,0,0.2,0.142857,1
1354,97627,1,0,2407,0,1,3,0.25,0,0.2,0.142857,1
1355,97629,1,0,2407,0,0,0,0.25,0,0.2,0.142857,1
1356,97633,1,0,2406,0,0,0,0.25,0,0.2,0.142857,1
1357,97633,1,0,2405,0,0,0,0.25,0,0.2,0.142857,1
1358,97631,1,0,2404,0,0,0,0.25,0,0.2,0.142857,1
1359,97634,1,1,2404,0,0,0,0.25,0,0.2,0.142857,1
1360,97635,2,1,2404,0,0,0,0.25,0,0.2,0.142857,1
1361,97637,2,1,2405,0,1,0,0.25,0,0.2,0.142857,1
1362,97637,2,1,2405,0,0,0,0.25,0,0.2,0.142857,1
1363,97641,3,0,2406,0,1,0,0.25,0,0.2,0.142857,1
1364,97643,3,0,2406,0,0,0,0.25,0,0.2,0.142857,1
1365,97640,3,0,2406,0,0,0,0.25,0,0.2,0.142857,1
1366,97637,2,1,2406,0,0,0,0.25,0,0.2,0.142857,1
1367,97637,1,1,2407,0,1,0,0.25,0,0.2,0.142857,1
1368,97633,0,2,2407,0,0,0,0.25,0,0.2,0.142857,1
1369,97628,1,2,2407,0,0,0,0.25,0,0.2,0.142857,1
1370,97624,1,2,2407,0,0,0,0.25,0,0.2,0.142857,1
1371,97624,2,2,2407,0,0,0,0.25,0,0.2,0.142857,1
1372,97623,2,1,2408,0,1,0,0.25,0,0.2,0.142857,1
1373,97620,2,0,2409,0,1,0,0.25,0,0.2,0.142857,1
1374,97619,2,0,2409,0,0,0,0.25,0,0.2,0.142857,1
1375,97617,2,0,2409,0,0,0,0.25,0,0.2,0.142857,1
1376,97617,2,0,2409,0,0,0,0.25,0,0.2,0.142857,1
1377,97615,1,3,2408,0,0,0,0.25,0,0.2,0.142857,1
1378,97612,2,3,2407,0,0,0,0.25,0,0.2,0.142857,1
1379,97612,2,3,2407,0,0,0,0.25,0,0.2,0.142857,1
1380,97608,2,3,2407,0,0,0,0.25,0,0.2,0.142857,1
1381,97611,2,3,2407,0,0,0,0.25,0,0.2,0.142857,1
1382,97612,2,2,2407,0,1,1,0.25,0,0.2,0.142857,1
1383,97611,2,1,2408,0,1,1,0.25,0,0.2,0.142857,1
1384,97614,2,1,2408,0,0,0,0.25,0,0.2,0.142857,1
1385,97614,2,1,2408,0,0,0,0.25,0,0.2,0.142857,1
1386,97613,2,1,2408,0,0,0,0.25,0,0.2,0.142857,1
1387,97618,2,1,2408,0,0,0,0.25,0,0.2,0.142857,1
1388,97618,2,1,2408,0,0,0,0.25,0,0.2,0.142857,1
1389,97614,2,1,2408,0,0,0,0.25,0,0.2,0.142857,1
1390,97614,4,1,2408,0,0,0,0.25,0,0.2,0.142857,1
1391,97613,2,3,2407,0,0,0,0.25,0,0.2,0.142857,1
1392,97615,2,3,2407,0,0,0,0.25,0,0.2,0.142857,1
1393,97617,1,4,2407,0,0,0,0.25,0,0.2,0.142857,1
1394,97620,1,4,2407,0,0,0,0.25,0,0.2,0.142857,1
1395,97624,1,3,2408,0,1,0,0.25,0,0.2,0.142857,1
1396,97627,0,3,2409,0,1,0,0.25,0,0.2,0.142857,1
1397,97628,0,3,2409,0,0,0,0.25,0,0.2,0.142857,1
1398,97626,0,3,2409,0,0,0,0.25,0,0.2,0.142857,1
1399,97627,0,3,2409,0,0,0,0.25,0,0.2,0.142857,1
1400,97626,0,3,2409,0,0,0,0.25,0,0.2,0.142857,1
1401,97623,0,3,2409,0,0,0,0.25,0,0.2,0.142857,1
1402,97628,0,3,2409,0,0,0,0.25,0,0.2,0.142857,1
1403,97627,1,2,2410,0,1,1,0.25,0,0.2,0.142857,1
1404,97627,1,2,2410,0,0,0,0.25,0,0.2,0.142857,1
1405,97629,1,2,2410,0,0,0,0.25,0,0.2,0.142857,1
1406,97625,1,0,2412,0,2,1,0.25,0,0.2,0.142857,1
1407,97621,1,0,2412,0,0,0,0.25,0,0.2,0.142857,1
1408,97622,1,0,2412,0,0,0,0.25,0,0.2,0.142857,1
1409,97622,1,0,2412,0,0,0,0.25,0,0.2,0.142857,1
1410,97620,1,0,2412,0,0,0,0.25,0,0.2,0.142857,1
1411,97623,1,0,2412,0,0,0,0.25,0,0.2,0.142857,1
1412,97626,1,0,2412,0,0,0,0.25,0,0.2,0.142857,1
1413,97622,2,0,2412,0,0,0,0.25,0,0.2,0.142857,1
1414,97618,2,0,2412,0,0,0,0.25,0,0.2,0.142857,1
1415,97618,2,0,2412,0,0,0,0.25,0,0.2,0.142857,1
1416,97621,1,1,2412,0,0,0,0.25,0,0.2,0.142857,1
1417,97619,1,1,2412,0,0,0,0.25,0,0.2,0.142857,1
1418,97618,0,2,2412,0,0,0,0.25,0,0.2,0.142857,1
1419,97615,0,2,2412,0,0,0,0.25,0,0.2,0.142857,1
1420,97618,0,2,2411,0,0,0,0.25,0,0.2,0.142857,1
1421,97615,0,2,2410,0,0,0,0.25,0,0.2,0.142857,1
1422,97620,0,1,2411,0,1,1,0.25,0,0.2,0.142857,1
1423,97618,1,1,2411,0,0,0,0.25,0,0.2,0.142857,1
1424,97618,0,2,2412,0,1,0,0.25,0,0.2,0.142857,1
1425,97617,1,2,2412,0,0,0,0.25,0,0.2,0.142857,1
1426,97617,1,1,2413,0,1,0,0.25,0,0.2,0.142857,1
1427,97615,1,1,2413,0,0,0,0.25,0,0.2,0.142857,1
1428,97618,1,1,2413,0,0,0,0.25,0,0.2,0.142857,1
1429,97625,1,1,2413,0,0,0,0.25,0,0.2,0.142857,1
1430,97627,0,1,2414,0,1,0,0.25,0,0.2,0.142857,1
1431,97626,0,1,2414,0,0,0,0.25,0,0.2,0.142857,1
1432,97623,0,1,2414,0,0,0,0.25,0,0.2,0.142857,1
1433,97621,0,1,2414,0,0,0,0.25,0,0.2,0.142857,1
1434,97615,1,1,2414,0,0,0,0.25,0,0.2,0.142857,1
1435,97616,1,1,2414,0,0,0,0.25,0,0.2,0.142857,1
1436,97615,1,1,2412,0,0,0,0.25,0,0.2,0.142857,1
1437,97619,1,1,2412,0,0,0,0.25,0,0.2,0.142857,1
1438,97619,1,1,2411,0,0,0,0.25,0,0.2,0.142857,1
1439,97621,1,1,2410,0,0,0,0.25,0,0.2,0.142857,1
1440,97625,1,1,2410,0,0,0,0.25,0,0.2,0.142857,1
1441,97619,1,0,2411,0,1,0,0.25,0,0.2,0.142857,1
1442,97618,1,0,2411,0,0,0,0.25,0,0.2,0.142857,1
1443,97616,1,0,2411,0,0,0,0.25,0,0.2,0.142857,1
1444,97621,1,0,2411,0,0,0,0.25,0,0.2,0.142857,1
1445,97619,1,0,2411,0,0,0,0.25,0,0.2,0.142857,1
1446,97613,0,1,2411,0,0,0,0.25,0,0.2,0.142857,1
1447,97609,0,1,2411,0,0,0,0.25,0,0.2,0.142857,1
1448,97612,0,0,2412,0,1,0,0.25,0,0.2,0.142857,1
1449,97613,0,0,2412,0,0,0,0.25,0,0.2,0.142857,1
1450,97611,0,0,2412,0,0,0,0.25,0,0.2,0.142857,1
1451,97612,0,0,2412,0,0,0,0.25,0,0.2,0.142857,1
1452,97609,0,0,2412,0,0,0,0.25,0,0.2,0.142857,1
1453,97608,0,0,2412,0,0,0,0.25,0,0.2,0.142857,1
1454,97607,0,0,2412,0,0,0,0.25,0,0.2,0.142857,1
1455,97604,0,0,2411,0,0,0,0.25,0,0.2,0.142857,1
1456,97605,0,0,2411,0,0,0,0.25,0,0.2,0.142857,1
1457,97604,0,0,2411,0,0,0,0.25,0,0.2,0.142857,1
1458,97603,1,0,2411,0,0,0,0.25,0,0.2,0.142857,1
1459,97603,1,0,2411,0,0,0,0.25,0,0.2,0.142857,1
1460,97604,1,0,2411,0,0,0,0.25,0,0.2,0.142857,1
1461,97600,1,0,2411,0,0,0,0.25,0,0.2,0.142857,1
1462,97601,2,0,2411,0,0,0,0.25,0,0.2,0.142857,1
1463,97600,2,0,2411,0,0,0,0.25,0,0.2,0.142857,1
1464,97601,2,0,2411,0,0,0,0.25,0,0.2,0.142857,1
1465,97600,2,0,2411,0,0,0,0.25,0,0.2,0.142857,1
1466,97598,2,0,2411,0,0,0,0.25,0,0.2,0.142857,1
1467,97597,2,0,2411,0,0,0,0.25,0,0.2,0.142857,1
1468,97598,2,0,2411,0,0,0,0.25,0,0.2,0.142857,1
1469,97597,3,0,2411,0,0,0,0.25,0,0.2,0.142857,1
1470,97592,4,1,2411,0,0,0,0.25,0,0.2,0.142857,1
1471,97589,4,1,2411,0,0,0,0.25,0,0.2,0.142857,1
1472,97592,3,2,2411,0,0,0,0.25,0,0.2,0.142857,1
1473,97592,3,3,2411,0,0,0,0.25,0,0.2,0.142857,1
1474,97592,3,1,2413,0,2,0,0.25,0,0.2,0.142857,1
1475,97591,3,0,2414,0,1,0,0.25,0,0.2,0.142857,1
1476,97596,1,2,2414,0,0,0,0.25,0,0.2,0.142857,1
1477,97593,1,1,2415,0,1,0,0.25,0,0.2,0.142857,1
1478,97591,0,2,2414,0,0,0,0.25,0,0.2,0.142857,1
1479,97590,0,2,2414,0,0,0,0.25,0,0.2,0.142857,1
1480,97585,1,2,2414,0,0,0,0.25,0,0.2,0.142857,1
1481,97582,2,2,2415,0,1,0,0.25,0,0.2,0.142857,1
1482,97588,1,3,2415,0,0,0,0.25,0,0.2,0.142857,1
1483,97589,2,3,2415,0,0,0,0.25,0,0.2,0.142857,1
1484,97590,2,3,2415,0,0,0,0.25,0,0.2,0.142857,1
1485,97589,2,3,2415,0,0,0,0.25,0,0.2,0.142857,1
1486,97586,3,3,2415,0,0,0,0.25,0,0.2,0.142857,1
1487,97586,3,2,2416,0,1,0,0.25,0,0.2,0.142857,1
1488,97589,3,2,2416,0,0,0,0.25,0,0.2,0.142857,1
1489,97588,3,2,2416,0,0,0,0.25,0,0.2,0.142857,1
1490,97587,3,2,2415,0,0,0,0.25,0,0.2,0.142857,1
1491,97591,2,3,2415,0,0,0,0.25,0,0.2,0.142857,1
1492,97591,1,4,2415,0,0,0,0.25,0,0.2,0.142857,1
1493,97589,1,4,2415,0,0,0,0.25,0,0.2,0.142857,1
1494,97587,1,3,2416,0,1,0,0.25,0,0.2,0.142857,1
1495,97585,1,3,2416,0,0,0,0.25,0,0.2,0.142857,1
1496,97583,1,2,2417,0,1,0,0.25,0,0.2,0.142857,1
1497,97581,2,2,2417,0,0,0,0.25,0,0.2,0.142857,1
1498,97578,3,2,2417,0,0,0,0.25,0,0.2,0.142857,1
1499,97580,3,2,2417,0,0,0,0.25,0,0.2,0.142857,1
1500,97582,3,1,2418,0,1,0,0.25,0,0.2,0.142857,1
1501,97581,3,0,2419,0,1,0,0.25,0,0.2,0.142857,1
1502,97585,3,0,2419,0,0,0,0.25,0,0.2,0.142857,1
1503,97584,3,0,2419,0,0,0,0.25,0,0.2,0.142857,1
1504,97584,3,0,2418,0,0,0,0.25,0,0.2,0.142857,1
1505,97587,3,0,2418,0,0,0,0.25,0,0.2,0.142857,1
1506,97587,3,0,2418,0,0,0,0.25,0,0.2,0.142857,1
1507,97588,2,0,2419,0,1,0,0.25,0,0.2,0.142857,1
1508,97586,2,0,2419,0,0,0,0.25,0,0.2,0.142857,1
1509,97589,1,0,2420,0,1,0,0.25,0,0.2,0.142857,1
1510,97594,1,0,2420,0,0,0,0.25,0,0.2,0.142857,1
1511,97594,1,0,2419,0,0,0,0.25,0,0.2,0.142857,1
1512,97593,1,0,2419,0,0,0,0.25,0,0.2,0.142857,1
1513,97593,0,1,2419,0,0,0,0.25,0,0.2,0.142857,1
1514,97593,0,1,2419,0,0,0,0.25,0,0.2,0.142857,1
1515,97594,0,0,2420,0,1,0,0.25,0,0.2,0.142857,1
1516,97596,0,0,2420,0,0,0,0.25,0,0.2,0.142857,1
1517,97598,0,0,2419,0,0,0,0.25,0,0.2,0.142857,1
1518,97595,0,0,2419,0,0,0,0.25,0,0.2,0.142857,1
1519,97600,0,0,2419,0,0,0,0.25,0,0.2,0.142857,1
1520,97595,0,0,2419,0,0,0,0.25,0,0.2,0.142857,1
1521,97597,0,0,2419,0,0,0,0.25,0,0.2,0.142857,1
1522,97598,0,0,2419,0,0,0,0.25,0,0.2,0.142857,1
1523,97601,0,0,2419,0,0,0,0.25,0,0.2,0.142857,1
1524,97600,0,0,2419,0,0,0,0.25,0,0.2,0.142857,1
1525,97601,0,0,2419,0,0,0,0.25,0,0.2,0.142857,1
1526,97603,0,0,2419,0,0,0,0.25,0,0.2,0.142857,1
1527,97600,0,0,2419,0,0,0,0.25,0,0.2,0.142857,1
1528,97599,0,0,2419,0,0,0,0.25,0,0.2,0.142857,1
1529,97601,0,0,2419,0,0,0,0.25,0,0.2,0.142857,1
1530,97608,0,0,2419,0,0,0,0.25,0,0.2,0.142857,1
1531,97606,0,0,2418,0,0,0,0.25,0,0.2,0.142857,1
1532,97603,0,0,2418,0,0,0,0.25,0,0.2,0.142857,1
1533,97599,0,0,2418,0,0,0,0.25,0,0.2,0.142857,1
1534,97599,0,0,2417,0,0,0,0.25,0,0.2,0.142857,1
1535,97599,0,0,2417,0,0,0,0.25,0,0.2,0.142857,1
1536,97600,0,0,2417,0,0,0,0.25,0,0.2,0.142857,1
1537,97601,0,0,2417,0,0,0,0.25,0,0.2,0.142857,1
1538,97602,0,0,2417,0,0,0,0.25,0,0.2,0.142857,1
1539,97600,2,0,2417,0,0,0,0.25,0,0.2,0.142857,1
1540,97605,2,0,2417,0,0,0,0.25,0,0.2,0.142857,1
1541,97609,2,0,2417,0,0,0,0.25,0,0.2,0.142857,1
1542,97608,1,1,2417,0,0,0,0.25,0,0.2,0.142857,1
1543,97610,1,1,2417,0,0,0,0.25,0,0.2,0.142857,1
1544,97613,1,1,2417,0,0,0,0.25,0,0.2,0.142857,1
1545,97608,1,0,2418,0,1,0,0.25,0,0.2,0.142857,1
1546,97606,1,0,2418,0,0,0,0.25,0,0.2,0.142857,1
1547,97606,1,0,2418,0,0,0,0.25,0,0.2,0.142857,1
1548,97607,1,0,2418,0,0,0,0.25,0,0.2,0.142857,1
1549,97606,2,0,2418,0,0,0,0.25,0,0.2,0.142857,1
1550,97609,2,1,2418,0,0,0,0.25,0,0.2,0.142857,1
1551,97610,2,1,2418,0,0,0,0.25,0,0.2,0.142857,1
1552,97608,2,1,2417,0,0,0,0.25,0,0.2,0.142857,1
1553,97608,2,1,2417,0,0,0,0.25,0,0.2,0.142857,1
1554,97606,1,2,2417,0,0,0,0.25,0,0.2,0.142857,1
1555,97606,1,2,2417,0,0,0,0.25,0,0.2,0.142857,1
1556,97602,1,2,2417,0,0,0,0.25,0,0.2,0.142857,1
1557,97602,1,2,2417,0,0,0,0.25,0,0.2,0.142857,1
1558,97602,0,3,2417,0,0,0,0.25,0,0.2,0.142857,1
1559,97600,0,1,2419,0,2,1,0.25,0,0.2,0.142857,1
1560,97599,0,1,2419,0,0,0,0.25,0,0.2,0.142857,1
1561,97597,0,1,2419,0,0,0,0.25,0,0.2,0.142857,1
1562,97596,1,1,2419,0,0,0,0.25,0,0.2,0.142857,1
1563,97596,1,1,2419,0,0,0,0.25,0,0.2,0.142857,1
1564,97595,1,1,2419,0,0,0,0.25,0,0.2,0.142857,1
1565,97593,2,1,2418,0,0,0,0.25,0,0.2,0.142857,1
1566,97595,1,2,2418,0,0,0,0.25,0,0.2,0.142857,1
1567,97595,2,2,2417,0,0,0,0.25,0,0.2,0.142857,1
1568,97594,1,3,2417,0,0,0,0.25,0,0.2,0.142857,1
1569,97588,1,3,2417,0,0,0,0.25,0,0.2,0.142857,1
1570,97588,1,2,2417,0,1,0,0.25,0,0.2,0.142857,1
1571,97589,1,2,2417,0,0,0,0.25,0,0.2,0.142857,1
1572,97590,1,2,2417,0,0,0,0.25,0,0.2,0.142857,1
1573,97587,0,2,2418,0,1,1,0.25,0,0.2,0.142857,1
1574,97586,0,2,2418,0,0,0,0.25,0,0.2,0.142857,1
1575,97584,2,2,2418,0,0,0,0.25,0,0.2,0.142857,1
1576,97582,1,3,2418,0,0,0,0.25,0,0.2,0.142857,1
1577,97579,1,2,2419,0,1,0,0.25,0,0.2,0.142857,1
1578,97583,1,2,2419,0,0,0,0.25,0,0.2,0.142857,1
1579,97581,1,2,2419,0,0,0,0.25,0,0.2,0.142857,1
1580,97587,1,2,2419,0,0,0,0.25,0,0.2,0.142857,1
1581,97585,1,2,2419,0,0,0,0.25,0,0.2,0.142857,1
1582,97586,1,0,2421,0,2,1,0.25,0,0.2,0.142857,1
1583,97585,0,1,2421,0,0,0,0.25,0,0.2,0.142857,1
1584,97589,0,1,2421,0,0,0,0.25,0,0.2,0.142857,1
1585,97589,0,1,2421,0,0,0,0.25,0,0.2,0.142857,1
1586,97586,0,1,2421,0,0,0,0.25,0,0.2,0.142857,1
1587,97588,0,1,2421,0,0,0,0.25,0,0.2,0.142857,1
1588,97585,0,2,2421,0,0,0,0.25,0,0.2,0.142857,1
1589,97583,0,1,2422,0,1,0,0.25,0,0.2,0.142857,1
1590,97579,3,1,2421,0,0,0,0.25,0,0.2,0.142857,1
1591,97576,3,0,2421,0,1,0,0.25,0,0.2,0.142857,1
1592,97574,3,1,2421,0,0,0,0.25,0,0.2,0.142857,1
1593,97571,3,1,2421,0,0,0,0.25,0,0.2,0.142857,1
1594,97570,3,0,2422,0,1,0,0.25,0,0.2,0.142857,1
1595,97570,2,1,2422,0,0,0,0.25,0,0.2,0.142857,1
1596,97571,2,1,2422,0,0,0,0.25,0,0.2,0.142857,1
1597,97572,2,1,2422,0,0,0,0.25,0,0.2,0.142857,1
1598,97574,2,2,2422,0,0,0,0.25,0,0.2,0.142857,1
1599,97573,1,1,2424,0,2,0,0.25,0,0.2,0.142857,1
1600,97569,1,2,2424,0,0,0,0.25,0,0.2,0.142857,1
1601,97563,2,2,2424,0,0,0,0.25,0,0.2,0.142857,1
1602,97569,2,2,2424,0,0,0,0.25,0,0.2,0.142857,1
1603,97572,2,2,2424,0,0,0,0.25,0,0.2,0.142857,1
1604,97569,3,2,2424,0,0,0,0.25,0,0.2,0.142857,1
1605,97568,3,2,2424,0,0,0,0.25,0,0.2,0.142857,1
1606,97566,2,3,2424,0,0,0,0.25,0,0.2,0.142857,1
1607,97562,2,3,2424,0,0,0,0.25,0,0.2,0.142857,1
1608,97560,2,3,2424,0,0,0,0.25,0,0.2,0.142857,1
1609,97557,2,3,2424,0,0,0,0.25,0,0.2,0.142857,1
1610,97556,1,3,2425,0,1,0,0.25,0,0.2,0.142857,1
1611,97557,2,3,2425,0,0,0,0.25,0,0.2,0.142857,1
1612,97558,1,4,2425,0,0,0,0.25,0,0.2,0.142857,1
1613,97555,2,3,2426,0,1,0,0.25,0,0.2,0.142857,1
1614,97556,2,0,2429,0,3,5,0.25,0,0.2,0.142857,1
1615,97556,2,1,2429,0,0,0,0.25,0,0.2,0.142857,1
1616,97551,1,2,2429,0,0,0,0.25,0,0.2,0.142857,1
1617,97549,1,2,2429,0,0,0,0.25,0,0.2,0.142857,1
1618,97547,1,2,2428,0,0,0,0.25,0,0.2,0.142857,1
1619,97547,1,2,2427,0,0,0,0.25,0,0.2,0.142857,1
1620,97544,1,1,2428,0,1,0,0.25,0,0.2,0.142857,1
1621,97545,1,1,2428,0,0,0,0.25,0,0.2,0.142857,1
1622,97542,1,1,2428,0,0,0,0.25,0,0.2,0.142857,1
1623,97538,1,0,2429,0,1,0,0.25,0,0.2,0.142857,1
1624,97540,2,0,2429,0,0,0,0.25,0,0.2,0.142857,1
1625,97534,2,0,2429,0,0,0,0.25,0,0.2,0.142857,1
1626,97535,2,0,2429,0,0,0,0.25,0,0.2,0.142857,1
1627,97538,2,0,2429,0,0,0,0.25,0,0.2,0.142857,1
1628,97535,1,1,2429,0,0,0,0.25,0,0.2,0.142857,1
1629,97536,2,1,2429,0,0,0,0.25,0,0.2,0.142857,1
1630,97539,2,1,2429,0,0,0,0.25,0,0.2,0.142857,1
1631,97544,2,1,2430,0,1,0,0.25,0,0.2,0.142857,1
1632,97546,2,1,2430,0,0,0,0.25,0,0.2,0.142857,1
1633,97547,2,1,2430,0,0,0,0.25,0,0.2,0.142857,1
1634,97541,2,2,2430,0,0,0,0.25,0,0.2,0.142857,1
1635,97539,1,2,2431,0,1,0,0.25,0,0.2,0.142857,1
1636,97536,2,2,2431,0,0,0,0.25,0,0.2,0.142857,1
1637,97534,3,2,2431,0,0,0,0.25,0,0.2,0.142857,1
1638,97538,2,3,2431,0,0,0,0.25,0,0.2,0.142857,1
1639,97538,2,3,2431,0,0,0,0.25,0,0.2,0.142857,1
1640,97538,2,3,2431,0,0,0,0.25,0,0.2,0.142857,1
1641,97542,2,2,2432,0,1,0,0.25,0,0.2,0.142857,1
1642,97540,3,2,2431,0,0,0,0.25,0,0.2,0.142857,1
1643,97538,3,2,2431,0,0,0,0.25,0,0.2,0.142857,1
1644,97535,2,2,2432,0,1,0,0.25,0,0.2,0.142857,1
1645,97535,2,2,2431,0,0,0,0.25,0,0.2,0.142857,1
1646,97534,2,2,2431,0,0,0,0.25,0,0.2,0.142857,1
1647,97531,2,2,2431,0,0,0,0.25,0,0.2,0.142857,1
1648,97530,1,1,2433,0,2,1,0.25,0,0.2,0.142857,1
1649,97530,1,1,2433,0,0,0,0.25,0,0.2,0.142857,1
1650,97526,1,0,2434,0,1,0,0.25,0,0.2,0.142857,1
1651,97523,1,0,2434,0,0,0,0.25,0,0.2,0.142857,1
1652,97520,0,1,2433,0,0,0,0.25,0,0.2,0.142857,1
1653,97520,0,1,2432,0,0,0,0.25,0,0.2,0.142857,1
1654,97519,0,1,2432,0,0,0,0.25,0,0.2,0.142857,1
1655,97521,0,1,2432,0,0,0,0.25,0,0.2,0.142857,1
1656,97519,0,1,2432,0,0,0,0.25,0,0.2,0.142857,1
1657,97522,0,1,2432,0,0,0,0.25,0,0.2,0.142857,1
1658,97523,0,1,2431,0,0,0,0.25,0,0.2,0.142857,1
1659,97519,0,1,2431,0,0,0,0.25,0,0.2,0.142857,1
1660,97524,0,1,2431,0,0,0,0.25,0,0.2,0.142857,1
1661,97526,1,1,2431,0,0,0,0.25,0,0.2,0.142857,1
1662,97527,1,1,2431,0,0,0,0.25,0,0.2,0.142857,1
1663,97528,1,1,2431,0,0,0,0.25,0,0.2,0.142857,1
1664,97531,1,1,2430,0,0,0,0.25,0,0.2,0.142857,1
1665,97533,1,1,2430,0,0,0,0.25,0,0.2,0.142857,1
1666,97529,1,2,2430,0,0,0,0.25,0,0.2,0.142857,1
1667,97532,1,1,2431,0,1,0,0.25,0,0.2,0.142857,1
1668,97533,1,1,2431,0,0,0,0.25,0,0.2,0.142857,1
1669,97537,1,1,2431,0,0,0,0.25,0,0.2,0.142857,1
1670,97540,1,0,2432,0,1,1,0.25,0,0.2,0.142857,1
1671,97537,2,0,2432,0,0,0,0.25,0,0.2,0.142857,1
1672,97536,2,0,2432,0,0,0,0.25,0,0.2,0.142857,1
1673,97535,2,0,2432,0,0,0,0.25,0,0.2,0.142857,1
1674,97533,1,1,2431,0,0,0,0.25,0,0.2,0.142857,1
1675,97530,2,1,2431,0,0,0,0.25,0,0.2,0.142857,1
1676,97530,3,1,2431,0,0,0,0.25,0,0.2,0.142857,1
1677,97529,3,2,2431,0,0,0,0.25,0,0.2,0.142857,1
1678,97528,3,2,2431,0,0,0,0.25,0,0.2,0.142857,1
1679,97528,3,1,2432,0,1,0,0.25,0,0.2,0.142857,1
1680,97529,3,1,2432,0,0,0,0.25,0,0.2,0.142857,1
1681,97528,3,1,2431,0,0,0,0.25,0,0.2,0.142857,1
1682,97531,4,1,2431,0,0,0,0.25,0,0.2,0.142857,1
1683,97529,3,1,2432,0,1,0,0.25,0,0.2,0.142857,1
1684,97532,4,0,2433,0,1,1,0.25,0,0.2,0.142857,1
1685,97531,4,1,2433,0,0,0,0.25,0,0.2,0.142857,1
1686,97529,5,1,2433,0,0,0,0.25,0,0.2,0.142857,1
1687,97525,5,0,2434,0,1,0,0.25,0,0.2,0.142857,1
1688,97522,5,0,2434,0,0,0,0.25,0,0.2,0.142857,1
1689,97519,5,0,2434,0,0,0,0.25,0,0.2,0.142857,1
1690,97518,5,0,2434,0,0,0,0.25,0,0.2,0.142857,1
1691,97511,5,1,2433,0,0,0,0.25,0,0.2,0.142857,1
1692,97509,6,1,2433,0,0,0,0.25,0,0.2,0.142857,1
1693,97510,5,2,2433,0,0,0,0.25,0,0.2,0.142857,1
1694,97509,6,2,2433,0,0,0,0.25,0,0.2,0.142857,1
1695,97504,6,1,2434,0,1,0,0.25,0,0.2,0.142857,1
1696,97504,6,1,2434,0,0,0,0.25,0,0.2,0.142857,1
1697,97502,5,2,2434,0,0,0,0.25,0,0.2,0.142857,1
1698,97499,6,2,2434,0,0,0,0.25,0,0.2,0.142857,1
1699,97495,6,2,2434,0,0,0,0.25,0,0.2,0.142857,1
1700,97497,6,2,2433,0,0,0,0.25,0,0.2,0.142857,1
1701,97494,6,2,2433,0,0,0,0.25,0,0.2,0.142857,1
1702,97495,7,2,2433,0,0,0,0.25,0,0.2,0.142857,1
1703,97492,8,1,2434,0,1,0,0.25,0,0.2,0.142857,1
1704,97497,8,0,2435,0,1,0,0.25,0,0.2,0.142857,1
1705,97494,10,0,2435,0,0,0,0.25,0,0.2,0.142857,1
1706,97497,10,0,2435,0,0,0,0.25,0,0.2,0.142857,1
1707,97498,8,2,2435,0,0,0,0.25,0,0.2,0.142857,1
1708,97495,8,1,2436,0,1,0,0.25,0,0.2,0.142857,1
1709,97495,7,1,2437,0,1,0,0.25,0,0.2,0.142857,1
1710,97491,5,3,2438,0,1,1,0.25,0,0.2,0.142857,1
1711,97491,5,2,2438,0,1,0,0.25,0,0.2,0.142857,1
1712,97490,3,2,2440,0,2,0,0.25,0,0.2,0.142857,1
1713,97489,4,2,2440,0,0,0,0.25,0,0.2,0.142857,1
1714,97489,4,1,2441,0,1,0,0.25,0,0.2,0.142857,1
1715,97490,4,1,2441,0,0,0,0.25,0,0.2,0.142857,1
1716,97489,5,1,2441,0,0,0,0.25,0,0.2,0.142857,1
1717,97490,3,2,2442,0,1,0,0.25,0,0.2,0.142857,1
1718,97488,3,2,2442,0,0,0,0.25,0,0.2,0.142857,1
1719,97488,4,2,2442,0,0,0,0.25,0,0.2,0.142857,1
1720,97492,3,2,2443,0,1,1,0.25,0,0.2,0.142857,1
1721,97490,2,3,2443,0,0,0,0.25,0,0.2,0.142857,1
1722,97490,1,4,2443,0,0,0,0.25,0,0.2,0.142857,1
1723,97488,0,3,2445,0,2,1,0.25,0,0.2,0.142857,1
1724,97490,1,3,2445,0,0,0,0.25,0,0.2,0.142857,1
1725,97496,1,2,2446,0,1,0,0.25,0,0.2,0.142857,1
1726,97492,0,3,2446,0,0,0,0.25,0,0.2,0.142857,1
1727,97486,1,3,2446,0,0,0,0.25,0,0.2,0.142857,1
1728,97484,0,3,2447,0,1,1,0.25,0,0.2,0.142857,1
1729,97486,0,3,2447,0,0,0,0.25,0,0.2,0.142857,1
1730,97486,0,3,2447,0,0,0,0.25,0,0.2,0.142857,1
1731,97483,0,1,2449,0,2,0,0.25,0,0.2,0.142857,1
1732,97487,0,1,2449,0,0,0,0.25,0,0.2,0.142857,1
1733,97478,1,1,2449,0,0,0,0.25,0,0.2,0.142857,1
1734,97478,2,1,2449,0,0,0,0.25,0,0.2,0.142857,1
1735,97477,3,1,2449,0,0,0,0.25,0,0.2,0.142857,1
1736,97480,3,1,2449,0,0,0,0.25,0,0.2,0.142857,1
1737,97483,3,1,2449,0,0,0,0.25,0,0.2,0.142857,1
1738,97483,3,1,2449,0,0,0,0.25,0,0.2,0.142857,1
1739,97488,3,1,2449,0,0,0,0.25,0,0.2,0.142857,1
1740,97493,3,1,2448,0,0,0,0.25,0,0.2,0.142857,1
1741,97490,3,0,2449,0,1,0,0.25,0,0.2,0.142857,1
1742,97496,3,0,2449,0,0,0,0.25,0,0.2,0.142857,1
1743,97492,3,0,2449,0,0,0,0.25,0,0.2,0.142857,1
1744,97493,3,0,2449,0,0,0,0.25,0,0.2,0.142857,1
1745,97496,3,0,2449,0,0,0,0.25,0,0.2,0.142857,1
1746,97498,2,1,2449,0,0,0,0.25,0,0.2,0.142857,1
1747,97495,2,1,2449,0,0,0,0.25,0,0.2,0.142857,1
1748,97492,2,1,2449,0,0,0,0.25,0,0.2,0.142857,1
1749,97493,3,1,2449,0,0,0,0.25,0,0.2,0.142857,1
1750,97493,3,1,2449,0,0,0,0.25,0,0.2,0.142857,1
1751,97491,3,2,2449,0,0,0,0.25,0,0.2,0.142857,1
1752,97489,3,1,2449,0,1,1,0.25,0,0.2,0.142857,1
1753,97489,3,1,2449,0,0,0,0.25,0,0.2,0.142857,1
1754,97488,3,1,2449,0,0,0,0.25,0,0.2,0.142857,1
1755,97486,3,1,2449,0,0,0,0.25,0,0.2,0.142857,1
1756,97486,3,1,2449,0,0,0,0.25,0,0.2,0.142857,1
1757,97486,2,2,2449,0,0,0,0.25,0,0.2,0.142857,1
1758,97486,3,2,2449,0,0,0,0.25,0,0.2,0.142857,1
1759,97487,3,0,2451,0,2,2,0.25,0,0.2,0.142857,1
1760,97489,1,1,2452,0,1,0,0.25,0,0.2,0.142857,1
1761,97490,1,1,2452,0,0,0,0.25,0,0.2,0.142857,1
1762,97490,1,0,2453,0,1,0,0.25,0,0.2,0.142857,1
1763,97488,1,0,2453,0,0,0,0.25,0,0.2,0.142857,1
1764,97486,1,0,2453,0,0,0,0.25,0,0.2,0.142857,1
1765,97483,2,0,2453,0,0,0,0.25,0,0.2,0.142857,1
1766,97485,2,0,2453,0,0,0,0.25,0,0.2,0.142857,1
1767,97480,3,0,2453,0,0,0,0.25,0,0.2,0.142857,1
1768,97478,3,0,2453,0,0,0,0.25,0,0.2,0.142857,1
1769,97480,2,1,2453,0,0,0,0.25,0,0.2,0.142857,1
1770,97481,2,1,2453,0,0,0,0.25,0,0.2,0.142857,1
1771,97486,1,2,2453,0,0,0,0.25,0,0.2,0.142857,1
1772,97483,1,2,2453,0,0,0,0.25,0,0.2,0.142857,1
1773,97481,1,1,2454,0,1,0,0.25,0,0.2,0.142857,1
1774,97481,2,1,2454,0,0,0,0.25,0,0.2,0.142857,1
1775,97479,3,0,2454,0,1,0,0.25,0,0.2,0.142857,1
1776,97480,3,0,2454,0,0,0,0.25,0,0.2,0.142857,1
1777,97480,3,0,2454,0,0,0,0.25,0,0.2,0.142857,1
1778,97479,0,2,2455,0,1,0,0.25,0,0.2,0.142857,1
1779,97478,0,2,2455,0,0,0,0.25,0,0.2,0.142857,1
1780,97476,0,1,2456,0,1,0,0.25,0,0.2,0.142857,1
1781,97476,0,0,2457,0,1,1,0.25,0,0.2,0.142857,1
1782,97476,0,0,2457,0,0,0,0.25,0,0.2,0.142857,1
1783,97478,0,0,2457,0,0,0,0.25,0,0.2,0.142857,1
1784,97476,0,0,2457,0,0,0,0.25,0,0.2,0.142857,1
1785,97481,0,0,2457,0,0,0,0.25,0,0.2,0.142857,1
1786,97482,0,0,2457,0,0,0,0.25,0,0.2,0.142857,1
1787,97479,0,0,2457,0,0,0,0.25,0,0.2,0.142857,1
1788,97477,0,0,2457,0,0,0,0.25,0,0.2,0.142857,1
1789,97471,1,0,2457,0,0,0,0.25,0,0.2,0.142857,1
1790,97469,2,0,2457,0,0,0,0.25,0,0.2,0.142857,1
1791,97468,2,0,2457,0,0,0,0.25,0,0.2,0.142857,1
1792,97467,2,0,2457,0,0,0,0.25,0,0.2,0.142857,1
1793,97468,1,1,2457,0,0,0,0.25,0,0.2,0.142857,1
1794,97468,1,1,2457,0,0,0,0.25,0,0.2,0.142857,1
1795,97469,1,0,2458,0,1,1,0.25,0,0.2,0.142857,1
1796,97468,1,0,2458,0,0,0,0.25,0,0.2,0.142857,1
1797,97467,1,0,2458,0,0,0,0.25,0,0.2,0.142857,1
1798,97467,1,0,2458,0,0,0,0.25,0,0.2,0.142857,1
1799,97470,1,0,2458,0,0,0,0.25,0,0.2,0.142857,1
1800,97471,2,0,2458,0,0,0,0.25,0,0.2,0.142857,1
1801,97469,2,0,2458,0,0,0,0.25,0,0.2,0.142857,1
1802,97472,2,0,2458,0,0,0,0.25,0,0.2,0.142857,1
1803,97472,3,0,2458,0,0,0,0.25,0,0.2,0.142857,1
1804,97469,3,0,2458,0,0,0,0.25,0,0.2,0.142857,1
1805,97467,3,0,2458,0,0,0,0.25,0,0.2,0.142857,1
1806,97469,2,1,2458,0,0,0,0.25,0,0.2,0.142857,1
1807,97467,1,3,2458,0,0,0,0.25,0,0.2,0.142857,1
1808,97467,2,2,2459,0,1,0,0.25,0,0.2,0.142857,1
1809,97468,1,3,2459,0,0,0,0.25,0,0.2,0.142857,1
1810,97467,2,3,2459,0,0,0,0.25,0,0.2,0.142857,1
1811,97467,2,3,2460,0,1,0,0.25,0,0.2,0.142857,1
1812,97461,2,2,2461,0,1,0,0.25,0,0.2,0.142857,1
1813,97462,2,2,2461,0,0,0,0.25,0,0.2,0.142857,1
1814,97456,2,2,2461,0,0,0,0.25,0,0.2,0.142857,1
1815,97455,2,1,2462,0,1,0,0.25,0,0.2,0.142857,1
1816,97454,2,0,2463,0,1,0,0.25,0,0.2,0.142857,1
1817,97458,2,0,2463,0,0,0,0.25,0,0.2,0.142857,1
1818,97456,2,0,2463,0,0,0,0.25,0,0.2,0.142857,1
1819,97454,2,0,2463,0,0,0,0.25,0,0.2,0.142857,1
1820,97451,1,1,2463,0,0,0,0.25,0,0.2,0.142857,1
1821,97449,1,1,2462,0,0,0,0.25,0,0.2,0.142857,1
1822,97450,1,1,2462,0,0,0,0.25,0,0.2,0.142857,1
1823,97451,0,2,2462,0,0,0,0.25,0,0.2,0.142857,1
1824,97446,1,1,2463,0,1,0,0.25,0,0.2,0.142857,1
1825,97447,1,1,2463,0,0,0,0.25,0,0.2,0.142857,1
1826,97450,0,1,2464,0,1,0,0.25,0,0.2,0.142857,1
1827,97451,0,0,2465,0,1,0,0.25,0,0.2,0.142857,1
1828,97450,0,0,2465,0,0,0,0.25,0,0.2,0.142857,1
1829,97449,0,0,2465,0,0,0,0.25,0,0.2,0.142857,1
1830,97448,0,0,2465,0,0,0,0.25,0,0.2,0.142857,1
1831,97453,0,0,2465,0,0,0,0.25,0,0.2,0.142857,1
1832,97451,1,0,2465,0,0,0,0.25,0,0.2,0.142857,1
1833,97449,1,0,2465,0,0,0,0.25,0,0.2,0.142857,1
1834,97451,1,0,2465,0,0,0,0.25,0,0.2,0.142857,1
1835,97455,1,0,2465,0,0,0,0.25,0,0.2,0.142857,1
1836,97457,1,0,2465,0,0,0,0.25,0,0.2,0.142857,1
1837,97456,1,0,2465,0,0,0,0.25,0,0.2,0.142857,1
1838,97459,1,0,2465,0,0,0,0.25,0,0.2,0.142857,1
1839,97458,3,0,2465,0,0,0,0.25,0,0.2,0.142857,1
1840,97460,3,0,2465,0,0,0,0.25,0,0.2,0.142857,1
1841,97462,3,0,2465,0,0,0,0.25,0,0.2,0.142857,1
1842,97463,3,0,2465,0,0,0,0.25,0,0.2,0.142857,1
1843,97464,3,0,2465,0,0,0,0.25,0,0.2,0.142857,1
1844,97462,3,0,2465,0,0,0,0.25,0,0.2,0.142857,1
1845,97468,3,0,2465,0,0,0,0.25,0,0.2,0.142857,1
1846,97465,2,1,2465,0,0,0,0.25,0,0.2,0.142857,1
1847,97465,2,1,2465,0,0,0,0.25,0,0.2,0.142857,1
1848,97469,2,1,2465,0,0,0,0.25,0,0.2,0.142857,1
1849,97466,1,0,2467,0,2,0,0.25,0,0.2,0.142857,1
1850,97464,2,0,2466,0,0,0,0.25,0,0.2,0.142857,1
1851,97467,2,1,2466,0,0,0,0.25,0,0.2,0.142857,1
1852,97464,2,1,2466,0,0,0,0.25,0,0.2,0.142857,1
1853,97458,1,2,2466,0,0,0,0.25,0,0.2,0.142857,1
1854,97456,1,2,2466,0,0,0,0.25,0,0.2,0.142857,1
1855,97455,1,2,2466,0,0,0,0.25,0,0.2,0.142857,1
1856,97455,1,2,2466,0,0,0,0.25,0,0.2,0.142857,1
1857,97457,0,2,2467,0,1,0,0.25,0,0.2,0.142857,1
1858,97454,0,2,2467,0,0,0,0.25,0,0.2,0.142857,1
1859,97453,0,2,2466,0,0,0,0.25,0,0.2,0.142857,1
1860,97451,1,2,2466,0,0,0,0.25,0,0.2,0.142857,1
1861,97450,1,2,2466,0,0,0,0.25,0,0.2,0.142857,1
1862,97449,1,2,2466,0,0,0,0.25,0,0.2,0.142857,1
1863,97450,1,2,2466,0,0,0,0.25,0,0.2,0.142857,1
1864,97451,1,2,2466,0,0,0,0.25,0,0.2,0.142857,1
1865,97449,0,3,2466,0,0,0,0.25,0,0.2,0.142857,1
1866,97451,0,3,2466,0,0,0,0.25,0,0.2,0.142857,1
1867,97451,0,3,2466,0,0,0,0.25,0,0.2,0.142857,1
1868,97453,0,3,2466,0,0,0,0.25,0,0.2,0.142857,1
1869,97448,0,3,2466,0,0,0,0.25,0,0.2,0.142857,1
1870,97448,0,1,2468,0,2,1,0.25,0,0.2,0.142857,1
1871,97448,0,1,2468,0,0,0,0.25,0,0.2,0.142857,1
1872,97444,1,1,2468,0,0,0,0.25,0,0.2,0.142857,1
1873,97448,2,1,2468,0,0,0,0.25,0,0.2,0.142857,1
1874,97449,2,0,2469,0,1,0,0.25,0,0.2,0.142857,1
1875,97444,2,0,2469,0,0,0,0.25,0,0.2,0.142857,1
1876,97446,2,0,2468,0,0,0,0.25,0,0.2,0.142857,1
1877,97445,2,0,2467,0,0,0,0.25,0,0.2,0.142857,1
1878,97448,2,0,2465,0,0,0,0.25,0,0.2,0.142857,1
1879,97449,2,0,2465,0,0,0,0.25,0,0.2,0.142857,1
1880,97450,2,0,2465,0,0,0,0.25,0,0.2,0.142857,1
1881,97454,1,1,2465,0,0,0,0.25,0,0.2,0.142857,1
1882,97452,1,0,2465,0,1,0,0.25,0,0.2,0.142857,1
1883,97452,1,0,2465,0,0,0,0.25,0,0.2,0.142857,1
1884,97449,1,0,2465,0,0,0,0.25,0,0.2,0.142857,1
1885,97445,1,0,2465,0,0,0,0.25,0,0.2,0.142857,1
1886,97450,1,0,2465,0,0,0,0.25,0,0.2,0.142857,1
1887,97449,1,0,2465,0,0,0,0.25,0,0.2,0.142857,1
1888,97448,1,0,2465,0,0,0,0.25,0,0.2,0.142857,1
1889,97453,1,0,2465,0,0,0,0.25,0,0.2,0.142857,1
1890,97453,2,0,2465,0,0,0,0.25,0,0.2,0.142857,1
1891,97449,3,0,2465,0,0,0,0.25,0,0.2,0.142857,1
1892,97443,3,1,2465,0,0,0,0.25,0,0.2,0.142857,1
1893,97439,1,3,2465,0,0,0,0.25,0,0.2,0.142857,1
1894,97439,1,2,2466,0,1,0,0.25,0,0.2,0.142857,1
1895,97437,1,2,2466,0,0,0,0.25,0,0.2,0.142857,1
1896,97438,1,2,2466,0,0,0,0.25,0,0.2,0.142857,1
1897,97441,1,2,2466,0,0,0,0.25,0,0.2,0.142857,1
1898,97440,2,1,2467,0,1,0,0.25,0,0.2,0.142857,1
1899,97444,2,1,2467,0,0,0,0.25,0,0.2,0.142857,1
1900,97441,2,2,2466,0,0,0,0.25,0,0.2,0.142857,1
1901,97435,2,2,2466,0,0,0,0.25,0,0.2,0.142857,1
1902,97435,2,2,2466,0,0,0,0.25,0,0.2,0.142857,1
1903,97433,2,3,2466,0,0,0,0.25,0,0.2,0.142857,1
1904,97437,2,2,2467,0,1,1,0.25,0,0.2,0.142857,1
1905,97439,2,2,2467,0,0,0,0.25,0,0.2,0.142857,1
1906,97442,2,2,2467,0,0,0,0.25,0,0.2,0.142857,1
1907,97447,2,2,2467,0,0,0,0.25,0,0.2,0.142857,1
1908,97444,2,2,2465,0,0,0,0.25,0,0.2,0.142857,1
1909,97443,2,2,2465,0,0,0,0.25,0,0.2,0.142857,1
1910,97441,2,2,2464,0,0,0,0.25,0,0.2,0.142857,1
1911,97438,2,3,2464,0,0,0,0.25,0,0.2,0.142857,1
1912,97436,2,3,2464,0,0,0,0.25,0,0.2,0.142857,1
1913,97433,2,2,2465,0,1,0,0.25,0,0.2,0.142857,1
1914,97433,1,3,2465,0,0,0,0.25,0,0.2,0.142857,1
1915,97432,1,3,2465,0,0,0,0.25,0,0.2,0.142857,1
1916,97429,1,3,2464,0,0,0,0.25,0,0.2,0.142857,1
1917,97429,1,3,2464,0,0,0,0.25,0,0.2,0.142857,1
1918,97425,1,3,2464,0,0,0,0.25,0,0.2,0.142857,1
1919,97426,1,2,2465,0,1,1,0.25,0,0.2,0.142857,1
1920,97426,1,2,2465,0,0,0,0.25,0,0.2,0.142857,1
1921,97421,1,3,2464,0,0,0,0.25,0,0.2,0.142857,1
1922,97422,1,3,2464,0,0,0,0.25,0,0.2,0.142857,1
1923,97424,2,3,2464,0,0,0,0.25,0,0.2,0.142857,1
1924,97415,1,4,2464,0,0,0,0.25,0,0.2,0.142857,1
1925,97413,1,4,2464,0,0,0,0.25,0,0.2,0.142857,1
1926,97412,1,4,2464,0,0,0,0.25,0,0.2,0.142857,1
1927,97414,1,3,2465,0,1,0,0.25,0,0.2,0.142857,1
1928,97410,1,3,2465,0,0,0,0.25,0,0.2,0.142857,1
1929,97406,2,3,2465,0,0,0,0.25,0,0.2,0.142857,1
1930,97407,2,2,2466,0,1,0,0.25,0,0.2,0.142857,1
1931,97407,1,2,2467,0,1,0,0.25,0,0.2,0.142857,1
1932,97407,2,2,2467,0,0,0,0.25,0,0.2,0.142857,1
1933,97405,1,3,2467,0,0,0,0.25,0,0.2,0.142857,1
1934,97406,1,3,2467,0,0,0,0.25,0,0.2,0.142857,1
1935,97407,2,3,2467,0,0,0,0.25,0,0.2,0.142857,1
1936,97405,3,3,2467,0,0,0,0.25,0,0.2,0.142857,1
1937,97405,3,3,2467,0,0,0,0.25,0,0.2,0.142857,1
1938,97403,3,3,2467,0,0,0,0.25,0,0.2,0.142857,1
1939,97400,3,2,2468,0,1,0,0.25,0,0.2,0.142857,1
1940,97401,2,3,2468,0,0,0,0.25,0,0.2,0.142857,1
1941,97408,2,3,2468,0,0,0,0.25,0,0.2,0.142857,1
1942,97407,2,3,2468,0,0,0,0.25,0,0.2,0.142857,1
1943,97403,1,4,2468,0,0,0,0.25,0,0.2,0.142857,1
1944,97399,1,4,2468,0,0,0,0.25,0,0.2,0.142857,1
1945,97398,1,3,2468,0,1,0,0.25,0,0.2,0.142857,1
1946,97400,2,2,2469,0,1,0,0.25,0,0.2,0.142857,1
1947,97400,1,2,2470,0,1,0,0.25,0,0.2,0.142857,1
1948,97403,1,2,2470,0,0,0,0.25,0,0.2,0.142857,1
1949,97407,0,3,2470,0,0,0,0.25,0,0.2,0.142857,1
1950,97406,0,2,2471,0,1,0,0.25,0,0.2,0.142857,1
1951,97410,0,2,2471,0,0,0,0.25,0,0.2,0.142857,1
1952,97406,0,1,2471,0,1,1,0.25,0,0.2,0.142857,1
1953,97401,1,1,2471,0,0,0,0.25,0,0.2,0.142857,1
1954,97399,1,1,2471,0,0,0,0.25,0,0.2,0.142857,1
1955,97399,1,1,2471,0,0,0,0.25,0,0.2,0.142857,1
1956,97399,1,1,2471,0,0,0,0.25,0,0.2,0.142857,1
1957,97403,1,1,2470,0,0,0,0.25,0,0.2,0.142857,1
1958,97401,1,1,2470,0,0,0,0.25,0,0.2,0.142857,1
1959,97399,1,1,2470,0,0,0,0.25,0,0.2,0.142857,1
1960,97397,1,1,2470,0,0,0,0.25,0,0.2,0.142857,1
1961,97398,1,1,2470,0,0,0,0.25,0,0.2,0.142857,1
1962,97397,1,1,2470,0,0,0,0.25,0,0.2,0.142857,1
1963,97396,2,1,2470,0,0,0,0.25,0,0.2,0.142857,1
1964,97396,1,2,2470,0,0,0,0.25,0,0.2,0.142857,1
1965,97400,1,2,2470,0,0,0,0.25,0,0.2,0.142857,1
1966,97398,1,1,2470,0,1,0,0.25,0,0.2,0.142857,1
1967,97401,2,0,2471,0,1,0,0.25,0,0.2,0.142857,1
1968,97404,2,0,2471,0,0,0,0.25,0,0.2,0.142857,1
1969,97403,2,0,2471,0,0,0,0.25,0,0.2,0.142857,1
1970,97408,2,0,2471,0,0,0,0.25,0,0.2,0.142857,1
1971,97408,2,0,2470,0,0,0,0.25,0,0.2,0.142857,1
1972,97408,2,0,2470,0,0,0,0.25,0,0.2,0.142857,1
1973,97409,2,0,2470,0,0,0,0.25,0,0.2,0.142857,1
1974,97406,1,1,2470,0,0,0,0.25,0,0.2,0.142857,1
1975,97405,2,0,2471,0,1,2,0.25,0,0.2,0.142857,1
1976,97405,3,0,2471,0,0,0,0.25,0,0.2,0.142857,1
1977,97407,3,0,2471,0,0,0,0.25,0,0.2,0.142857,1
1978,97407,3,0,2471,0,0,0,0.25,0,0.2,0.142857,1
1979,97403,2,1,2471,0,0,0,0.25,0,0.2,0.142857,1
1980,97405,2,1,2471,0,0,0,0.25,0,0.2,0.142857,1
1981,97397,3,0,2471,0,1,0,0.25,0,0.2,0.142857,1
1982,97397,3,0,2471,0,0,0,0.25,0,0.2,0.142857,1
1983,97400,3,0,2471,0,0,0,0.25,0,0.2,0.142857,1
1984,97397,4,0,2471,0,0,0,0.25,0,0.2,0.142857,1
1985,97391,4,0,2471,0,0,0,0.25,0,0.2,0.142857,1
1986,97400,4,0,2471,0,0,0,0.25,0,0.2,0.142857,1
1987,97400,4,0,2471,0,0,0,0.25,0,0.2,0.142857,1
1988,97402,5,0,2471,0,0,0,0.25,0,0.2,0.142857,1
1989,97400,6,0,2471,0,0,0,0.25,0,0.2,0.142857,1
1990,97402,5,1,2471,0,0,0,0.25,0,0.2,0.142857,1
1991,97399,4,1,2472,0,1,0,0.25,0,0.2,0.142857,1
1992,97398,3,1,2473,0,1,0,0.25,0,0.2,0.142857,1
1993,97398,3,1,2473,0,0,0,0.25,0,0.2,0.142857,1
1994,97399,3,1,2473,0,0,0,0.25,0,0.2,0.142857,1
1995,97397,3,1,2473,0,0,0,0.25,0,0.2,0.142857,1
1996,97394,3,1,2473,0,0,0,0.25,0,0.2,0.142857,1
1997,97390,3,1,2473,0,0,0,0.25,0,0.2,0.142857,1
1998,97389,4,1,2473,0,0,0,0.25,0,0.2,0.142857,1
1999,97393,4,0,2474,0,1,0,0.25,0,0.2,0.142857,1
2000,97397,4,0,2474,0,0,0,0.25,0,0.2,0.142857,1
2001,97398,3,1,2474,0,0,0,0.25,0,0.2,0.142857,1
2002,97396,3,1,2474,0,0,0,0.25,0,0.2,0.142857,1
2003,97395,3,0,2475,0,1,0,0.25,0,0.2,0.142857,1
2004,97400,3,0,2475,0,0,0,0.25,0,0.2,0.142857,1
2005,97401,3,0,2475,0,0,0,0.25,0,0.2,0.142857,1
2006,97404,3,0,2475,0,0,0,0.25,0,0.2,0.142857,1
2007,97402,4,0,2475,0,0,0,0.25,0,0.2,0.142857,1
2008,97402,4,0,2475,0,0,0,0.25,0,0.2,0.142857,1
2009,97407,2,1,2476,0,1,0,0.25,0,0.2,0.142857,1
2010,97407,2,1,2476,0,0,0,0.25,0,0.2,0.142857,1
2011,97408,1,1,2477,0,1,0,0.25,0,0.2,0.142857,1
2012,97414,1,1,2477,0,0,0,0.25,0,0.2,0.142857,1
2013,97410,1,1,2477,0,0,0,0.25,0,0.2,0.142857,1
2014,97410,2,1,2477,0,0,0,0.25,0,0.2,0.142857,1
2015,97411,3,1,2477,0,0,0,0.25,0,0.2,0.142857,1
2016,97411,3,0,2478,0,1,0,0.25,0,0.2,0.142857,1
2017,97409,1,2,2478,0,0,0,0.25,0,0.2,0.142857,1
2018,97411,1,1,2479,0,1,0,0.25,0,0.2,0.142857,1
2019,97409,1,0,2480,0,1,0,0.25,0,0.2,0.142857,1
2020,97405,0,1,2480,0,0,0,0.25,0,0.2,0.142857,1
2021,97398,0,0,2481,0,1,1,0.25,0,0.2,0.142857,1
2022,97401,0,0,2481,0,0,0,0.25,0,0.2,0.142857,1
2023,97404,0,0,2481,0,0,0,0.25,0,0.2,0.142857,1
2024,97404,0,0,2481,0,0,0,0.25,0,0.2,0.142857,1
2025,97400,1,0,2481,0,0,0,0.25,0,0.2,0.142857,1
2026,97400,1,0,2481,0,0,0,0.25,0,0.2,0.142857,1
2027,97403,1,0,2481,0,0,0,0.25,0,0.2,0.142857,1
2028,97398,1,0,2481,0,0,0,0.25,0,0.2,0.142857,1
2029,97399,1,0,2481,0,0,0,0.25,0,0.2,0.142857,1
2030,97397,0,1,2481,0,0,0,0.25,0,0.2,0.142857,1
2031,97395,0,1,2481,0,0,0,0.25,0,0.2,0.142857,1
2032,97394,1,1,2481,0,0,0,0.25,0,0.2,0.142857,1
2033,97394,0,1,2482,0,1,1,0.25,0,0.2,0.142857,1
2034,97397,1,1,2482,0,0,0,0.25,0,0.2,0.142857,1
2035,97397,1,0,2483,0,1,0,0.25,0,0.2,0.142857,1
2036,97396,2,0,2483,0,0,0,0.25,0,0.2,0.142857,1
2037,97396,0,2,2483,0,0,0,0.25,0,0.2,0.142857,1
2038,97397,0,2,2483,0,0,0,0.25,0,0.2,0.142857,1
2039,97394,1,1,2484,0,1,1,0.25,0,0.2,0.142857,1
2040,97395,1,0,2485,0,1,1,0.25,0,0.2,0.142857,1
2041,97393,0,1,2485,0,0,0,0.25,0,0.2,0.142857,1
2042,97393,0,0,2486,0,1,0,0.25,0,0.2,0.142857,1
2043,97394,0,0,2486,0,0,0,0.25,0,0.2,0.142857,1
2044,97393,0,0,2485,0,0,0,0.25,0,0.2,0.142857,1
2045,97396,0,0,2485,0,0,0,0.25,0,0.2,0.142857,1
2046,97400,0,0,2485,0,0,0,0.25,0,0.2,0.142857,1
2047,97405,0,0,2485,0,0,0,0.25,0,0.2,0.142857,1
2048,97404,0,0,2485,0,0,0,0.25,0,0.2,0.142857,1
2049,97403,0,0,2485,0,0,0,0.25,0,0.2,0.142857,1
2050,97405,0,0,2485,0,0,0,0.25,0,0.2,0.142857,1
2051,97407,0,0,2485,0,0,0,0.25,0,0.2,0.142857,1
2052,97409,0,0,2485,0,0,0,0.25,0,0.2,0.142857,1
2053,97406,0,0,2485,0,0,0,0.25,0,0.2,0.142857,1
2054,97412,0,0,2485,0,0,0,0.25,0,0.2,0.142857,1
2055,97415,0,0,2485,0,0,0,0.25,0,0.2,0.142857,1
2056,97414,0,0,2485,0,0,0,0.25,0,0.2,0.142857,1
2057,97414,0,0,2485,0,0,0,0.25,0,0.2,0.142857,1
2058,97415,0,0,2485,0,0,0,0.25,0,0.2,0.142857,1
2059,97415,0,0,2485,0,0,0,0.25,0,0.2,0.142857,1
2060,97413,0,0,2485,0,0,0,0.25,0,0.2,0.142857,1
2061,97408,1,0,2485,0,0,0,0.25,0,0.2,0.142857,1
2062,97403,2,0,2485,0,0,0,0.25,0,0.2,0.142857,1
2063,97406,2,0,2485,0,0,0,0.25,0,0.2,0.142857,1
2064,97407,3,0,2485,0,0,0,0.25,0,0.2,0.142857,1
2065,97411,2,1,2485,0,0,0,0.25,0,0.2,0.142857,1
2066,97407,2,1,2485,0,0,0,0.25,0,0.2,0.142857,1
2067,97404,3,1,2485,0,0,0,0.25,0,0.2,0.142857,1
2068,97406,3,1,2485,0,0,0,0.25,0,0.2,0.142857,1
2069,97406,4,1,2485,0,0,0,0.25,0,0.2,0.142857,1
2070,97403,4,1,2485,0,0,0,0.25,0,0.2,0.142857,1
2071,97403,4,1,2485,0,0,0,0.25,0,0.2,0.142857,1
2072,97404,4,1,2485,0,0,0,0.25,0,0.2,0.142857,1
2073,97406,4,2,2485,0,0,0,0.25,0,0.2,0.142857,1
2074,97405,4,1,2486,0,1,0,0.25,0,0.2,0.142857,1
2075,97406,4,3,2486,0,0,0,0.25,0,0.2,0.142857,1
2076,97408,4,2,2487,0,1,0,0.25,0,0.2,0.142857,1
2077,97411,3,3,2487,0,0,0,0.25,0,0.2,0.142857,1
2078,97415,4,3,2487,0,0,0,0.25,0,0.2,0.142857,1
2079,97412,4,3,2488,0,1,0,0.25,0,0.2,0.142857,1
2080,97410,5,3,2488,0,0,0,0.25,0,0.2,0.142857,1
2081,97411,5,3,2488,0,0,0,0.25,0,0.2,0.142857,1
2082,97412,5,3,2488,0,0,0,0.25,0,0.2,0.142857,1
2083,97412,4,3,2487,0,1,1,0.25,0,0.2,0.142857,1
2084,97410,4,6,2487,0,0,0,0.25,0,0.2,0.142857,1
2085,97414,4,5,2488,0,1,0,0.25,0,0.2,0.142857,1
2086,97419,4,5,2488,0,0,0,0.25,0,0.2,0.142857,1
2087,97415,4,2,2491,0,3,1,0.25,0,0.2,0.142857,1
2088,97414,3,3,2491,0,0,0,0.25,0,0.2,0.142857,1
2089,97413,4,3,2490,0,0,0,0.25,0,0.2,0.142857,1
2090,97406,5,3,2490,0,0,0,0.25,0,0.2,0.142857,1
2091,97408,5,1,2492,0,2,1,0.25,0,0.2,0.142857,1
2092,97411,3,3,2492,0,0,0,0.25,0,0.2,0.142857,1
2093,97412,3,2,2493,0,1,0,0.25,0,0.2,0.142857,1
2094,97413,3,2,2493,0,0,0,0.25,0,0.2,0.142857,1
2095,97411,3,2,2493,0,0,0,0.25,0,0.2,0.142857,1
2096,97408,2,3,2493,0,0,0,0.25,0,0.2,0.142857,1
2097,97404,2,2,2494,0,1,0,0.25,0,0.2,0.142857,1
2098,97404,2,2,2494,0,0,0,0.25,0,0.2,0.142857,1
2099,97400,2,3,2494,0,0,0,0.25,0,0.2,0.142857,1
2100,97400,3,3,2494,0,0,0,0.25,0,0.2,0.142857,1
2101,97397,3,2,2495,0,1,0,0.25,0,0.2,0.142857,1
2102,97399,4,2,2495,0,0,0,0.25,0,0.2,0.142857,1
2103,97402,4,2,2495,0,0,0,0.25,0,0.2,0.142857,1
2104,97404,2,3,2496,0,1,0,0.25,0,0.2,0.142857,1
2105,97406,1,3,2497,0,1,1,0.25,0,0.2,0.142857,1
2106,97401,2,3,2497,0,0,0,0.25,0,0.2,0.142857,1
2107,97401,2,3,2498,0,1,0,0.25,0,0.2,0.142857,1
2108,97402,0,3,2500,0,2,0,0.25,0,0.2,0.142857,1
2109,97403,0,2,2501,0,1,0,0.25,0,0.2,0.142857,1
2110,97408,0,2,2501,0,0,0,0.25,0,0.2,0.142857,1
2111,97413,0,1,2502,0,1,0,0.25,0,0.2,0.142857,1
2112,97415,0,1,2502,0,0,0,0.25,0,0.2,0.142857,1
2113,97415,0,1,2502,0,0,0,0.25,0,0.2,0.142857,1
2114,97413,0,1,2502,0,0,0,0.25,0,0.2,0.142857,1
2115,97411,0,1,2502,0,0,0,0.25,0,0.2,0.142857,1
2116,97411,0,1,2502,0,0,0,0.25,0,0.2,0.142857,1
2117,97411,0,1,2502,0,0,0,0.25,0,0.2,0.142857,1
2118,97410,0,1,2502,0,0,0,0.25,0,0.2,0.142857,1
2119,97408,1,1,2502,0,0,0,0.25,0,0.2,0.142857,1
2120,97401,0,2,2502,0,0,0,0.25,0,0.2,0.142857,1
2121,97404,0,2,2502,0,0,0,0.25,0,0.2,0.142857,1
2122,97407,0,2,2502,0,0,0,0.25,0,0.2,0.142857,1
2123,97408,1,1,2503,0,1,0,0.25,0,0.2,0.142857,1
2124,97412,2,1,2503,0,0,0,0.25,0,0.2,0.142857,1
2125,97413,1,2,2503,0,0,0,0.25,0,0.2,0.142857,1
2126,97417,1,3,2503,0,0,0,0.25,0,0.2,0.142857,1
2127,97414,0,4,2503,0,0,0,0.25,0,0.2,0.142857,1
2128,97410,0,3,2504,0,1,2,0.25,0,0.2,0.142857,1
2129,97412,1,3,2504,0,0,0,0.25,0,0.2,0.142857,1
2130,97414,0,4,2504,0,0,0,0.25,0,0.2,0.142857,1
2131,97412,0,2,2506,0,2,0,0.25,0,0.2,0.142857,1
2132,97411,0,2,2506,0,0,0,0.25,0,0.2,0.142857,1
2133,97415,0,2,2506,0,0,0,0.25,0,0.2,0.142857,1
2134,97414,0,2,2506,0,0,0,0.25,0,0.2,0.142857,1
2135,97410,1,2,2506,0,0,0,0.25,0,0.2,0.142857,1
2136,97409,2,2,2506,0,0,0,0.25,0,0.2,0.142857,1
2137,97408,2,1,2507,0,1,0,0.25,0,0.2,0.142857,1
2138,97409,2,1,2507,0,0,0,0.25,0,0.2,0.142857,1
2139,97408,2,1,2506,0,0,0,0.25,0,0.2,0.142857,1
2140,97414,2,1,2506,0,0,0,0.25,0,0.2,0.142857,1
2141,97415,1,1,2507,0,1,0,0.25,0,0.2,0.142857,1
2142,97415,1,1,2507,0,0,0,0.25,0,0.2,0.142857,1
2143,97418,1,1,2507,0,0,0,0.25,0,0.2,0.142857,1
2144,97418,0,2,2507,0,0,0,0.25,0,0.2,0.142857,1
2145,97417,0,2,2507,0,0,0,0.25,0,0.2,0.142857,1
2146,97419,0,1,2508,0,1,0,0.25,0,0.2,0.142857,1
2147,97417,0,1,2508,0,0,0,0.25,0,0.2,0.142857,1
2148,97414,0,1,2508,0,0,0,0.25,0,0.2,0.142857,1
2149,97411,0,0,2509,0,1,0,0.25,0,0.2,0.142857,1
2150,97411,0,0,2509,0,0,0,0.25,0,0.2,0.142857,1
2151,97409,0,0,2509,0,0,0,0.25,0,0.2,0.142857,1
2152,97406,0,0,2509,0,0,0,0.25,0,0.2,0.142857,1
2153,97409,0,0,2509,0,0,0,0.25,0,0.2,0.142857,1
2154,97411,0,0,2509,0,0,0,0.25,0,0.2,0.142857,1
2155,97412,0,0,2509,0,0,0,0.25,0,0.2,0.142857,1
2156,97418,0,0,2509,0,0,0,0.25,0,0.2,0.142857,1
2157,97421,0,0,2509,0,0,0,0.25,0,0.2,0.142857,1
2158,97422,0,0,2509,0,0,0,0.25,0,0.2,0.142857,1
2159,97423,0,0,2509,0,0,0,0.25,0,0.2,0.142857,1
2160,97423,0,0,2508,0,0,0,0.25,0,0.2,0.142857,1
2161,97420,0,0,2508,0,0,0,0.25,0,0.2,0.142857,1
2162,97414,0,0,2508,0,0,0,0.25,0,0.2,0.142857,1
2163,97416,0,0,2508,0,0,0,0.25,0,0.2,0.142857,1
2164,97421,0,0,2508,0,0,0,0.25,0,0.2,0.142857,1
2165,97419,0,0,2508,0,0,0,0.25,0,0.2,0.142857,1
2166,97425,0,0,2508,0,0,0,0.25,0,0.2,0.142857,1
2167,97422,0,0,2508,0,0,0,0.25,0,0.2,0.142857,1
2168,97416,0,0,2507,0,0,0,0.25,0,0.2,0.142857,1
2169,97414,0,0,2507,0,0,0,0.25,0,0.2,0.142857,1
2170,97408,0,0,2507,0,0,0,0.25,0,0.2,0.142857,1
2171,97409,0,0,2507,0,0,0,0.25,0,0.2,0.142857,1
2172,97408,0,0,2507,0,0,0,0.25,0,0.2,0.142857,1
2173,97411,0,0,2507,0,0,0,0.25,0,0.2,0.142857,1
2174,97408,2,0,2507,0,0,0,0.25,0,0.2,0.142857,1
2175,97409,2,0,2507,0,0,0,0.25,0,0.2,0.142857,1
2176,97415,2,0,2507,0,0,0,0.25,0,0.2,0.142857,1
2177,97414,2,0,2507,0,0,0,0.25,0,0.2,0.142857,1
2178,97413,2,0,2507,0,0,0,0.25,0,0.2,0.142857,1
2179,97417,2,0,2507,0,0,0,0.25,0,0.2,0.142857,1
2180,97416,1,1,2507,0,0,0,0.25,0,0.2,0.142857,1
2181,97414,1,1,2507,0,0,0,0.25,0,0.2,0.142857,1
2182,97416,1,0,2508,0,1,0,0.25,0,0.2,0.142857,1
2183,97419,1,0,2508,0,0,0,0.25,0,0.2,0.142857,1
2184,97421,1,0,2508,0,0,0,0.25,0,0.2,0.142857,1
2185,97420,1,0,2508,0,0,0,0.25,0,0.2,0.142857,1
2186,97417,1,0,2508,0,0,0,0.25,0,0.2,0.142857,1
2187,97412,1,0,2508,0,0,0,0.25,0,0.2,0.142857,1
2188,97410,1,0,2508,0,0,0,0.25,0,0.2,0.142857,1
2189,97413,1,0,2508,0,0,0,0.25,0,0.2,0.142857,1
2190,97411,1,0,2508,0,0,0,0.25,0,0.2,0.142857,1
2191,97407,1,0,2508,0,0,0,0.25,0,0.2,0.142857,1
2192,97409,1,0,2508,0,0,0,0.25,0,0.2,0.142857,1
2193,97407,1,0,2508,0,0,0,0.25,0,0.2,0.142857,1
2194,97406,1,0,2507,0,0,0,0.25,0,0.2,0.142857,1
2195,97404,1,0,2507,0,0,0,0.25,0,0.2,0.142857,1
2196,97403,1,0,2507,0,0,0,0.25,0,0.2,0.142857,1
2197,97401,2,0,2506,0,0,0,0.25,0,0.2,0.142857,1
2198,97398,3,0,2506,0,0,0,0.25,0,0.2,0.142857,1
2199,97397,2,1,2504,0,0,0,0.25,0,0.2,0.142857,1
2200,97394,1,2,2504,0,0,0,0.25,0,0.2,0.142857,1
2201,97396,1,2,2504,0,0,0,0.25,0,0.2,0.142857,1
2202,97395,1,1,2505,0,1,0,0.25,0,0.2,0.142857,1
2203,97388,1,0,2506,0,1,0,0.25,0,0.2,0.142857,1
2204,97387,1,0,2506,0,0,0,0.25,0,0.2,0.142857,1
2205,97386,1,0,2506,0,0,0,0.25,0,0.2,0.142857,1
2206,97384,0,1,2505,0,0,0,0.25,0,0.2,0.142857,1
2207,97382,0,1,2505,0,0,0,0.25,0,0.2,0.142857,1
2208,97384,0,1,2505,0,0,0,0.25,0,0.2,0.142857,1
2209,97387,0,1,2505,0,0,0,0.25,0,0.2,0.142857,1
2210,97383,0,1,2505,0,0,0,0.25,0,0.2,0.142857,1
2211,97381,1,2,2505,0,0,0,0.25,0,0.2,0.142857,1
2212,97384,1,1,2506,0,1,0,0.25,0,0.2,0.142857,1
2213,97378,1,1,2507,0,1,1,0.25,0,0.2,0.142857,1
2214,97372,0,2,2507,0,0,0,0.25,0,0.2,0.142857,1
2215,97369,0,2,2507,0,0,0,0.25,0,0.2,0.142857,1
2216,97369,0,2,2507,0,0,0,0.25,0,0.2,0.142857,1
2217,97369,1,2,2507,0,0,0,0.25,0,0.2,0.142857,1
2218,97369,0,2,2508,0,1,0,0.25,0,0.2,0.142857,1
2219,97371,0,2,2508,0,0,0,0.25,0,0.2,0.142857,1
2220,97369,0,2,2508,0,0,0,0.25,0,0.2,0.142857,1
2221,97369,0,1,2509,0,1,0,0.25,0,0.2,0.142857,1
2222,97370,0,1,2509,0,0,0,0.25,0,0.2,0.142857,1
2223,97366,0,1,2509,0,0,0,0.25,0,0.2,0.142857,1
2224,97363,0,0,2510,0,1,1,0.25,0,0.2,0.142857,1
2225,97366,0,0,2510,0,0,0,0.25,0,0.2,0.142857,1
2226,97361,1,0,2510,0,0,0,0.25,0,0.2,0.142857,1
2227,97359,1,0,2510,0,0,0,0.25,0,0.2,0.142857,1
2228,97360,1,0,2510,0,0,0,0.25,0,0.2,0.142857,1
2229,97362,1,0,2510,0,0,0,0.25,0,0.2,0.142857,1
2230,97365,1,0,2510,0,0,0,0.25,0,0.2,0.142857,1
2231,97365,1,0,2510,0,0,0,0.25,0,0.2,0.142857,1
2232,97364,1,0,2510,0,0,0,0.25,0,0.2,0.142857,1
2233,97365,1,0,2510,0,0,0,0.25,0,0.2,0.142857,1
2234,97376,1,0,2510,0,0,0,0.25,0,0.2,0.142857,1
2235,97376,1,0,2510,0,0,0,0.25,0,0.2,0.142857,1
2236,97378,1,0,2510,0,0,0,0.25,0,0.2,0.142857,1
2237,97377,1,0,2510,0,0,0,0.25,0,0.2,0.142857,1
2238,97379,1,0,2510,0,0,0,0.25,0,0.2,0.142857,1
2239,97382,1,0,2510,0,0,0,0.25,0,0.2,0.142857,1
2240,97377,1,0,2510,0,0,0,0.25,0,0.2,0.142857,1
2241,97377,1,0,2510,0,0,0,0.25,0,0.2,0.142857,1
2242,97377,1,0,2510,0,0,0,0.25,0,0.2,0.142857,1
2243,97377,1,0,2510,0,0,0,0.25,0,0.2,0.142857,1
2244,97376,2,0,2509,0,0,0,0.25,0,0.2,0.142857,1
2245,97377,3,0,2509,0,0,0,0.25,0,0.2,0.142857,1
2246,97377,3,0,2509,0,0,0,0.25,0,0.2,0.142857,1
2247,97377,4,0,2509,0,0,0,0.25,0,0.2,0.142857,1
2248,97374,5,0,2509,0,0,0,0.25,0,0.2,0.142857,1
2249,97373,5,0,2509,0,0,0,0.25,0,0.2,0.142857,1
2250,97373,5,0,2510,0,1,0,0.25,0,0.2,0.142857,1
2251,97373,5,0,2510,0,0,0,0.25,0,0.2,0.142857,1
2252,97373,1,2,2512,0,2,0,0.25,0,0.2,0.142857,1
2253,97377,1,2,2512,0,0,0,0.25,0,0.2,0.142857,1
2254,97380,1,2,2512,0,0,0,0.25,0,0.2,0.142857,1
2255,97380,1,2,2511,0,0,0,0.25,0,0.2,0.142857,1
2256,97377,1,1,2512,0,1,0,0.25,0,0.2,0.142857,1
2257,97372,1,0,2513,0,1,0,0.25,0,0.2,0.142857,1
2258,97373,0,1,2513,0,0,0,0.25,0,0.2,0.142857,1
2259,97375,0,1,2513,0,0,0,0.25,0,0.2,0.142857,1
2260,97375,0,1,2513,0,0,0,0.25,0,0.2,0.142857,1
2261,97375,1,1,2513,0,0,0,0.25,0,0.2,0.142857,1
2262,97379,1,1,2513,0,0,0,0.25,0,0.2,0.142857,1
2263,97380,1,1,2513,0,0,0,0.25,0,0.2,0.142857,1
2264,97379,2,1,2513,0,0,0,0.25,0,0.2,0.142857,1
2265,97380,2,1,2512,0,0,0,0.25,0,0.2,0.142857,1
2266,97382,3,1,2512,0,0,0,0.25,0,0.2,0.142857,1
2267,97374,3,1,2511,0,0,0,0.25,0,0.2,0.142857,1
2268,97372,3,1,2511,0,0,0,0.25,0,0.2,0.142857,1
2269,97370,4,1,2511,0,0,0,0.25,0,0.2,0.142857,1
2270,97369,5,1,2511,0,0,0,0.25,0,0.2,0.142857,1
2271,97371,4,2,2511,0,0,0,0.25,0,0.2,0.142857,1
2272,97369,2,3,2511,0,1,0,0.25,0,0.2,0.142857,1
2273,97368,2,2,2512,0,1,0,0.25,0,0.2,0.142857,1
2274,97370,2,2,2512,0,0,0,0.25,0,0.2,0.142857,1
2275,97373,2,1,2513,0,1,0,0.25,0,0.2,0.142857,1
2276,97378,2,1,2513,0,0,0,0.25,0,0.2,0.142857,1
2277,97378,2,1,2514,0,1,0,0.25,0,0.2,0.142857,1
2278,97379,2,1,2514,0,0,0,0.25,0,0.2,0.142857,1
2279,97377,1,2,2514,0,0,0,0.25,0,0.2,0.142857,1
2280,97382,1,2,2514,0,0,0,0.25,0,0.2,0.142857,1
2281,97377,1,1,2515,0,1,1,0.25,0,0.2,0.142857,1
2282,97379,1,1,2515,0,0,0,0.25,0,0.2,0.142857,1
2283,97376,2,1,2515,0,0,0,0.25,0,0.2,0.142857,1
2284,97378,1,2,2515,0,0,0,0.25,0,0.2,0.142857,1
2285,97381,1,1,2515,0,1,0,0.25,0,0.2,0.142857,1
2286,97383,1,1,2515,0,0,0,0.25,0,0.2,0.142857,1
2287,97383,1,1,2515,0,0,0,0.25,0,0.2,0.142857,1
2288,97382,1,1,2515,0,0,0,0.25,0,0.2,0.142857,1
2289,97380,0,2,2514,0,0,0,0.25,0,0.2,0.142857,1
2290,97380,0,2,2514,0,0,0,0.25,0,0.2,0.142857,1
2291,97382,0,1,2514,0,1,0,0.25,0,0.2,0.142857,1
2292,97386,0,1,2514,0,0,0,0.25,0,0.2,0.142857,1
2293,97390,0,1,2514,0,0,0,0.25,0,0.2,0.142857,1
2294,97394,0,1,2514,0,0,0,0.25,0,0.2,0.142857,1
2295,97390,1,1,2514,0,0,0,0.25,0,0.2,0.142857,1
2296,97394,0,2,2514,0,0,0,0.25,0,0.2,0.142857,1
2297,97392,1,1,2515,0,1,0,0.25,0,0.2,0.142857,1
2298,97391,1,1,2515,0,0,0,0.25,0,0.2,0.142857,1
2299,97393,1,1,2515,0,0,0,0.25,0,0.2,0.142857,1
2300,97391,1,1,2515,0,0,0,0.25,0,0.2,0.142857,1
2301,97390,1,1,2515,0,0,0,0.25,0,0.2,0.142857,1
2302,97386,1,1,2515,0,0,0,0.25,0,0.2,0.142857,1
2303,97386,2,1,2515,0,0,0,0.25,0,0.2,0.142857,1
2304,97391,2,1,2515,0,0,0,0.25,0,0.2,0.142857,1
2305,97389,2,1,2515,0,0,0,0.25,0,0.2,0.142857,1
2306,97392,1,1,2516,0,1,0,0.25,0,0.2,0.142857,1
2307,97395,1,1,2516,0,0,0,0.25,0,0.2,0.142857,1
2308,97399,1,1,2516,0,0,0,0.25,0,0.2,0.142857,1
2309,97401,1,1,2516,0,0,0,0.25,0,0.2,0.142857,1
2310,97402,1,1,2516,0,0,0,0.25,0,0.2,0.142857,1
2311,97400,1,0,2517,0,1,0,0.25,0,0.2,0.142857,1
2312,97399,1,0,2517,0,0,0,0.25,0,0.2,0.142857,1
2313,97401,1,0,2517,0,0,0,0.25,0,0.2,0.142857,1
2314,97402,1,0,2517,0,0,0,0.25,0,0.2,0.142857,1
2315,97402,1,0,2517,0,0,0,0.25,0,0.2,0.142857,1
2316,97400,1,0,2517,0,0,0,0.25,0,0.2,0.142857,1
2317,97402,2,0,2517,0,0,0,0.25,0,0.2,0.142857,1
2318,97401,1,1,2516,0,0,0,0.25,0,0.2,0.142857,1
2319,97400,1,1,2516,0,0,0,0.25,0,0.2,0.142857,1
2320,97400,0,1,2517,0,1,0,0.25,0,0.2,0.142857,1
2321,97400,0,1,2517,0,0,0,0.25,0,0.2,0.142857,1
2322,97400,0,1,2517,0,0,0,0.25,0,0.2,0.142857,1
2323,97400,0,1,2517,0,0,0,0.25,0,0.2,0.142857,1
2324,97399,1,0,2518,0,1,0,0.25,0,0.2,0.142857,1
2325,97395,0,1,2518,0,0,0,0.25,0,0.2,0.142857,1
2326,97397,0,1,2517,0,0,0,0.25,0,0.2,0.142857,1
2327,97396,0,1,2517,0,0,0,0.25,0,0.2,0.142857,1
2328,97400,0,0,2518,0,1,0,0.25,0,0.2,0.142857,1
2329,97399,0,0,2518,0,0,0,0.25,0,0.2,0.142857,1
2330,97397,0,0,2518,0,0,0,0.25,0,0.2,0.142857,1
2331,97399,0,0,2518,0,0,0,0.25,0,0.2,0.142857,1
2332,97404,0,0,2518,0,0,0,0.25,0,0.2,0.142857,1
2333,97402,0,0,2518,0,0,0,0.25,0,0.2,0.142857,1
2334,97403,0,0,2518,0,0,0,0.25,0,0.2,0.142857,1
2335,97407,0,0,2518,0,0,0,0.25,0,0.2,0.142857,1
2336,97405,0,0,2518,0,0,0,0.25,0,0.2,0.142857,1
2337,97404,0,0,2518,0,0,0,0.25,0,0.2,0.142857,1
2338,97405,0,0,2518,0,0,0,0.25,0,0.2,0.142857,1
2339,97406,0,0,2518,0,0,0,0.25,0,0.2,0.142857,1
2340,97409,0,0,2517,0,0,0,0.25,0,0.2,0.142857,1
2341,97410,0,0,2517,0,0,0,0.25,0,0.2,0.142857,1
2342,97412,0,0,2517,0,0,0,0.25,0,0.2,0.142857,1
2343,97413,0,0,2517,0,0,0,0.25,0,0.2,0.142857,1
2344,97411,0,0,2516,0,0,0,0.25,0,0.2,0.142857,1
2345,97411,1,0,2516,0,0,0,0.25,0,0.2,0.142857,1
2346,97414,1,0,2516,0,0,0,0.25,0,0.2,0.142857,1
2347,97413,1,0,2516,0,0,0,0.25,0,0.2,0.142857,1
2348,97416,1,0,2515,0,0,0,0.25,0,0.2,0.142857,1
2349,97417,1,0,2515,0,0,0,0.25,0,0.2,0.142857,1
2350,97415,2,0,2515,0,0,0,0.25,0,0.2,0.142857,1
2351,97416,2,0,2515,0,0,0,0.25,0,0.2,0.142857,1
2352,97414,2,0,2515,0,0,0,0.25,0,0.2,0.142857,1
2353,97412,2,0,2515,0,0,0,0.25,0,0.2,0.142857,1
2354,97413,2,0,2515,0,0,0,0.25,0,0.2,0.142857,1
2355,97410,3,0,2514,0,0,0,0.25,0,0.2,0.142857,1
2356,97410,3,0,2514,0,0,0,0.25,0,0.2,0.142857,1
2357,97412,2,1,2514,0,0,0,0.25,0,0.2,0.142857,1
2358,97413,1,2,2514,0,0,0,0.25,0,0.2,0.142857,1
2359,97414,1,2,2514,0,0,0,0.25,0,0.2,0.142857,1
2360,97414,0,3,2514,0,0,0,0.25,0,0.2,0.142857,1
2361,97416,0,1,2516,0,2,1,0.25,0,0.2,0.142857,1
2362,97416,0,0,2517,0,1,0,0.25,0,0.2,0.142857,1
2363,97418,0,0,2517,0,0,0,0.25,0,0.2,0.142857,1
2364,97421,0,0,2517,0,0,0,0.25,0,0.2,0.142857,1
2365,97421,0,0,2517,0,0,0,0.25,0,0.2,0.142857,1
2366,97420,0,0,2517,0,0,0,0.25,0,0.2,0.142857,1
2367,97417,1,0,2517,0,0,0,0.25,0,0.2,0.142857,1
2368,97416,1,0,2517,0,0,0,0.25,0,0.2,0.142857,1
2369,97412,2,0,2517,0,0,0,0.25,0,0.2,0.142857,1
2370,97410,1,1,2517,0,0,0,0.25,0,0.2,0.142857,1
2371,97405,1,1,2517,0,0,0,0.25,0,0.2,0.142857,1
2372,97407,1,1,2517,0,0,0,0.25,0,0.2,0.142857,1
2373,97404,1,1,2517,0,0,0,0.25,0,0.2,0.142857,1
2374,97406,1,1,2517,0,0,0,0.25,0,0.2,0.142857,1
2375,97406,1,1,2517,0,0,0,0.25,0,0.2,0.142857,1
2376,97401,1,1,2517,0,0,0,0.25,0,0.2,0.142857,1
2377,97399,1,1,2517,0,0,0,0.25,0,0.2,0.142857,1
2378,97402,1,1,2517,0,0,0,0.25,0,0.2,0.142857,1
2379,97401,1,1,2517,0,0,0,0.25,0,0.2,0.142857,1
2380,97402,1,0,2518,0,1,0,0.25,0,0.2,0.142857,1
2381,97402,1,0,2518,0,0,0,0.25,0,0.2,0.142857,1
2382,97399,1,0,2518,0,0,0,0.25,0,0.2,0.142857,1
2383,97397,1,0,2518,0,0,0,0.25,0,0.2,0.142857,1
2384,97399,1,0,2517,0,0,0,0.25,0,0.2,0.142857,1
2385,97398,1,0,2517,0,0,0,0.25,0,0.2,0.142857,1
2386,97399,1,0,2517,0,0,0,0.25,0,0.2,0.142857,1
2387,97397,1,0,2516,0,0,0,0.25,0,0.2,0.142857,1
2388,97397,1,0,2516,0,0,0,0.25,0,0.2,0.142857,1
2389,97396,1,0,2516,0,0,0,0.25,0,0.2,0.142857,1
2390,97394,1,0,2516,0,0,0,0.25,0,0.2,0.142857,1
2391,97389,1,0,2516,0,0,0,0.25,0,0.2,0.142857,1
2392,97386,1,0,2516,0,0,0,0.25,0,0.2,0.142857,1
2393,97388,2,0,2516,0,0,0,0.25,0,0.2,0.142857,1
2394,97388,2,0,2516,0,0,0,0.25,0,0.2,0.142857,1
2395,97385,3,0,2516,0,0,0,0.25,0,0.2,0.142857,1
2396,97389,3,0,2516,0,0,0,0.25,0,0.2,0.142857,1
2397,97389,3,0,2516,0,0,0,0.25,0,0.2,0.142857,1
2398,97384,2,1,2516,0,0,0,0.25,0,0.2,0.142857,1
2399,97386,2,1,2516,0,0,0,0.25,0,0.2,0.142857,1
2400,97386,2,1,2516,0,0,0,0.25,0,0.2,0.142857,1
2401,97386,2,1,2517,0,1,0,0.25,0,0.2,0.142857,1
2402,97389,2,1,2517,0,0,0,0.25,0,0.2,0.142857,1
2403,97393,2,1,2517,0,0,0,0.25,0,0.2,0.142857,1
2404,97398,1,1,2518,0,1,0,0.25,0,0.2,0.142857,1
2405,97400,2,1,2518,0,0,0,0.25,0,0.2,0.142857,1
2406,97399,3,1,2517,0,0,0,0.25,0,0.2,0.142857,1
2407,97398,2,2,2517,0,0,0,0.25,0,0.2,0.142857,1
2408,97403,2,0,2519,0,2,1,0.25,0,0.2,0.142857,1
2409,97402,2,0,2519,0,0,0,0.25,0,0.2,0.142857,1
2410,97401,1,1,2519,0,0,0,0.25,0,0.2,0.142857,1
2411,97403,1,0,2520,0,1,0,0.25,0,0.2,0.142857,1
2412,97404,1,0,2520,0,0,0,0.25,0,0.2,0.142857,1
2413,97404,1,0,2519,0,0,0,0.25,0,0.2,0.142857,1
2414,97403,1,0,2519,0,0,0,0.25,0,0.2,0.142857,1
2415,97400,1,0,2519,0,0,0,0.25,0,0.2,0.142857,1
2416,97399,2,0,2519,0,0,0,0.25,0,0.2,0.142857,1
2417,97395,3,0,2519,0,0,0,0.25,0,0.2,0.142857,1
2418,97395,3,0,2519,0,0,0,0.25,0,0.2,0.142857,1
2419,97396,3,0,2518,0,0,0,0.25,0,0.2,0.142857,1
2420,97398,3,0,2518,0,0,0,0.25,0,0.2,0.142857,1
2421,97398,3,0,2518,0,0,0,0.25,0,0.2,0.142857,1
2422,97395,3,0,2518,0,0,0,0.25,0,0.2,0.142857,1
2423,97394,3,0,2518,0,0,0,0.25,0,0.2,0.142857,1
2424,97397,3,0,2518,0,0,0,0.25,0,0.2,0.142857,1
2425,97397,4,0,2518,0,0,0,0.25,0,0.2,0.142857,1
2426,97398,4,0,2518,0,0,0,0.25,0,0.2,0.142857,1
2427,97397,4,1,2518,0,0,0,0.25,0,0.2,0.142857,1
2428,97403,4,1,2518,0,0,0,0.25,0,0.2,0.142857,1
2429,97399,4,1,2518,0,0,0,0.25,0,0.2,0.142857,1
2430,97403,4,0,2519,0,1,0,0.25,0,0.2,0.142857,1
2431,97404,4,0,2519,0,0,0,0.25,0,0.2,0.142857,1
2432,97406,4,0,2519,0,0,0,0.25,0,0.2,0.142857,1
2433,97406,4,0,2519,0,0,0,0.25,0,0.2,0.142857,1
2434,97400,4,0,2519,0,0,0,0.25,0,0.2,0.142857,1
2435,97403,3,1,2519,0,0,0,0.25,0,0.2,0.142857,1
2436,97402,3,2,2519,0,0,0,0.25,0,0.2,0.142857,1
2437,97401,2,2,2520,0,1,0,0.25,0,0.2,0.142857,1
2438,97398,1,2,2521,0,1,0,0.25,0,0.2,0.142857,1
2439,97395,1,2,2521,0,0,0,0.25,0,0.2,0.142857,1
2440,97395,1,2,2521,0,0,0,0.25,0,0.2,0.142857,1
2441,97395,1,2,2521,0,0,0,0.25,0,0.2,0.142857,1
2442,97399,1,2,2521,0,0,0,0.25,0,0.2,0.142857,1
2443,97394,1,1,2522,0,1,0,0.25,0,0.2,0.142857,1
2444,97396,1,1,2522,0,0,0,0.25,0,0.2,0.142857,1
2445,97394,0,2,2521,0,0,0,0.25,0,0.2,0.142857,1
2446,97392,0,2,2521,0,0,0,0.25,0,0.2,0.142857,1
2447,97387,0,2,2521,0,0,0,0.25,0,0.2,0.142857,1
2448,97390,0,2,2521,0,0,0,0.25,0,0.2,0.142857,1
2449,97388,0,2,2521,0,0,0,0.25,0,0.2,0.142857,1
2450,97388,0,2,2521,0,0,0,0.25,0,0.2,0.142857,1
2451,97388,0,2,2521,0,0,0,0.25,0,0.2,0.142857,1
2452,97386,0,2,2521,0,0,0,0.25,0,0.2,0.142857,1
2453,97389,0,1,2522,0,1,0,0.25,0,0.2,0.142857,1
2454,97393,0,1,2522,0,0,0,0.25,0,0.2,0.142857,1
2455,97391,0,1,2522,0,0,0,0.25,0,0.2,0.142857,1
2456,97387,1,1,2522,0,0,0,0.25,0,0.2,0.142857,1
2457,97384,1,1,2522,0,0,0,0.25,0,0.2,0.142857,1
2458,97382,1,1,2522,0,0,0,0.25,0,0.2,0.142857,1
2459,97385,1,0,2523,0,1,0,0.25,0,0.2,0.142857,1
2460,97381,1,1,2523,0,0,0,0.25,0,0.2,0.142857,1
2461,97381,0,2,2522,0,0,0,0.25,0,0.2,0.142857,1
2462,97384,0,1,2523,0,1,0,0.25,0,0.2,0.142857,1
2463,97381,1,1,2523,0,0,0,0.25,0,0.2,0.142857,1
2464,97381,3,1,2523,0,0,0,0.25,0,0.2,0.142857,1
2465,97384,3,2,2523,0,0,0,0.25,0,0.2,0.142857,1
2466,97382,4,1,2523,0,1,0,0.25,0,0.2,0.142857,1
2467,97380,3,2,2523,0,0,0,0.25,0,0.2,0.142857,1
2468,97384,2,2,2523,0,1,0,0.25,0,0.2,0.142857,1
2469,97380,2,2,2523,0,0,0,0.25,0,0.2,0.142857,1
2470,97382,2,1,2524,0,1,0,0.25,0,0.2,0.142857,1
2471,97388,2,1,2524,0,0,0,0.25,0,0.2,0.142857,1
2472,97391,2,1,2524,0,0,0,0.25,0,0.2,0.142857,1
2473,97388,2,1,2524,0,0,0,0.25,0,0.2,0.142857,1
2474,97387,2,1,2524,0,0,0,0.25,0,0.2,0.142857,1
2475,97386,2,1,2524,0,0,0,0.25,0,0.2,0.142857,1
2476,97380,3,1,2524,0,0,0,0.25,0,0.2,0.142857,1
2477,97376,1,2,2525,0,1,0,0.25,0,0.2,0.142857,1
2478,97380,2,2,2525,0,0,0,0.25,0,0.2,0.142857,1
2479,97379,1,3,2525,0,0,0,0.25,0,0.2,0.142857,1
2480,97377,1,2,2526,0,1,1,0.25,0,0.2,0.142857,1
2481,97381,2,2,2526,0,0,0,0.25,0,0.2,0.142857,1
2482,97384,2,1,2527,0,1,0,0.25,0,0.2,0.142857,1
2483,97383,2,1,2527,0,0,0,0.25,0,0.2,0.142857,1
2484,97387,1,2,2527,0,0,0,0.25,0,0.2,0.142857,1
2485,97387,1,2,2527,0,0,0,0.25,0,0.2,0.142857,1
2486,97385,1,2,2527,0,0,0,0.25,0,0.2,0.142857,1
2487,97387,1,2,2527,0,0,0,0.25,0,0.2,0.142857,1
2488,97392,1,2,2527,0,0,0,0.25,0,0.2,0.142857,1
2489,97394,1,1,2528,0,1,0,0.25,0,0.2,0.142857,1
2490,97393,1,1,2527,0,0,0,0.25,0,0.2,0.142857,1
2491,97394,1,1,2527,0,0,0,0.25,0,0.2,0.142857,1
2492,97396,1,0,2528,0,1,0,0.25,0,0.2,0.142857,1
2493,97397,0,1,2528,0,0,0,0.25,0,0.2,0.142857,1
2494,97399,1,1,2528,0,0,0,0.25,0,0.2,0.142857,1
2495,97397,3,1,2528,0,0,0,0.25,0,0.2,0.142857,1
2496,97394,3,1,2528,0,0,0,0.25,0,0.2,0.142857,1
2497,97393,4,1,2528,0,0,0,0.25,0,0.2,0.142857,1
2498,97390,2,3,2528,0,0,0,0.25,0,0.2,0.142857,1
2499,97388,2,3,2528,0,0,0,0.25,0,0.2,0.142857,1
2500,97387,3,3,2528,0,0,0,0.25,0,0.2,0.142857,1
2501,97384,2,3,2529,0,1,0,0.25,0,0.2,0.142857,1
2502,97382,4,2,2530,0,1,0,0.25,0,0.2,0.142857,1
2503,97381,4,1,2531,0,1,0,0.25,0,0.2,0.142857,1
2504,97382,3,2,2531,0,0,0,0.25,0,0.2,0.142857,1
2505,97386,1,4,2531,0,0,0,0.25,0,0.2,0.142857,1
2506,97385,1,4,2531,0,0,0,0.25,0,0.2,0.142857,1
2507,97385,0,5,2531,0,0,0,0.25,0,0.2,0.142857,1
2508,97387,0,2,2534,0,3,0,0.25,0,0.2,0.142857,1
2509,97389,0,2,2533,0,0,0,0.25,0,0.2,0.142857,1
2510,97391,0,1,2534,0,1,0,0.25,0,0.2,0.142857,1
2511,97392,0,1,2534,0,0,0,0.25,0,0.2,0.142857,1
2512,97390,0,1,2534,0,0,0,0.25,0,0.2,0.142857,1
2513,97394,0,1,2534,0,0,0,0.25,0,0.2,0.142857,1
2514,97393,0,1,2534,0,0,0,0.25,0,0.2,0.142857,1
2515,97396,0,1,2534,0,0,0,0.25,0,0.2,0.142857,1
2516,97396,0,1,2534,0,0,0,0.25,0,0.2,0.142857,1
2517,97398,0,1,2534,0,0,0,0.25,0,0.2,0.142857,1
2518,97402,0,1,2534,0,0,0,0.25,0,0.2,0.142857,1
2519,97404,0,1,2534,0,0,0,0.25,0,0.2,0.142857,1
2520,97407,0,1,2534,0,0,0,0.25,0,0.2,0.142857,1
2521,97408,0,1,2534,0,0,0,0.25,0,0.2,0.142857,1
2522,97411,0,1,2534,0,0,0,0.25,0,0.2,0.142857,1
2523,97413,0,0,2535,0,1,0,0.25,0,0.2,0.142857,1
2524,97413,1,0,2535,0,0,0,0.25,0,0.2,0.142857,1
2525,97413,1,0,2534,0,0,0,0.25,0,0.2,0.142857,1
2526,97415,1,0,2534,0,0,0,0.25,0,0.2,0.142857,1
2527,97416,1,0,2534,0,0,0,0.25,0,0.2,0.142857,1
2528,97417,1,0,2534,0,0,0,0.25,0,0.2,0.142857,1
2529,97416,1,0,2534,0,0,0,0.25,0,0.2,0.142857,1
2530,97415,1,0,2534,0,0,0,0.25,0,0.2,0.142857,1
2531,97418,0,1,2534,0,0,0,0.25,0,0.2,0.142857,1
2532,97417,0,1,2534,0,0,0,0.25,0,0.2,0.142857,1
2533,97417,0,1,2534,0,0,0,0.25,0,0.2,0.142857,1
2534,97413,0,1,2534,0,0,0,0.25,0,0.2,0.142857,1
2535,97409,1,1,2534,0,0,0,0.25,0,0.2,0.142857,1
2536,97406,1,1,2534,0,0,0,0.25,0,0.2,0.142857,1
2537,97403,1,1,2534,0,0,0,0.25,0,0.2,0.142857,1
2538,97401,0,2,2534,0,0,0,0.25,0,0.2,0.142857,1
2539,97403,0,1,2535,0,1,1,0.25,0,0.2,0.142857,1
2540,97406,0,0,2536,0,1,0,0.25,0,0.2,0.142857,1
2541,97406,0,0,2536,0,0,0,0.25,0,0.2,0.142857,1
2542,97409,0,0,2536,0,0,0,0.25,0,0.2,0.142857,1
2543,97405,0,0,2536,0,0,0,0.25,0,0.2,0.142857,1
2544,97404,0,0,2536,0,0,0,0.25,0,0.2,0.142857,1
2545,97403,0,0,2536,0,0,0,0.25,0,0.2,0.142857,1
2546,97407,0,0,2536,0,0,0,0.25,0,0.2,0.142857,1
2547,97404,0,0,2536,0,0,0,0.25,0,0.2,0.142857,1
2548,97406,0,0,2536,0,0,0,0.25,0,0.2,0.142857,1
2549,97402,0,0,2536,0,0,0,0.25,0,0.2,0.142857,1
2550,97400,0,0,2536,0,0,0,0.25,0,0.2,0.142857,1
2551,97402,0,0,2536,0,0,0,0.25,0,0.2,0.142857,1
2552,97407,0,0,2536,0,0,0,0.25,0,0.2,0.142857,1
2553,97406,0,0,2536,0,0,0,0.25,0,0.2,0.142857,1
2554,97408,0,0,2536,0,0,0,0.25,0,0.2,0.142857,1
2555,97407,0,0,2536,0,0,0,0.25,0,0.2,0.142857,1
2556,97402,0,0,2536,0,0,0,0.25,0,0.2,0.142857,1
2557,97406,0,0,2536,0,0,0,0.25,0,0.2,0.142857,1
2558,97405,0,0,2536,0,0,0,0.25,0,0.2,0.142857,1
2559,97407,0,0,2536,0,0,0,0.25,0,0.2,0.142857,1
2560,97406,0,0,2536,0,0,0,0.25,0,0.2,0.142857,1
2561,97408,1,0,2536,0,0,0,0.25,0,0.2,0.142857,1
2562,97407,1,0,2536,0,0,0,0.25,0,0.2,0.142857,1
2563,97409,1,0,2536,0,0,0,0.25,0,0.2,0.142857,1
2564,97412,1,0,2536,0,0,0,0.25,0,0.2,0.142857,1
2565,97410,0,1,2536,0,0,0,0.25,0,0.2,0.142857,1
2566,97412,0,1,2535,0,0,0,0.25,0,0.2,0.142857,1
2567,97412,0,1,2535,0,0,0,0.25,0,0.2,0.142857,1
2568,97411,0,1,2535,0,0,0,0.25,0,0.2,0.142857,1
2569,97413,0,1,2535,0,0,0,0.25,0,0.2,0.142857,1
2570,97417,0,1,2535,0,0,0,0.25,0,0.2,0.142857,1
2571,97416,0,1,2535,0,0,0,0.25,0,0.2,0.142857,1
2572,97417,0,1,2535,0,0,0,0.25,0,0.2,0.142857,1
2573,97416,0,1,2535,0,0,0,0.25,0,0.2,0.142857,1
2574,97418,0,0,2536,0,1,0,0.25,0,0.2,0.142857,1
2575,97418,0,0,2536,0,0,0,0.25,0,0.2,0.142857,1
2576,97421,1,0,2536,0,0,0,0.25,0,0.2,0.142857,1
2577,97418,1,0,2536,0,0,0,0.25,0,0.2,0.142857,1
2578,97417,2,0,2535,0,0,0,0.25,0,0.2,0.142857,1
2579,97417,2,0,2534,0,0,0,0.25,0,0.2,0.142857,1
2580,97413,2,0,2534,0,0,0,0.25,0,0.2,0.142857,1
2581,97409,3,0,2534,0,0,0,0.25,0,0.2,0.142857,1
2582,97408,2,0,2535,0,1,0,0.25,0,0.2,0.142857,1
2583,97409,2,0,2535,0,0,0,0.25,0,0.2,0.142857,1
2584,97417,2,0,2535,0,0,0,0.25,0,0.2,0.142857,1
2585,97415,2,0,2535,0,0,0,0.25,0,0.2,0.142857,1
2586,97415,2,0,2535,0,0,0,0.25,0,0.2,0.142857,1
2587,97416,1,1,2535,0,0,0,0.25,0,0.2,0.142857,1
2588,97415,1,0,2536,0,1,0,0.25,0,0.2,0.142857,1
2589,97416,1,0,2535,0,0,0,0.25,0,0.2,0.142857,1
2590,97416,1,0,2535,0,0,0,0.25,0,0.2,0.142857,1
2591,97418,1,0,2535,0,0,0,0.25,0,0.2,0.142857,1
2592,97412,1,0,2535,0,0,0,0.25,0,0.2,0.142857,1
2593,97411,1,0,2535,0,0,0,0.25,0,0.2,0.142857,1
2594,97410,0,1,2535,0,0,0,0.25,0,0.2,0.142857,1
2595,97412,0,0,2536,0,1,0,0.25,0,0.2,0.142857,1
2596,97410,0,0,2536,0,0,0,0.25,0,0.2,0.142857,1
2597,97407,0,0,2536,0,0,0,0.25,0,0.2,0.142857,1
2598,97406,0,0,2536,0,0,0,0.25,0,0.2,0.142857,1
2599,97402,0,0,2536,0,0,0,0.25,0,0.2,0.142857,1
2600,97398,0,0,2535,0,0,0,0.25,0,0.2,0.142857,1
2601,97397,0,0,2535,0,0,0,0.25,0,0.2,0.142857,1
2602,97397,0,0,2535,0,0,0,0.25,0,0.2,0.142857,1
2603,97393,0,0,2535,0,0,0,0.25,0,0.2,0.142857,1
2604,97394,1,0,2534,0,0,0,0.25,0,0.2,0.142857,1
2605,97394,2,0,2533,0,0,0,0.25,0,0.2,0.142857,1
2606,97390,1,1,2533,0,0,0,0.25,0,0.2,0.142857,1
2607,97393,2,1,2533,0,0,0,0.25,0,0.2,0.142857,1
2608,97393,2,1,2533,0,0,0,0.25,0,0.2,0.142857,1
2609,97392,2,1,2532,0,0,0,0.25,0,0.2,0.142857,1
2610,97394,2,1,2532,0,0,0,0.25,0,0.2,0.142857,1
2611,97387,3,1,2532,0,0,0,0.25,0,0.2,0.142857,1
2612,97385,4,0,2533,0,1,0,0.25,0,0.2,0.142857,1
2613,97385,4,0,2532,0,0,0,0.25,0,0.2,0.142857,1
2614,97387,4,0,2532,0,0,0,0.25,0,0.2,0.142857,1
2615,97390,4,0,2531,0,0,0,0.25,0,0.2,0.142857,1
2616,97391,3,1,2531,0,0,0,0.25,0,0.2,0.142857,1
2617,97390,3,1,2531,0,0,0,0.25,0,0.2,0.142857,1
2618,97392,3,1,2531,0,0,0,0.25,0,0.2,0.142857,1
2619,97391,2,2,2531,0,0,0,0.25,0,0.2,0.142857,1
2620,97394,2,2,2531,0,0,0,0.25,0,0.2,0.142857,1
2621,97392,2,3,2531,0,0,0,0.25,0,0.2,0.142857,1
2622,97391,2,3,2531,0,0,0,0.25,0,0.2,0.142857,1
2623,97387,3,3,2531,0,0,0,0.25,0,0.2,0.142857,1
2624,97385,4,3,2531,0,0,0,0.25,0,0.2,0.142857,1
2625,97383,4,1,2533,0,2,0,0.25,0,0.2,0.142857,1
2626,97381,4,1,2533,0,0,0,0.25,0,0.2,0.142857,1
2627,97381,3,1,2534,0,1,2,0.25,0,0.2,0.142857,1
2628,97381,2,2,2533,0,0,0,0.25,0,0.2,0.142857,1
2629,97383,2,2,2533,0,0,0,0.25,0,0.2,0.142857,1
2630,97385,2,2,2533,0,0,0,0.25,0,0.2,0.142857,1
2631,97388,2,2,2533,0,0,0,0.25,0,0.2,0.142857,1
2632,97388,2,1,2534,0,1,0,0.25,0,0.2,0.142857,1
2633,97386,2,1,2534,0,0,0,0.25,0,0.2,0.142857,1
2634,97387,2,0,2535,0,1,1,0.25,0,0.2,0.142857,1
2635,97389,1,1,2535,0,0,0,0.25,0,0.2,0.142857,1
2636,97389,1,0,2536,0,1,0,0.25,0,0.2,0.142857,1
2637,97386,1,0,2536,0,0,0,0.25,0,0.2,0.142857,1
2638,97385,1,0,2536,0,0,0,0.25,0,0.2,0.142857,1
2639,97386,1,0,2536,0,0,0,0.25,0,0.2,0.142857,1
2640,97387,0,1,2536,0,0,0,0.25,0,0.2,0.142857,1
2641,97388,0,1,2536,0,0,0,0.25,0,0.2,0.142857,1
2642,97388,0,1,2536,0,0,0,0.25,0,0.2,0.142857,1
2643,97390,0,1,2535,0,0,0,0.25,0,0.2,0.142857,1
2644,97390,0,1,2535,0,0,0,0.25,0,0.2,0.142857,1
2645,97390,0,1,2535,0,0,0,0.25,0,0.2,0.142857,1
2646,97390,0,1,2534,0,0,0,0.25,0,0.2,0.142857,1
2647,97387,0,1,2534,0,0,0,0.25,0,0.2,0.142857,1
2648,97384,1,1,2534,0,0,0,0.25,0,0.2,0.142857,1
2649,97386,1,1,2534,0,0,0,0.25,0,0.2,0.142857,1
2650,97383,0,2,2534,0,0,0,0.25,0,0.2,0.142857,1
2651,97381,0,2,2534,0,0,0,0.25,0,0.2,0.142857,1
2652,97385,0,2,2534,0,0,0,0.25,0,0.2,0.142857,1
2653,97383,0,2,2532,0,0,0,0.25,0,0.2,0.142857,1
2654,97383,1,2,2532,0,0,0,0.25,0,0.2,0.142857,1
2655,97378,0,2,2533,0,1,0,0.25,0,0.2,0.142857,1
2656,97379,1,0,2535,0,2,0,0.25,0,0.2,0.142857,1
2657,97379,1,0,2535,0,0,0,0.25,0,0.2,0.142857,1
2658,97376,1,0,2535,0,0,0,0.25,0,0.2,0.142857,1
2659,97375,1,0,2535,0,0,0,0.25,0,0.2,0.142857,1
2660,97375,1,0,2535,0,0,0,0.25,0,0.2,0.142857,1
2661,97377,2,1,2535,0,0,0,0.25,0,0.2,0.142857,1
2662,97377,2,1,2535,0,0,0,0.25,0,0.2,0.142857,1
2663,97372,2,1,2535,0,0,0,0.25,0,0.2,0.142857,1
2664,97370,2,1,2535,0,0,0,0.25,0,0.2,0.142857,1
2665,97367,2,1,2535,0,0,0,0.25,0,0.2,0.142857,1
2666,97364,2,1,2535,0,0,0,0.25,0,0.2,0.142857,1
2667,97365,2,0,2536,0,1,1,0.25,0,0.2,0.142857,1
2668,97363,1,1,2536,0,0,0,0.25,0,0.2,0.142857,1
2669,97360,1,1,2536,0,0,0,0.25,0,0.2,0.142857,1
2670,97360,2,0,2537,0,1,0,0.25,0,0.2,0.142857,1
2671,97356,1,1,2537,0,0,0,0.25,0,0.2,0.142857,1
2672,97354,1,1,2537,0,0,0,0.25,0,0.2,0.142857,1
2673,97353,1,1,2536,0,0,0,0.25,0,0.2,0.142857,1
2674,97353,1,2,2536,0,0,0,0.25,0,0.2,0.142857,1
2675,97354,0,2,2537,0,1,1,0.25,0,0.2,0.142857,1
2676,97351,0,2,2537,0,0,0,0.25,0,0.2,0.142857,1
2677,97349,0,2,2537,0,0,0,0.25,0,0.2,0.142857,1
2678,97345,0,2,2537,0,0,0,0.25,0,0.2,0.142857,1
2679,97340,0,2,2537,0,0,0,0.25,0,0.2,0.142857,1
2680,97346,1,2,2537,0,0,0,0.25,0,0.2,0.142857,1
2681,97344,1,1,2538,0,1,0,0.25,0,0.2,0.142857,1
2682,97342,1,1,2538,0,0,0,0.25,0,0.2,0.142857,1
2683,97343,2,1,2538,0,0,0,0.25,0,0.2,0.142857,1
2684,97341,2,1,2538,0,0,0,0.25,0,0.2,0.142857,1
2685,97339,2,1,2538,0,0,0,0.25,0,0.2,0.142857,1
2686,97339,2,1,2538,0,0,0,0.25,0,0.2,0.142857,1
2687,97339,2,1,2537,0,0,0,0.25,0,0.2,0.142857,1
2688,97340,2,1,2538,0,1,0,0.25,0,0.2,0.142857,1
2689,97340,2,1,2538,0,0,0,0.25,0,0.2,0.142857,1
2690,97345,2,0,2539,0,1,0,0.25,0,0.2,0.142857,1
2691,97344,2,0,2539,0,0,0,0.25,0,0.2,0.142857,1
2692,97342,2,1,2539,0,0,0,0.25,0,0.2,0.142857,1
2693,97342,2,1,2539,0,0,0,0.25,0,0.2,0.142857,1
2694,97344,2,1,2539,0,0,0,0.25,0,0.2,0.142857,1
2695,97345,1,2,2539,0,0,0,0.25,0,0.2,0.142857,1
2696,97342,1,2,2539,0,0,0,0.25,0,0.2,0.142857,1
2697,97342,0,3,2539,0,0,0,0.25,0,0.2,0.142857,1
2698,97343,0,3,2539,0,0,0,0.25,0,0.2,0.142857,1
2699,97340,0,2,2540,0,1,2,0.25,0,0.2,0.142857,1
2700,97339,0,1,2541,0,1,0,0.25,0,0.2,0.142857,1
2701,97339,0,1,2541,0,0,0,0.25,0,0.2,0.142857,1
2702,97341,0,1,2541,0,0,0,0.25,0,0.2,0.142857,1
2703,97341,0,1,2541,0,0,0,0.25,0,0.2,0.142857,1
2704,97337,1,1,2541,0,0,0,0.25,0,0.2,0.142857,1
2705,97336,1,0,2542,0,1,0,0.25,0,0.2,0.142857,1
2706,97337,0,1,2542,0,0,0,0.25,0,0.2,0.142857,1
2707,97333,2,1,2542,0,0,0,0.25,0,0.2,0.142857,1
2708,97331,2,1,2542,0,0,0,0.25,0,0.2,0.142857,1
2709,97331,2,0,2543,0,1,1,0.25,0,0.2,0.142857,1
2710,97322,2,0,2543,0,0,0,0.25,0,0.2,0.142857,1
2711,97326,2,1,2543,0,0,0,0.25,0,0.2,0.142857,1
2712,97324,3,0,2544,0,1,0,0.25,0,0.2,0.142857,1
2713,97327,3,0,2544,0,0,0,0.25,0,0.2,0.142857,1
2714,97324,3,0,2544,0,0,0,0.25,0,0.2,0.142857,1
2715,97325,3,0,2544,0,0,0,0.25,0,0.2,0.142857,1
2716,97320,3,1,2544,0,0,0,0.25,0,0.2,0.142857,1
2717,97319,3,1,2544,0,0,0,0.25,0,0.2,0.142857,1
2718,97320,3,1,2544,0,0,0,0.25,0,0.2,0.142857,1
2719,97318,3,1,2544,0,0,0,0.25,0,0.2,0.142857,1
2720,97317,3,1,2544,0,0,0,0.25,0,0.2,0.142857,1
2721,97313,4,0,2545,0,1,0,0.25,0,0.2,0.142857,1
2722,97318,4,0,2545,0,0,0,0.25,0,0.2,0.142857,1
2723,97319,4,0,2545,0,0,0,0.25,0,0.2,0.142857,1
2724,97319,3,2,2545,0,0,0,0.25,0,0.2,0.142857,1
2725,97318,2,2,2546,0,1,1,0.25,0,0.2,0.142857,1
2726,97314,2,2,2546,0,0,0,0.25,0,0.2,0.142857,1
2727,97317,2,2,2546,0,0,0,0.25,0,0.2,0.142857,1
2728,97315,2,2,2546,0,0,0,0.25,0,0.2,0.142857,1
2729,97315,2,2,2546,0,0,0,0.25,0,0.2,0.142857,1
2730,97315,2,3,2546,0,0,0,0.25,0,0.2,0.142857,1
2731,97313,2,3,2547,0,1,0,0.25,0,0.2,0.142857,1
2732,97315,2,2,2548,0,1,0,0.25,0,0.2,0.142857,1
2733,97315,2,3,2548,0,0,0,0.25,0,0.2,0.142857,1
2734,97318,2,3,2548,0,0,0,0.25,0,0.2,0.142857,1
2735,97319,2,1,2550,0,2,2,0.25,0,0.2,0.142857,1
2736,97317,2,0,2551,0,1,1,0.25,0,0.2,0.142857,1
2737,97317,2,1,2551,0,0,0,0.25,0,0.2,0.142857,1
2738,97314,2,1,2551,0,0,0,0.25,0,0.2,0.142857,1
2739,97312,3,1,2551,0,0,0,0.25,0,0.2,0.142857,1
2740,97312,4,1,2551,0,0,0,0.25,0,0.2,0.142857,1
2741,97311,3,1,2552,0,1,2,0.25,0,0.2,0.142857,1
2742,97310,3,1,2552,0,0,0,0.25,0,0.2,0.142857,1
2743,97310,2,2,2552,0,0,0,0.25,0,0.2,0.142857,1
2744,97314,2,2,2552,0,0,0,0.25,0,0.2,0.142857,1
2745,97313,2,2,2552,0,0,0,0.25,0,0.2,0.142857,1
2746,97308,4,1,2553,0,1,0,0.25,0,0.2,0.142857,1
2747,97311,3,2,2553,0,0,0,0.25,0,0.2,0.142857,1
2748,97310,3,2,2553,0,0,0,0.25,0,0.2,0.142857,1
2749,97309,3,1,2554,0,1,0,0.25,0,0.2,0.142857,1
2750,97308,3,1,2553,0,0,0,0.25,0,0.2,0.142857,1
2751,97312,3,1,2553,0,0,0,0.25,0,0.2,0.142857,1
2752,97313,3,1,2554,0,1,0,0.25,0,0.2,0.142857,1
2753,97317,3,1,2554,0,0,0,0.25,0,0.2,0.142857,1
2754,97314,2,2,2554,0,0,0,0.25,0,0.2,0.142857,1
2755,97313,1,3,2554,0,0,0,0.25,0,0.2,0.142857,1
2756,97313,1,3,2554,0,0,0,0.25,0,0.2,0.142857,1
2757,97311,2,3,2554,0,0,0,0.25,0,0.2,0.142857,1
2758,97303,2,3,2554,0,0,0,0.25,0,0.2,0.142857,1
2759,97304,1,1,2557,0,3,0,0.25,0,0.2,0.142857,1
2760,97302,0,2,2557,0,0,0,0.25,0,0.2,0.142857,1
2761,97299,0,1,2558,0,1,0,0.25,0,0.2,0.142857,1
2762,97303,0,1,2558,0,0,0,0.25,0,0.2,0.142857,1
2763,97304,0,1,2558,0,0,0,0.25,0,0.2,0.142857,1
2764,97307,0,1,2558,0,0,0,0.25,0,0.2,0.142857,1
2765,97312,0,1,2557,0,0,0,0.25,0,0.2,0.142857,1
2766,97312,0,0,2558,0,1,0,0.25,0,0.2,0.142857,1
2767,97317,0,0,2558,0,0,0,0.25,0,0.2,0.142857,1
2768,97314,1,0,2558,0,0,0,0.25,0,0.2,0.142857,1
2769,97311,1,0,2558,0,0,0,0.25,0,0.2,0.142857,1
2770,97310,1,0,2558,0,0,0,0.25,0,0.2,0.142857,1
2771,97310,1,0,2558,0,0,0,0.25,0,0.2,0.142857,1
2772,97306,1,0,2557,0,0,0,0.25,0,0.2,0.142857,1
2773,97303,1,0,2557,0,0,0,0.25,0,0.2,0.142857,1
2774,97302,0,1,2557,0,0,0,0.25,0,0.2,0.142857,1
2775,97305,0,1,2557,0,0,0,0.25,0,0.2,0.142857,1
2776,97305,0,1,2557,0,0,0,0.25,0,0.2,0.142857,1
2777,97307,0,1,2557,0,0,0,0.25,0,0.2,0.142857,1
2778,97303,0,1,2557,0,0,0,0.25,0,0.2,0.142857,1
2779,97304,0,1,2557,0,0,0,0.25,0,0.2,0.142857,1
2780,97302,0,1,2557,0,0,0,0.25,0,0.2,0.142857,1
2781,97299,0,1,2557,0,0,0,0.25,0,0.2,0.142857,1
2782,97299,0,1,2557,0,0,0,0.25,0,0.2,0.142857,1
2783,97302,1,1,2557,0,0,0,0.25,0,0.2,0.142857,1
2784,97302,1,0,2558,0,1,0,0.25,0,0.2,0.142857,1
2785,97307,0,1,2558,0,0,0,0.25,0,0.2,0.142857,1
2786,97309,0,1,2557,0,0,0,0.25,0,0.2,0.142857,1
2787,97304,1,1,2557,0,0,0,0.25,0,0.2,0.142857,1
2788,97299,1,1,2557,0,0,0,0.25,0,0.2,0.142857,1
2789,97296,1,1,2557,0,0,0,0.25,0,0.2,0.142857,1
2790,97291,1,1,2557,0,0,0,0.25,0,0.2,0.142857,1
2791,97294,1,1,2557,0,0,0,0.25,0,0.2,0.142857,1
2792,97291,1,1,2557,0,0,0,0.25,0,0.2,0.142857,1
2793,97291,1,2,2557,0,0,0,0.25,0,0.2,0.142857,1
2794,97290,2,2,2557,0,0,0,0.25,0,0.2,0.142857,1
2795,97292,3,2,2557,0,0,0,0.25,0,0.2,0.142857,1
2796,97295,2,2,2558,0,1,0,0.25,0,0.2,0.142857,1
2797,97294,1,2,2559,0,1,0,0.25,0,0.2,0.142857,1
2798,97297,0,3,2559,0,0,0,0.25,0,0.2,0.142857,1
2799,97297,0,3,2559,0,0,0,0.25,0,0.2,0.142857,1
2800,97296,0,3,2559,0,0,0,0.25,0,0.2,0.142857,1
2801,97294,0,3,2559,0,0,0,0.25,0,0.2,0.142857,1
2802,97291,1,3,2559,0,0,0,0.25,0,0.2,0.142857,1
2803,97292,1,3,2559,0,0,0,0.25,0,0.2,0.142857,1
2804,97293,0,4,2559,0,0,0,0.25,0,0.2,0.142857,1
2805,97292,1,2,2561,0,2,0,0.25,0,0.2,0.142857,1
2806,97295,0,3,2561,0,0,0,0.25,0,0.2,0.142857,1
2807,97295,0,2,2562,0,1,1,0.25,0,0.2,0.142857,1
2808,97294,1,2,2562,0,0,0,0.25,0,0.2,0.142857,1
2809,97289,1,2,2562,0,0,0,0.25,0,0.2,0.142857,1
2810,97293,1,2,2561,0,0,0,0.25,0,0.2,0.142857,1
2811,97291,1,2,2561,0,0,0,0.25,0,0.2,0.142857,1
2812,97289,1,1,2562,0,1,0,0.25,0,0.2,0.142857,1
2813,97284,1,0,2563,0,1,0,0.25,0,0.2,0.142857,1
2814,97286,1,0,2563,0,0,0,0.25,0,0.2,0.142857,1
2815,97286,1,0,2563,0,0,0,0.25,0,0.2,0.142857,1
2816,97287,1,0,2563,0,0,0,0.25,0,0.2,0.142857,1
2817,97283,1,0,2563,0,0,0,0.25,0,0.2,0.142857,1
2818,97282,1,0,2563,0,0,0,0.25,0,0.2,0.142857,1
2819,97280,2,0,2563,0,0,0,0.25,0,0.2,0.142857,1
2820,97280,3,0,2563,0,0,0,0.25,0,0.2,0.142857,1
2821,97280,1,2,2563,0,0,0,0.25,0,0.2,0.142857,1
2822,97282,1,2,2563,0,0,0,0.25,0,0.2,0.142857,1
2823,97281,1,2,2563,0,0,0,0.25,0,0.2,0.142857,1
2824,97282,1,2,2563,0,0,0,0.25,0,0.2,0.142857,1
2825,97278,1,2,2563,0,0,0,0.25,0,0.2,0.142857,1
2826,97276,1,2,2563,0,0,0,0.25,0,0.2,0.142857,1
2827,97271,1,1,2564,0,1,1,0.25,0,0.2,0.142857,1
2828,97272,1,0,2565,0,1,0,0.25,0,0.2,0.142857,1
2829,97264,3,0,2565,0,0,0,0.25,0,0.2,0.142857,1
2830,97263,3,0,2565,0,0,0,0.25,0,0.2,0.142857,1
2831,97267,4,0,2565,0,0,0,0.25,0,0.2,0.142857,1
2832,97267,4,0,2565,0,0,0,0.25,0,0.2,0.142857,1
2833,97263,4,1,2565,0,0,0,0.25,0,0.2,0.142857,1
2834,97265,3,2,2565,0,0,0,0.25,0,0.2,0.142857,1
2835,97268,3,2,2565,0,0,0,0.25,0,0.2,0.142857,1
2836,97269,4,2,2565,0,0,0,0.25,0,0.2,0.142857,1
2837,97272,2,4,2565,0,0,0,0.25,0,0.2,0.142857,1
2838,97274,2,4,2565,0,0,0,0.25,0,0.2,0.142857,1
2839,97274,3,4,2565,0,0,0,0.25,0,0.2,0.142857,1
2840,97272,3,3,2566,0,1,0,0.25,0,0.2,0.142857,1
2841,97271,3,3,2566,0,0,0,0.25,0,0.2,0.142857,1
2842,97270,3,2,2567,0,1,0,0.25,0,0.2,0.142857,1
2843,97267,3,4,2566,0,0,0,0.25,0,0.2,0.142857,1
2844,97271,3,4,2566,0,0,0,0.25,0,0.2,0.142857,1
2845,97275,2,5,2566,0,0,0,0.25,0,0.2,0.142857,1
2846,97274,3,4,2567,0,1,0,0.25,0,0.2,0.142857,1
2847,97275,3,4,2568,0,1,0,0.25,0,0.2,0.142857,1
2848,97277,3,2,2569,0,2,0,0.25,0,0.2,0.142857,1
2849,97278,2,2,2570,0,1,1,0.25,0,0.2,0.142857,1
2850,97275,2,2,2570,0,0,0,0.25,0,0.2,0.142857,1
2851,97283,2,2,2570,0,0,0,0.25,0,0.2,0.142857,1
2852,97279,1,2,2571,0,1,0,0.25,0,0.2,0.142857,1
2853,97277,1,1,2572,0,1,0,0.25,0,0.2,0.142857,1
2854,97277,0,2,2572,0,0,0,0.25,0,0.2,0.142857,1
2855,97276,0,2,2572,0,0,0,0.25,0,0.2,0.142857,1
2856,97276,0,2,2572,0,0,0,0.25,0,0.2,0.142857,1
2857,97275,0,2,2572,0,0,0,0.25,0,0.2,0.142857,1
2858,97278,0,1,2573,0,1,2,0.25,0,0.2,0.142857,1
2859,97277,0,1,2573,0,0,0,0.25,0,0.2,0.142857,1
2860,97274,0,1,2573,0,0,0,0.25,0,0.2,0.142857,1
2861,97269,0,1,2573,0,0,0,0.25,0,0.2,0.142857,1
2862,97274,0,1,2573,0,0,0,0.25,0,0.2,0.142857,1
2863,97271,0,1,2573,0,0,0,0.25,0,0.2,0.142857,1
2864,97273,0,0,2574,0,1,1,0.25,0,0.2,0.142857,1
2865,97274,0,0,2574,0,0,0,0.25,0,0.2,0.142857,1
2866,97275,0,0,2574,0,0,0,0.25,0,0.2,0.142857,1
2867,97274,0,0,2574,0,0,0,0.25,0,0.2,0.142857,1
2868,97279,0,0,2574,0,0,0,0.25,0,0.2,0.142857,1
2869,97283,0,0,2574,0,0,0,0.25,0,0.2,0.142857,1
2870,97285,0,0,2574,0,0,0,0.25,0,0.2,0.142857,1
2871,97284,0,0,2574,0,0,0,0.25,0,0.2,0.142857,1
2872,97283,0,0,2574,0,0,0,0.25,0,0.2,0.142857,1
2873,97287,0,0,2574,0,0,0,0.25,0,0.2,0.142857,1
2874,97283,0,0,2573,0,0,0,0.25,0,0.2,0.142857,1
2875,97281,0,0,2573,0,0,0,0.25,0,0.2,0.142857,1
2876,97284,0,0,2573,0,0,0,0.25,0,0.2,0.142857,1
2877,97289,0,0,2573,0,0,0,0.25,0,0.2,0.142857,1
2878,97293,0,0,2573,0,0,0,0.25,0,0.2,0.142857,1
2879,97294,0,0,2573,0,0,0,0.25,0,0.2,0.142857,1
2880,97293,0,0,2573,0,0,0,0.25,0,0.2,0.142857,1
2881,97298,0,0,2572,0,0,0,0.25,0,0.2,0.142857,1
2882,97301,0,0,2572,0,0,0,0.25,0,0.2,0.142857,1
2883,97302,0,0,2572,0,0,0,0.25,0,0.2,0.142857,1
2884,97297,0,0,2572,0,0,0,0.25,0,0.2,0.142857,1
2885,97298,0,0,2572,0,0,0,0.25,0,0.2,0.142857,1
2886,97293,2,0,2572,0,0,0,0.25,0,0.2,0.142857,1
2887,97293,2,0,2572,0,0,0,0.25,0,0.2,0.142857,1
2888,97295,2,0,2571,0,0,0,0.25,0,0.2,0.142857,1
2889,97294,3,0,2571,0,0,0,0.25,0,0.2,0.142857,1
2890,97291,3,0,2571,0,0,0,0.25,0,0.2,0.142857,1
2891,97287,2,1,2570,0,0,0,0.25,0,0.2,0.142857,1
2892,97284,2,0,2571,0,1,0,0.25,0,0.2,0.142857,1
2893,97286,1,1,2571,0,0,0,0.25,0,0.2,0.142857,1
2894,97290,0,1,2572,0,1,0,0.25,0,0.2,0.142857,1
2895,97291,0,1,2572,0,0,0,0.25,0,0.2,0.142857,1
2896,97287,1,1,2572,0,0,0,0.25,0,0.2,0.142857,1
2897,97287,1,1,2572,0,0,0,0.25,0,0.2,0.142857,1
2898,97286,1,1,2572,0,0,0,0.25,0,0.2,0.142857,1
2899,97286,1,1,2572,0,0,0,0.25,0,0.2,0.142857,1
2900,97286,1,1,2572,0,0,0,0.25,0,0.2,0.142857,1
2901,97286,2,1,2572,0,0,0,0.25,0,0.2,0.142857,1
2902,97284,3,0,2573,0,1,0,0.25,0,0.2,0.142857,1
2903,97286,3,0,2573,0,0,0,0.25,0,0.2,0.142857,1
2904,97282,4,0,2573,0,0,0,0.25,0,0.2,0.142857,1
2905,97275,4,0,2573,0,0,0,0.25,0,0.2,0.142857,1
2906,97276,5,0,2573,0,0,0,0.25,0,0.2,0.142857,1
2907,97276,5,0,2572,0,0,0,0.25,0,0.2,0.142857,1
2908,97279,5,0,2572,0,0,0,0.25,0,0.2,0.142857,1
2909,97278,5,0,2572,0,0,0,0.25,0,0.2,0.142857,1
2910,97280,6,0,2572,0,0,0,0.25,0,0.2,0.142857,1
2911,97282,6,0,2572,0,0,0,0.25,0,0.2,0.142857,1
2912,97282,4,2,2572,0,0,0,0.25,0,0.2,0.142857,1
2913,97282,5,2,2572,0,0,0,0.25,0,0.2,0.142857,1
2914,97287,5,1,2573,0,1,0,0.25,0,0.2,0.142857,1
2915,97286,4,1,2574,0,1,0,0.25,0,0.2,0.142857,1
2916,97285,3,2,2574,0,0,0,0.25,0,0.2,0.142857,1
2917,97286,2,2,2575,0,1,1,0.25,0,0.2,0.142857,1
2918,97289,2,2,2575,0,0,0,0.25,0,0.2,0.142857,1
2919,97292,1,2,2576,0,1,2,0.25,0,0.2,0.142857,1
2920,97295,1,2,2575,0,0,0,0.25,0,0.2,0.142857,1
2921,97295,1,1,2575,0,1,0,0.25,0,0.2,0.142857,1
2922,97294,2,1,2575,0,0,0,0.25,0,0.2,0.142857,1
2923,97292,3,1,2575,0,0,0,0.25,0,0.2,0.142857,1
2924,97291,3,1,2575,0,0,0,0.25,0,0.2,0.142857,1
2925,97294,3,1,2575,0,0,0,0.25,0,0.2,0.142857,1
2926,97293,3,1,2575,0,0,0,0.25,0,0.2,0.142857,1
2927,97289,4,1,2575,0,0,0,0.25,0,0.2,0.142857,1
2928,97291,4,1,2575,0,0,0,0.25,0,0.2,0.142857,1
2929,97287,4,1,2575,0,0,0,0.25,0,0.2,0.142857,1
2930,97286,4,1,2575,0,0,0,0.25,0,0.2,0.142857,1
2931,97284,3,2,2575,0,0,0,0.25,0,0.2,0.142857,1
2932,97282,5,2,2574,0,0,0,0.25,0,0.2,0.142857,1
2933,97283,5,2,2574,0,0,0,0.25,0,0.2,0.142857,1
2934,97287,4,3,2572,0,0,0,0.25,0,0.2,0.142857,1
2935,97289,5,3,2572,0,0,0,0.25,0,0.2,0.142857,1
2936,97290,5,1,2574,0,2,0,0.25,0,0.2,0.142857,1
2937,97291,5,1,2574,0,0,0,0.25,0,0.2,0.142857,1
2938,97289,4,2,2574,0,0,0,0.25,0,0.2,0.142857,1
2939,97294,4,2,2574,0,0,0,0.25,0,0.2,0.142857,1
2940,97294,2,4,2574,0,0,0,0.25,0,0.2,0.142857,1
2941,97292,1,4,2575,0,1,0,0.25,0,0.2,0.142857,1
2942,97296,1,1,2577,0,3,0,0.25,0,0.2,0.142857,1
2943,97293,0,1,2578,0,1,2,0.25,0,0.2,0.142857,1
2944,97291,0,1,2578,0,0,0,0.25,0,0.2,0.142857,1
2945,97290,0,1,2577,0,0,0,0.25,0,0.2,0.142857,1
2946,97287,1,0,2578,0,1,0,0.25,0,0.2,0.142857,1
2947,97285,1,0,2578,0,0,0,0.25,0,0.2,0.142857,1
2948,97288,0,0,2579,0,1,0,0.25,0,0.2,0.142857,1
2949,97285,0,0,2579,0,0,0,0.25,0,0.2,0.142857,1
2950,97284,0,0,2579,0,0,0,0.25,0,0.2,0.142857,1
2951,97287,0,0,2579,0,0,0,0.25,0,0.2,0.142857,1
2952,97284,1,0,2579,0,0,0,0.25,0,0.2,0.142857,1
2953,97284,0,1,2579,0,0,0,0.25,0,0.2,0.142857,1
2954,97289,0,0,2580,0,1,0,0.25,0,0.2,0.142857,1
2955,97289,0,0,2580,0,0,0,0.25,0,0.2,0.142857,1
2956,97284,0,1,2580,0,0,0,0.25,0,0.2,0.142857,1
2957,97289,1,0,2581,0,1,0,0.25,0,0.2,0.142857,1
2958,97290,1,0,2581,0,0,0,0.25,0,0.2,0.142857,1
2959,97287,1,0,2581,0,0,0,0.25,0,0.2,0.142857,1
2960,97285,1,0,2581,0,0,0,0.25,0,0.2,0.142857,1
2961,97290,1,0,2580,0,0,0,0.25,0,0.2,0.142857,1
2962,97293,1,0,2580,0,0,0,0.25,0,0.2,0.142857,1
2963,97296,1,0,2579,0,0,0,0.25,0,0.2,0.142857,1
2964,97296,1,0,2579,0,0,0,0.25,0,0.2,0.142857,1
2965,97293,1,0,2579,0,0,0,0.25,0,0.2,0.142857,1
2966,97293,1,0,2579,0,0,0,0.25,0,0.2,0.142857,1
2967,97287,1,0,2579,0,0,0,0.25,0,0.2,0.142857,1
2968,97285,1,0,2579,0,0,0,0.25,0,0.2,0.142857,1
2969,97284,1,0,2579,0,0,0,0.25,0,0.2,0.142857,1
2970,97289,1,0,2578,0,0,0,0.25,0,0.2,0.142857,1
2971,97290,1,0,2578,0,0,0,0.25,0,0.2,0.142857,1
2972,97288,1,0,2578,0,0,0,0.25,0,0.2,0.142857,1
2973,97285,1,0,2578,0,0,0,0.25,0,0.2,0.142857,1
2974,97284,2,0,2578,0,0,0,0.25,0,0.2,0.142857,1
2975,97282,2,0,2577,0,0,0,0.25,0,0.2,0.142857,1
2976,97279,1,1,2577,0,0,0,0.25,0,0.2,0.142857,1
2977,97278,1,1,2577,0,0,0,0.25,0,0.2,0.142857,1
2978,97279,1,0,2578,0,1,0,0.25,0,0.2,0.142857,1
2979,97277,1,0,2578,0,0,0,0.25,0,0.2,0.142857,1
2980,97278,1,0,2578,0,0,0,0.25,0,0.2,0.142857,1
2981,97278,1,0,2578,0,0,0,0.25,0,0.2,0.142857,1
2982,97279,0,1,2578,0,0,0,0.25,0,0.2,0.142857,1
2983,97275,0,0,2579,0,1,0,0.25,0,0.2,0.142857,1
2984,97272,1,0,2579,0,0,0,0.25,0,0.2,0.142857,1
2985,97273,2,0,2579,0,0,0,0.25,0,0.2,0.142857,1
2986,97275,2,0,2579,0,0,0,0.25,0,0.2,0.142857,1
2987,97274,3,0,2579,0,0,0,0.25,0,0.2,0.142857,1
2988,97274,3,0,2579,0,0,0,0.25,0,0.2,0.142857,1
2989,97271,3,0,2579,0,0,0,0.25,0,0.2,0.142857,1
2990,97276,3,0,2579,0,0,0,0.25,0,0.2,0.142857,1
2991,97279,4,0,2579,0,0,0,0.25,0,0.2,0.142857,1
2992,97280,3,1,2579,0,0,0,0.25,0,0.2,0.142857,1
2993,97283,3,1,2579,0,0,0,0.25,0,0.2,0.142857,1
2994,97281,2,2,2579,0,0,0,0.25,0,0.2,0.142857,1
2995,97279,3,2,2579,0,0,0,0.25,0,0.2,0.142857,1
2996,97276,3,2,2579,0,0,0,0.25,0,0.2,0.142857,1
2997,97274,3,1,2580,0,1,0,0.25,0,0.2,0.142857,1
2998,97272,3,1,2580,0,0,0,0.25,0,0.2,0.142857,1
2999,97272,3,1,2580,0,0,0,0.25,0,0.2,0.142857,1
3000,97267,3,1,2580,0,0,0,0.25,0,0.2,0.142857,1
3001,97265,3,1,2581,0,1,0,0.25,0,0.2,0.142857,1
3002,97266,3,1,2581,0,0,0,0.25,0,0.2,0.142857,1
3003,97268,3,1,2580,0,0,0,0.25,0,0.2,0.142857,1
3004,97267,3,1,2580,0,0,0,0.25,0,0.2,0.142857,1
3005,97267,3,1,2580,0,0,0,0.25,0,0.2,0.142857,1
3006,97270,3,1,2580,0,0,0,0.25,0,0.2,0.142857,1
3007,97270,3,1,2580,0,0,0,0.25,0,0.2,0.142857,1
3008,97268,4,1,2580,0,0,0,0.25,0,0.2,0.142857,1
3009,97271,4,0,2581,0,1,1,0.25,0,0.2,0.142857,1
3010,97269,4,0,2581,0,0,0,0.25,0,0.2,0.142857,1
3011,97267,4,1,2581,0,0,0,0.25,0,0.2,0.142857,1
3012,97266,3,1,2582,0,1,0,0.25,0,0.2,0.142857,1
3013,97266,3,1,2582,0,0,0,0.25,0,0.2,0.142857,1
3014,97266,2,2,2582,0,0,0,0.25,0,0.2,0.142857,1
3015,97265,2,2,2582,0,0,0,0.25,0,0.2,0.142857,1
3016,97271,2,2,2582,0,0,0,0.25,0,0.2,0.142857,1
3017,97276,2,1,2584,0,2,0,0.25,0,0.2,0.142857,1
3018,97277,2,1,2584,0,0,0,0.25,0,0.2,0.142857,1
3019,97279,2,1,2584,0,0,0,0.25,0,0.2,0.142857,1
3020,97276,2,1,2584,0,0,0,0.25,0,0.2,0.142857,1
3021,97278,2,1,2584,0,0,0,0.25,0,0.2,0.142857,1
3022,97275,2,1,2583,0,0,0,0.25,0,0.2,0.142857,1
3023,97278,2,1,2583,0,0,0,0.25,0,0.2,0.142857,1
3024,97280,2,1,2583,0,0,0,0.25,0,0.2,0.142857,1
3025,97282,2,1,2583,0,0,0,0.25,0,0.2,0.142857,1
3026,97280,3,1,2582,0,0,0,0.25,0,0.2,0.142857,1
3027,97275,3,1,2582,0,0,0,0.25,0,0.2,0.142857,1
3028,97280,4,0,2583,0,1,2,0.25,0,0.2,0.142857,1
3029,97281,4,0,2583,0,0,0,0.25,0,0.2,0.142857,1
3030,97282,4,0,2583,0,0,0,0.25,0,0.2,0.142857,1
3031,97284,4,0,2583,0,0,0,0.25,0,0.2,0.142857,1
3032,97284,4,0,2583,0,0,0,0.25,0,0.2,0.142857,1
3033,97283,4,0,2583,0,0,0,0.25,0,0.2,0.142857,1
3034,97282,3,1,2582,0,0,0,0.25,0,0.2,0.142857,1
3035,97284,3,0,2583,0,1,1,0.25,0,0.2,0.142857,1
3036,97282,1,1,2584,0,1,0,0.25,0,0.2,0.142857,1
3037,97280,1,0,2585,0,1,0,0.25,0,0.2,0.142857,1
3038,97280,1,0,2585,0,0,0,0.25,0,0.2,0.142857,1
3039,97281,1,0,2585,0,0,0,0.25,0,0.2,0.142857,1
3040,97277,1,0,2585,0,0,0,0.25,0,0.2,0.142857,1
3041,97275,1,0,2585,0,0,0,0.25,0,0.2,0.142857,1
3042,97273,1,0,2585,0,0,0,0.25,0,0.2,0.142857,1
3043,97274,1,0,2585,0,0,0,0.25,0,0.2,0.142857,1
3044,97276,1,0,2585,0,0,0,0.25,0,0.2,0.142857,1
3045,97276,1,0,2585,0,0,0,0.25,0,0.2,0.142857,1
3046,97275,2,0,2585,0,0,0,0.25,0,0.2,0.142857,1
3047,97268,2,0,2585,0,0,0,0.25,0,0.2,0.142857,1
3048,97269,1,1,2584,0,0,0,0.25,0,0.2,0.142857,1
3049,97267,1,2,2584,0,0,0,0.25,0,0.2,0.142857,1
3050,97271,1,1,2585,0,1,0,0.25,0,0.2,0.142857,1
3051,97270,2,1,2585,0,0,0,0.25,0,0.2,0.142857,1
3052,97271,2,1,2585,0,0,0,0.25,0,0.2,0.142857,1
3053,97274,2,1,2584,0,0,0,0.25,0,0.2,0.142857,1
3054,97274,2,1,2584,0,0,0,0.25,0,0.2,0.142857,1
3055,97277,2,1,2584,0,0,0,0.25,0,0.2,0.142857,1
3056,97276,2,1,2584,0,0,0,0.25,0,0.2,0.142857,1
3057,97275,1,2,2584,0,0,0,0.25,0,0.2,0.142857,1
3058,97274,1,2,2583,0,0,0,0.25,0,0.2,0.142857,1
3059,97275,1,1,2584,0,1,1,0.25,0,0.2,0.142857,1
3060,97276,1,1,2584,0,0,0,0.25,0,0.2,0.142857,1
3061,97276,1,1,2585,0,1,0,0.25,0,0.2,0.142857,1
3062,97277,2,1,2585,0,0,0,0.25,0,0.2,0.142857,1
3063,97279,2,0,2586,0,1,0,0.25,0,0.2,0.142857,1
3064,97276,2,0,2586,0,0,0,0.25,0,0.2,0.142857,1
3065,97280,2,0,2585,0,0,0,0.25,0,0.2,0.142857,1
3066,97280,2,0,2585,0,0,0,0.25,0,0.2,0.142857,1
3067,97279,2,0,2585,0,0,0,0.25,0,0.2,0.142857,1
3068,97279,2,0,2585,0,0,0,0.25,0,0.2,0.142857,1
3069,97278,2,0,2585,0,0,0,0.25,0,0.2,0.142857,1
3070,97280,2,0,2585,0,0,0,0.25,0,0.2,0.142857,1
3071,97280,2,0,2585,0,0,0,0.25,0,0.2,0.142857,1
3072,97276,2,0,2585,0,0,0,0.25,0,0.2,0.142857,1
3073,97276,2,0,2585,0,0,0,0.25,0,0.2,0.142857,1
3074,97279,2,0,2584,0,0,0,0.25,0,0.2,0.142857,1
3075,97278,3,0,2584,0,0,0,0.25,0,0.2,0.142857,1
3076,97280,2,1,2583,0,0,0,0.25,0,0.2,0.142857,1
3077,97277,2,1,2583,0,0,0,0.25,0,0.2,0.142857,1
3078,97278,2,1,2583,0,0,0,0.25,0,0.2,0.142857,1
3079,97274,2,1,2583,0,0,0,0.25,0,0.2,0.142857,1
3080,97273,2,1,2583,0,0,0,0.25,0,0.2,0.142857,1
3081,97275,2,1,2583,0,0,0,0.25,0,0.2,0.142857,1
3082,97274,2,1,2583,0,0,0,0.25,0,0.2,0.142857,1
3083,97275,2,0,2584,0,1,0,0.25,0,0.2,0.142857,1
3084,97271,2,0,2584,0,0,0,0.25,0,0.2,0.142857,1
3085,97270,2,0,2584,0,0,0,0.25,0,0.2,0.142857,1
3086,97272,2,0,2584,0,0,0,0.25,0,0.2,0.142857,1
3087,97272,2,0,2584,0,0,0,0.25,0,0.2,0.142857,1
3088,97277,2,0,2583,0,0,0,0.25,0,0.2,0.142857,1
3089,97278,2,0,2583,0,0,0,0.25,0,0.2,0.142857,1
3090,97278,2,0,2583,0,0,0,0.25,0,0.2,0.142857,1
3091,97280,2,0,2583,0,0,0,0.25,0,0.2,0.142857,1
3092,97281,2,0,2583,0,0,0,0.25,0,0.2,0.142857,1
3093,97283,2,0,2583,0,0,0,0.25,0,0.2,0.142857,1
3094,97276,2,1,2583,0,0,0,0.25,0,0.2,0.142857,1
3095,97271,2,1,2583,0,0,0,0.25,0,0.2,0.142857,1
3096,97270,4,1,2583,0,0,0,0.25,0,0.2,0.142857,1
3097,97266,4,0,2584,0,1,0,0.25,0,0.2,0.142857,1
3098,97266,4,0,2584,0,0,0,0.25,0,0.2,0.142857,1
3099,97265,4,0,2584,0,0,0,0.25,0,0.2,0.142857,1
3100,97263,2,2,2584,0,0,0,0.25,0,0.2,0.142857,1
3101,97267,2,2,2583,0,0,0,0.25,0,0.2,0.142857,1
3102,97264,2,2,2583,0,0,0,0.25,0,0.2,0.142857,1
3103,97265,3,1,2584,0,1,0,0.25,0,0.2,0.142857,1
3104,97267,2,2,2584,0,0,0,0.25,0,0.2,0.142857,1
3105,97262,1,2,2585,0,1,0,0.25,0,0.2,0.142857,1
3106,97260,1,2,2585,0,0,0,0.25,0,0.2,0.142857,1
3107,97264,0,2,2586,0,1,0,0.25,0,0.2,0.142857,1
3108,97264,2,2,2586,0,0,0,0.25,0,0.2,0.142857,1
3109,97265,3,2,2586,0,0,0,0.25,0,0.2,0.142857,1
3110,97269,2,3,2586,0,0,0,0.25,0,0.2,0.142857,1
3111,97266,1,2,2588,0,2,0,0.25,0,0.2,0.142857,1
3112,97265,1,2,2588,0,0,0,0.25,0,0.2,0.142857,1
3113,97260,2,2,2588,0,0,0,0.25,0,0.2,0.142857,1
3114,97255,2,2,2588,0,0,0,0.25,0,0.2,0.142857,1
3115,97253,2,1,2589,0,1,0,0.25,0,0.2,0.142857,1
3116,97254,2,1,2589,0,0,0,0.25,0,0.2,0.142857,1
3117,97254,2,0,2590,0,1,0,0.25,0,0.2,0.142857,1
3118,97253,1,1,2590,0,0,0,0.25,0,0.2,0.142857,1
3119,97257,1,0,2591,0,1,0,0.25,0,0.2,0.142857,1
3120,97256,1,0,2590,0,0,0,0.25,0,0.2,0.142857,1
3121,97255,1,0,2590,0,0,0,0.25,0,0.2,0.142857,1
3122,97252,1,1,2590,0,0,0,0.25,0,0.2,0.142857,1
3123,97258,1,1,2590,0,0,0,0.25,0,0.2,0.142857,1
3124,97256,1,1,2590,0,0,0,0.25,0,0.2,0.142857,1
3125,97251,1,1,2590,0,0,0,0.25,0,0.2,0.142857,1
3126,97250,2,1,2590,0,0,0,0.25,0,0.2,0.142857,1
3127,97252,2,1,2590,0,0,0,0.25,0,0.2,0.142857,1
3128,97252,2,0,2591,0,1,0,0.25,0,0.2,0.142857,1
3129,97252,2,0,2591,0,0,0,0.25,0,0.2,0.142857,1
3130,97248,2,0,2591,0,0,0,0.25,0,0.2,0.142857,1
3131,97249,2,0,2591,0,0,0,0.25,0,0.2,0.142857,1
3132,97246,2,0,2591,0,0,0,0.25,0,0.2,0.142857,1
3133,97246,2,0,2591,0,0,0,0.25,0,0.2,0.142857,1
3134,97246,2,0,2591,0,0,0,0.25,0,0.2,0.142857,1
3135,97248,2,0,2590,0,0,0,0.25,0,0.2,0.142857,1
3136,97246,2,0,2590,0,0,0,0.25,0,0.2,0.142857,1
3137,97242,2,0,2590,0,0,0,0.25,0,0.2,0.142857,1
3138,97237,2,0,2590,0,0,0,0.25,0,0.2,0.142857,1
3139,97236,2,1,2590,0,0,0,0.25,0,0.2,0.142857,1
3140,97241,2,1,2590,0,0,0,0.25,0,0.2,0.142857,1
3141,97238,3,1,2590,0,0,0,0.25,0,0.2,0.142857,1
3142,97237,4,0,2591,0,1,0,0.25,0,0.2,0.142857,1
3143,97238,3,1,2591,0,0,0,0.25,0,0.2,0.142857,1
3144,97239,3,1,2591,0,0,0,0.25,0,0.2,0.142857,1
3145,97236,3,1,2591,0,0,0,0.25,0,0.2,0.142857,1
3146,97234,3,0,2592,0,1,1,0.25,0,0.2,0.142857,1
3147,97242,2,1,2592,0,0,0,0.25,0,0.2,0.142857,1
3148,97241,2,2,2592,0,0,0,0.25,0,0.2,0.142857,1
3149,97243,1,3,2591,0,0,0,0.25,0,0.2,0.142857,1
3150,97246,1,3,2591,0,0,0,0.25,0,0.2,0.142857,1
3151,97247,1,2,2592,0,1,0,0.25,0,0.2,0.142857,1
3152,97252,1,2,2592,0,0,0,0.25,0,0.2,0.142857,1
3153,97250,2,1,2593,0,1,0,0.25,0,0.2,0.142857,1
3154,97255,2,1,2593,0,0,0,0.25,0,0.2,0.142857,1
3155,97256,1,1,2594,0,1,1,0.25,0,0.2,0.142857,1
3156,97255,1,1,2594,0,0,0,0.25,0,0.2,0.142857,1
3157,97257,1,1,2594,0,0,0,0.25,0,0.2,0.142857,1
3158,97261,1,1,2594,0,0,0,0.25,0,0.2,0.142857,1
3159,97259,0,2,2594,0,0,0,0.25,0,0.2,0.142857,1
3160,97260,1,2,2594,0,0,0,0.25,0,0.2,0.142857,1
3161,97262,1,2,2594,0,0,0,0.25,0,0.2,0.142857,1
3162,97262,1,1,2595,0,1,0,0.25,0,0.2,0.142857,1
3163,97263,1,1,2595,0,0,0,0.25,0,0.2,0.142857,1
3164,97264,1,1,2595,0,0,0,0.25,0,0.2,0.142857,1
3165,97269,1,1,2595,0,0,0,0.25,0,0.2,0.142857,1
3166,97272,1,1,2595,0,0,0,0.25,0,0.2,0.142857,1
3167,97267,1,1,2595,0,0,0,0.25,0,0.2,0.142857,1
3168,97265,1,1,2595,0,0,0,0.25,0,0.2,0.142857,1
3169,97264,1,0,2596,0,1,0,0.25,0,0.2,0.142857,1
3170,97261,2,0,2596,0,0,0,0.25,0,0.2,0.142857,1
3171,97261,3,0,2596,0,0,0,0.25,0,0.2,0.142857,1
3172,97260,2,2,2596,0,0,0,0.25,0,0.2,0.142857,1
3173,97259,1,2,2597,0,1,0,0.25,0,0.2,0.142857,1
3174,97264,1,2,2597,0,0,0,0.25,0,0.2,0.142857,1
3175,97264,1,2,2597,0,0,0,0.25,0,0.2,0.142857,1
3176,97261,1,1,2598,0,1,0,0.25,0,0.2,0.142857,1
3177,97268,0,1,2599,0,1,0,0.25,0,0.2,0.142857,1
3178,97272,0,0,2600,0,1,0,0.25,0,0.2,0.142857,1
3179,97274,0,0,2600,0,0,0,0.25,0,0.2,0.142857,1
3180,97277,0,0,2600,0,0,0,0.25,0,0.2,0.142857,1
3181,97275,0,0,2600,0,0,0,0.25,0,0.2,0.142857,1
3182,97277,0,0,2600,0,0,0,0.25,0,0.2,0.142857,1
3183,97274,1,0,2599,0,0,0,0.25,0,0.2,0.142857,1
3184,97275,1,0,2599,0,0,0,0.25,0,0.2,0.142857,1
3185,97275,1,0,2599,0,0,0,0.25,0,0.2,0.142857,1
3186,97279,1,0,2599,0,0,0,0.25,0,0.2,0.142857,1
3187,97276,1,0,2599,0,0,0,0.25,0,0.2,0.142857,1
3188,97275,1,0,2599,0,0,0,0.25,0,0.2,0.142857,1
3189,97281,1,0,2599,0,0,0,0.25,0,0.2,0.142857,1
3190,97282,1,0,2599,0,0,0,0.25,0,0.2,0.142857,1
3191,97283,1,0,2599,0,0,0,0.25,0,0.2,0.142857,1
3192,97279,1,0,2599,0,0,0,0.25,0,0.2,0.142857,1
3193,97282,1,0,2599,0,0,0,0.25,0,0.2,0.142857,1
3194,97278,1,0,2599,0,0,0,0.25,0,0.2,0.142857,1
3195,97281,0,1,2599,0,0,0,0.25,0,0.2,0.142857,1
3196,97277,0,1,2599,0,0,0,0.25,0,0.2,0.142857,1
3197,97274,0,1,2599,0,0,0,0.25,0,0.2,0.142857,1
3198,97278,0,1,2599,0,0,0,0.25,0,0.2,0.142857,1
3199,97272,0,1,2600,0,1,0,0.25,0,0.2,0.142857,1
3200,97269,0,0,2600,0,1,1,0.25,0,0.2,0.142857,1
3201,97265,0,0,2600,0,0,0,0.25,0,0.2,0.142857,1
3202,97262,0,0,2600,0,0,0,0.25,0,0.2,0.142857,1
3203,97262,0,0,2600,0,0,0,0.25,0,0.2,0.142857,1
3204,97267,0,0,2600,0,0,0,0.25,0,0.2,0.142857,1
3205,97270,1,0,2599,0,0,0,0.25,0,0.2,0.142857,1
3206,97270,1,0,2599,0,0,0,0.25,0,0.2,0.142857,1
3207,97277,1,0,2599,0,0,0,0.25,0,0.2,0.142857,1
3208,97277,1,0,2599,0,0,0,0.25,0,0.2,0.142857,1
3209,97284,1,0,2599,0,0,0,0.25,0,0.2,0.142857,1
3210,97284,1,0,2599,0,0,0,0.25,0,0.2,0.142857,1
3211,97282,1,0,2599,0,0,0,0.25,0,0.2,0.142857,1
3212,97282,1,0,2599,0,0,0,0.25,0,0.2,0.142857,1
3213,97280,2,1,2599,0,0,0,0.25,0,0.2,0.142857,1
3214,97279,2,1,2599,0,0,0,0.25,0,0.2,0.142857,1
3215,97278,2,1,2599,0,0,0,0.25,0,0.2,0.142857,1
3216,97279,0,3,2599,0,0,0,0.25,0,0.2,0.142857,1
3217,97277,0,3,2599,0,0,0,0.25,0,0.2,0.142857,1
3218,97279,2,2,2600,0,1,0,0.25,0,0.2,0.142857,1
3219,97281,2,1,2601,0,1,0,0.25,0,0.2,0.142857,1
3220,97277,2,1,2601,0,0,0,0.25,0,0.2,0.142857,1
3221,97277,2,1,2601,0,0,0,0.25,0,0.2,0.142857,1
3222,97279,2,1,2601,0,0,0,0.25,0,0.2,0.142857,1
3223,97279,1,2,2600,0,0,0,0.25,0,0.2,0.142857,1
3224,97278,3,2,2599,0,0,0,0.25,0,0.2,0.142857,1
3225,97277,3,2,2598,0,0,0,0.25,0,0.2,0.142857,1
3226,97279,1,3,2599,0,1,0,0.25,0,0.2,0.142857,1
3227,97279,1,1,2601,0,2,0,0.25,0,0.2,0.142857,1
3228,97279,1,1,2601,0,0,0,0.25,0,0.2,0.142857,1
3229,97280,1,1,2601,0,0,0,0.25,0,0.2,0.142857,1
3230,97282,1,2,2601,0,0,0,0.25,0,0.2,0.142857,1
3231,97279,2,2,2601,0,0,0,0.25,0,0.2,0.142857,1
3232,97278,2,2,2601,0,0,0,0.25,0,0.2,0.142857,1
3233,97277,2,1,2602,0,1,0,0.25,0,0.2,0.142857,1
3234,97275,1,2,2602,0,0,0,0.25,0,0.2,0.142857,1
3235,97274,1,2,2602,0,0,0,0.25,0,0.2,0.142857,1
3236,97271,1,1,2603,0,1,0,0.25,0,0.2,0.142857,1
3237,97271,1,0,2604,0,1,0,0.25,0,0.2,0.142857,1
3238,97271,1,0,2604,0,0,0,0.25,0,0.2,0.142857,1
3239,97267,2,0,2603,0,0,0,0.25,0,0.2,0.142857,1
3240,97264,2,0,2603,0,0,0,0.25,0,0.2,0.142857,1
3241,97262,2,0,2602,0,0,0,0.25,0,0.2,0.142857,1
3242,97265,2,0,2602,0,0,0,0.25,0,0.2,0.142857,1
3243,97272,2,0,2602,0,0,0,0.25,0,0.2,0.142857,1
3244,97270,2,0,2602,0,0,0,0.25,0,0.2,0.142857,1
3245,97272,3,0,2602,0,0,0,0.25,0,0.2,0.142857,1
3246,97265,3,0,2602,0,0,0,0.25,0,0.2,0.142857,1
3247,97268,3,0,2602,0,0,0,0.25,0,0.2,0.142857,1
3248,97268,3,0,2602,0,0,0,0.25,0,0.2,0.142857,1
3249,97270,3,0,2602,0,0,0,0.25,0,0.2,0.142857,1
3250,97272,2,1,2602,0,0,0,0.25,0,0.2,0.142857,1
3251,97271,1,1,2603,0,1,0,0.25,0,0.2,0.142857,1
3252,97271,1,1,2602,0,0,0,0.25,0,0.2,0.142857,1
3253,97271,1,0,2603,0,1,0,0.25,0,0.2,0.142857,1
3254,97273,1,0,2603,0,0,0,0.25,0,0.2,0.142857,1
3255,97274,2,0,2603,0,0,0,0.25,0,0.2,0.142857,1
3256,97271,1,1,2603,0,0,0,0.25,0,0.2,0.142857,1
3257,97269,0,2,2603,0,0,0,0.25,0,0.2,0.142857,1
3258,97272,0,2,2603,0,0,0,0.25,0,0.2,0.142857,1
3259,97269,0,2,2603,0,0,0,0.25,0,0.2,0.142857,1
3260,97270,0,2,2603,0,0,0,0.25,0,0.2,0.142857,1
3261,97272,0,2,2603,0,0,0,0.25,0,0.2,0.142857,1
3262,97278,0,1,2604,0,1,0,0.25,0,0.2,0.142857,1
3263,97277,1,1,2604,0,0,0,0.25,0,0.2,0.142857,1
3264,97276,1,1,2604,0,0,0,0.25,0,0.2,0.142857,1
3265,97276,0,2,2604,0,0,0,0.25,0,0.2,0.142857,1
3266,97271,0,2,2604,0,0,0,0.25,0,0.2,0.142857,1
3267,97271,0,1,2605,0,1,0,0.25,0,0.2,0.142857,1
3268,97270,0,1,2605,0,0,0,0.25,0,0.2,0.142857,1
3269,97272,0,0,2606,0,1,0,0.25,0,0.2,0.142857,1
3270,97277,0,0,2606,0,0,0,0.25,0,0.2,0.142857,1
3271,97279,0,0,2606,0,0,0,0.25,0,0.2,0.142857,1
3272,97281,0,0,2606,0,0,0,0.25,0,0.2,0.142857,1
3273,97285,0,0,2606,0,0,0,0.25,0,0.2,0.142857,1
3274,97285,0,0,2606,0,0,0,0.25,0,0.2,0.142857,1
3275,97286,1,0,2605,0,0,0,0.25,0,0.2,0.142857,1
3276,97286,1,0,2604,0,0,0,0.25,0,0.2,0.142857,1
3277,97284,2,0,2604,0,0,0,0.25,0,0.2,0.142857,1
3278,97281,2,0,2604,0,0,0,0.25,0,0.2,0.142857,1
3279,97275,2,0,2604,0,0,0,0.25,0,0.2,0.142857,1
3280,97275,1,1,2604,0,0,0,0.25,0,0.2,0.142857,1
3281,97273,1,0,2605,0,1,0,0.25,0,0.2,0.142857,1
3282,97272,1,0,2605,0,0,0,0.25,0,0.2,0.142857,1
3283,97270,1,0,2605,0,0,0,0.25,0,0.2,0.142857,1
3284,97271,1,0,2605,0,0,0,0.25,0,0.2,0.142857,1
3285,97269,2,0,2605,0,0,0,0.25,0,0.2,0.142857,1
3286,97273,2,0,2605,0,0,0,0.25,0,0.2,0.142857,1
3287,97276,3,0,2605,0,0,0,0.25,0,0.2,0.142857,1
3288,97272,3,0,2605,0,0,0,0.25,0,0.2,0.142857,1
3289,97275,3,0,2605,0,0,0,0.25,0,0.2,0.142857,1
3290,97270,3,0,2605,0,0,0,0.25,0,0.2,0.142857,1
3291,97269,2,1,2605,0,0,0,0.25,0,0.2,0.142857,1
3292,97270,2,1,2605,0,0,0,0.25,0,0.2,0.142857,1
3293,97270,3,1,2605,0,0,0,0.25,0,0.2,0.142857,1
3294,97267,1,3,2605,0,0,0,0.25,0,0.2,0.142857,1
3295,97262,2,3,2605,0,0,0,0.25,0,0.2,0.142857,1
3296,97263,0,5,2605,0,0,0,0.25,0,0.2,0.142857,1
3297,97258,1,5,2605,0,0,0,0.25,0,0.2,0.142857,1
3298,97259,1,5,2605,0,0,0,0.25,0,0.2,0.142857,1
3299,97262,1,4,2606,0,1,1,0.25,0,0.2,0.142857,1
3300,97262,1,4,2606,0,0,0,0.25,0,0.2,0.142857,1
3301,97261,1,4,2606,0,0,0,0.25,0,0.2,0.142857,1
3302,97263,1,3,2607,0,1,0,0.25,0,0.2,0.142857,1
3303,97266,1,2,2607,0,1,0,0.25,0,0.2,0.142857,1
3304,97270,1,1,2608,0,1,1,0.25,0,0.2,0.142857,1
3305,97271,1,1,2608,0,0,0,0.25,0,0.2,0.142857,1
3306,97271,1,1,2607,0,0,0,0.25,0,0.2,0.142857,1
3307,97271,2,1,2607,0,0,0,0.25,0,0.2,0.142857,1
3308,97273,2,1,2607,0,0,0,0.25,0,0.2,0.142857,1
3309,97273,2,0,2608,0,1,0,0.25,0,0.2,0.142857,1
3310,97271,2,0,2608,0,0,0,0.25,0,0.2,0.142857,1
3311,97266,2,0,2608,0,0,0,0.25,0,0.2,0.142857,1
3312,97269,3,0,2608,0,0,0,0.25,0,0.2,0.142857,1
3313,97271,2,1,2608,0,0,0,0.25,0,0.2,0.142857,1
3314,97270,2,1,2608,0,0,0,0.25,0,0.2,0.142857,1
3315,97267,1,2,2608,0,0,0,0.25,0,0.2,0.142857,1
3316,97268,1,2,2608,0,0,0,0.25,0,0.2,0.142857,1
3317,97267,1,1,2609,0,1,0,0.25,0,0.2,0.142857,1
3318,97264,2,1,2609,0,0,0,0.25,0,0.2,0.142857,1
3319,97267,2,1,2609,0,0,0,0.25,0,0.2,0.142857,1
3320,97273,2,1,2609,0,0,0,0.25,0,0.2,0.142857,1
3321,97276,1,2,2609,0,0,0,0.25,0,0.2,0.142857,1
3322,97277,2,1,2610,0,1,0,0.25,0,0.2,0.142857,1
3323,97282,2,2,2610,0,0,0,0.25,0,0.2,0.142857,1
3324,97281,2,0,2612,0,2,1,0.25,0,0.2,0.142857,1
3325,97278,0,2,2612,0,0,0,0.25,0,0.2,0.142857,1
3326,97278,0,1,2613,0,1,0,0.25,0,0.2,0.142857,1
3327,97279,0,1,2613,0,0,0,0.25,0,0.2,0.142857,1
3328,97275,0,1,2613,0,0,0,0.25,0,0.2,0.142857,1
3329,97276,0,1,2613,0,0,0,0.25,0,0.2,0.142857,1
3330,97274,0,0,2614,0,1,0,0.25,0,0.2,0.142857,1
3331,97274,0,0,2614,0,0,0,0.25,0,0.2,0.142857,1
3332,97278,0,0,2614,0,0,0,0.25,0,0.2,0.142857,1
3333,97277,0,0,2614,0,0,0,0.25,0,0.2,0.142857,1
3334,97279,0,0,2614,0,0,0,0.25,0,0.2,0.142857,1
3335,97278,1,0,2614,0,0,0,0.25,0,0.2,0.142857,1
3336,97276,0,0,2615,0,1,0,0.25,0,0.2,0.142857,1
3337,97278,0,0,2615,0,0,0,0.25,0,0.2,0.142857,1
3338,97281,0,0,2615,0,0,0,0.25,0,0.2,0.142857,1
3339,97285,0,0,2615,0,0,0,0.25,0,0.2,0.142857,1
3340,97282,1,0,2615,0,0,0,0.25,0,0.2,0.142857,1
3341,97283,1,0,2615,0,0,0,0.25,0,0.2,0.142857,1
3342,97282,1,0,2615,0,0,0,0.25,0,0.2,0.142857,1
3343,97281,2,0,2615,0,0,0,0.25,0,0.2,0.142857,1
3344,97281,2,0,2615,0,0,0,0.25,0,0.2,0.142857,1
3345,97277,2,0,2615,0,0,0,0.25,0,0.2,0.142857,1
3346,97280,2,0,2615,0,0,0,0.25,0,0.2,0.142857,1
3347,97280,1,1,2615,0,0,0,0.25,0,0.2,0.142857,1
3348,97279,1,0,2616,0,1,0,0.25,0,0.2,0.142857,1
3349,97280,1,0,2616,0,0,0,0.25,0,0.2,0.142857,1
3350,97281,1,0,2616,0,0,0,0.25,0,0.2,0.142857,1
3351,97283,0,1,2616,0,0,0,0.25,0,0.2,0.142857,1
3352,97285,0,0,2617,0,1,0,0.25,0,0.2,0.142857,1
3353,97288,0,0,2617,0,0,0,0.25,0,0.2,0.142857,1
3354,97285,0,0,2616,0,0,0,0.25,0,0.2,0.142857,1
3355,97288,0,0,2616,0,0,0,0.25,0,0.2,0.142857,1
3356,97286,0,0,2615,0,0,0,0.25,0,0.2,0.142857,1
3357,97280,1,0,2615,0,0,0,0.25,0,0.2,0.142857,1
3358,97281,1,0,2615,0,0,0,0.25,0,0.2,0.142857,1
3359,97279,1,0,2615,0,0,0,0.25,0,0.2,0.142857,1
3360,97279,1,0,2615,0,0,0,0.25,0,0.2,0.142857,1
3361,97275,1,0,2615,0,0,0,0.25,0,0.2,0.142857,1
3362,97279,1,0,2615,0,0,0,0.25,0,0.2,0.142857,1
3363,97275,1,0,2615,0,0,0,0.25,0,0.2,0.142857,1
3364,97278,1,0,2615,0,0,0,0.25,0,0.2,0.142857,1
3365,97276,1,0,2615,0,0,0,0.25,0,0.2,0.142857,1
3366,97278,1,0,2615,0,0,0,0.25,0,0.2,0.142857,1
3367,97271,1,0,2615,0,0,0,0.25,0,0.2,0.142857,1
3368,97273,1,0,2615,0,0,0,0.25,0,0.2,0.142857,1
3369,97268,1,1,2615,0,0,0,0.25,0,0.2,0.142857,1
3370,97266,0,1,2616,0,1,0,0.25,0,0.2,0.142857,1
3371,97263,1,1,2616,0,0,0,0.25,0,0.2,0.142857,1
3372,97262,2,1,2616,0,0,0,0.25,0,0.2,0.142857,1
3373,97259,1,2,2616,0,0,0,0.25,0,0.2,0.142857,1
3374,97260,1,1,2617,0,1,0,0.25,0,0.2,0.142857,1
3375,97255,1,0,2617,0,1,0,0.25,0,0.2,0.142857,1
3376,97253,1,0,2617,0,0,0,0.25,0,0.2,0.142857,1
3377,97250,2,0,2617,0,0,0,0.25,0,0.2,0.142857,1
3378,97249,2,0,2617,0,0,0,0.25,0,0.2,0.142857,1
3379,97250,1,1,2617,0,0,0,0.25,0,0.2,0.142857,1
3380,97252,1,1,2617,0,0,0,0.25,0,0.2,0.142857,1
3381,97251,1,1,2617,0,0,0,0.25,0,0.2,0.142857,1
3382,97253,1,0,2618,0,1,0,0.25,0,0.2,0.142857,1
3383,97252,2,0,2618,0,0,0,0.25,0,0.2,0.142857,1
3384,97253,2,0,2618,0,0,0,0.25,0,0.2,0.142857,1
3385,97260,2,0,2618,0,0,0,0.25,0,0.2,0.142857,1
3386,97260,2,0,2618,0,0,0,0.25,0,0.2,0.142857,1
3387,97257,2,0,2618,0,0,0,0.25,0,0.2,0.142857,1
3388,97255,2,0,2617,0,0,0,0.25,0,0.2,0.142857,1
3389,97251,2,0,2617,0,0,0,0.25,0,0.2,0.142857,1
3390,97249,1,1,2617,0,0,0,0.25,0,0.2,0.142857,1
3391,97247,2,1,2617,0,0,0,0.25,0,0.2,0.142857,1
3392,97245,3,1,2617,0,0,0,0.25,0,0.2,0.142857,1
3393,97241,3,1,2617,0,0,0,0.25,0,0.2,0.142857,1
3394,97244,3,1,2617,0,0,0,0.25,0,0.2,0.142857,1
3395,97246,3,1,2617,0,0,0,0.25,0,0.2,0.142857,1
3396,97246,3,1,2617,0,0,0,0.25,0,0.2,0.142857,1
3397,97247,3,0,2618,0,1,0,0.25,0,0.2,0.142857,1
3398,97251,3,1,2618,0,0,0,0.25,0,0.2,0.142857,1
3399,97250,3,1,2618,0,0,0,0.25,0,0.2,0.142857,1
3400,97247,3,1,2617,0,0,0,0.25,0,0.2,0.142857,1
3401,97246,3,0,2618,0,1,0,0.25,0,0.2,0.142857,1
3402,97243,3,0,2618,0,0,0,0.25,0,0.2,0.142857,1
3403,97243,3,0,2618,0,0,0,0.25,0,0.2,0.142857,1
3404,97241,3,0,2617,0,0,0,0.25,0,0.2,0.142857,1
3405,97243,3,0,2617,0,0,0,0.25,0,0.2,0.142857,1
3406,97246,3,0,2617,0,0,0,0.25,0,0.2,0.142857,1
3407,97248,2,1,2617,0,0,0,0.25,0,0.2,0.142857,1
3408,97249,0,3,2617,0,0,0,0.25,0,0.2,0.142857,1
3409,97252,0,3,2617,0,0,0,0.25,0,0.2,0.142857,1
3410,97247,0,3,2617,0,0,0,0.25,0,0.2,0.142857,1
3411,97246,0,2,2618,0,1,0,0.25,0,0.2,0.142857,1
3412,97246,1,1,2619,0,1,1,0.25,0,0.2,0.142857,1
3413,97245,1,1,2619,0,0,0,0.25,0,0.2,0.142857,1
3414,97247,1,2,2619,0,0,0,0.25,0,0.2,0.142857,1
3415,97250,1,2,2619,0,0,0,0.25,0,0.2,0.142857,1
3416,97250,1,2,2619,0,0,0,0.25,0,0.2,0.142857,1
3417,97250,1,1,2620,0,1,3,0.25,0,0.2,0.142857,1
3418,97251,1,1,2620,0,0,0,0.25,0,0.2,0.142857,1
3419,97250,1,1,2620,0,0,0,0.25,0,0.2,0.142857,1
3420,97248,1,0,2621,0,1,0,0.25,0,0.2,0.142857,1
3421,97244,2,0,2621,0,0,0,0.25,0,0.2,0.142857,1
3422,97248,1,1,2621,0,0,0,0.25,0,0.2,0.142857,1
3423,97248,2,1,2621,0,0,0,0.25,0,0.2,0.142857,1
3424,97250,2,1,2621,0,0,0,0.25,0,0.2,0.142857,1
3425,97248,2,1,2621,0,0,0,0.25,0,0.2,0.142857,1
3426,97243,2,1,2621,0,0,0,0.25,0,0.2,0.142857,1
3427,97240,2,1,2621,0,0,0,0.25,0,0.2,0.142857,1
3428,97240,1,1,2621,0,1,0,0.25,0,0.2,0.142857,1
3429,97238,1,1,2621,0,0,0,0.25,0,0.2,0.142857,1
3430,97242,1,0,2622,0,1,1,0.25,0,0.2,0.142857,1
3431,97243,2,0,2622,0,0,0,0.25,0,0.2,0.142857,1
3432,97242,2,0,2622,0,0,0,0.25,0,0.2,0.142857,1
3433,97245,2,0,2622,0,0,0,0.25,0,0.2,0.142857,1
3434,97248,2,0,2622,0,0,0,0.25,0,0.2,0.142857,1
3435,97247,1,1,2622,0,0,0,0.25,0,0.2,0.142857,1
3436,97249,1,1,2622,0,0,0,0.25,0,0.2,0.142857,1
3437,97250,1,1,2621,0,0,0,0.25,0,0.2,0.142857,1
3438,97255,1,1,2621,0,0,0,0.25,0,0.2,0.142857,1
3439,97252,1,1,2621,0,0,0,0.25,0,0.2,0.142857,1
3440,97244,1,1,2621,0,0,0,0.25,0,0.2,0.142857,1
3441,97241,1,1,2621,0,0,0,0.25,0,0.2,0.142857,1
3442,97241,1,1,2621,0,0,0,0.25,0,0.2,0.142857,1
3443,97238,2,1,2621,0,0,0,0.25,0,0.2,0.142857,1
3444,97235,2,0,2621,0,1,0,0.25,0,0.2,0.142857,1
3445,97238,0,2,2621,0,0,0,0.25,0,0.2,0.142857,1
3446,97243,0,2,2621,0,0,0,0.25,0,0.2,0.142857,1
3447,97241,1,2,2621,0,0,0,0.25,0,0.2,0.142857,1
3448,97244,1,1,2622,0,1,2,0.25,0,0.2,0.142857,1
3449,97246,1,1,2622,0,0,0,0.25,0,0.2,0.142857,1
3450,97246,1,1,2623,0,1,0,0.25,0,0.2,0.142857,1
3451,97245,1,0,2624,0,1,0,0.25,0,0.2,0.142857,1
3452,97243,1,1,2624,0,0,0,0.25,0,0.2,0.142857,1
3453,97244,1,1,2624,0,0,0,0.25,0,0.2,0.142857,1
3454,97241,1,1,2624,0,0,0,0.25,0,0.2,0.142857,1
3455,97242,1,1,2624,0,0,0,0.25,0,0.2,0.142857,1
3456,97244,1,0,2625,0,1,0,0.25,0,0.2,0.142857,1
3457,97245,1,0,2625,0,0,0,0.25,0,0.2,0.142857,1
3458,97244,1,0,2625,0,0,0,0.25,0,0.2,0.142857,1
3459,97245,1,0,2625,0,0,0,0.25,0,0.2,0.142857,1
3460,97246,1,0,2625,0,0,0,0.25,0,0.2,0.142857,1
3461,97248,1,0,2625,0,0,0,0.25,0,0.2,0.142857,1
3462,97250,1,0,2625,0,0,0,0.25,0,0.2,0.142857,1
3463,97249,1,0,2625,0,0,0,0.25,0,0.2,0.142857,1
3464,97248,1,0,2625,0,0,0,0.25,0,0.2,0.142857,1
3465,97246,1,0,2625,0,0,0,0.25,0,0.2,0.142857,1
3466,97243,1,0,2625,0,0,0,0.25,0,0.2,0.142857,1
3467,97242,1,1,2625,0,0,0,0.25,0,0.2,0.142857,1
3468,97241,1,1,2625,0,0,0,0.25,0,0.2,0.142857,1
3469,97243,1,1,2625,0,0,0,0.25,0,0.2,0.142857,1
3470,97241,1,1,2625,0,0,0,0.25,0,0.2,0.142857,1
3471,97241,1,1,2625,0,0,0,0.25,0,0.2,0.142857,1
3472,97244,0,2,2625,0,0,0,0.25,0,0.2,0.142857,1
3473,97244,0,2,2625,0,0,0,0.25,0,0.2,0.142857,1
3474,97246,0,0,2627,0,2,1,0.25,0,0.2,0.142857,1
3475,97245,0,0,2627,0,0,0,0.25,0,0.2,0.142857,1
3476,97245,0,0,2627,0,0,0,0.25,0,0.2,0.142857,1
3477,97249,0,0,2627,0,0,0,0.25,0,0.2,0.142857,1
3478,97251,0,0,2626,0,0,0,0.25,0,0.2,0.142857,1
3479,97254,0,0,2625,0,0,0,0.25,0,0.2,0.142857,1
3480,97256,0,0,2624,0,0,0,0.25,0,0.2,0.142857,1
3481,97258,0,0,2624,0,0,0,0.25,0,0.2,0.142857,1
3482,97254,0,0,2624,0,0,0,0.25,0,0.2,0.142857,1
3483,97254,1,0,2624,0,0,0,0.25,0,0.2,0.142857,1
3484,97256,1,0,2624,0,0,0,0.25,0,0.2,0.142857,1
3485,97262,1,0,2624,0,0,0,0.25,0,0.2,0.142857,1
3486,97262,0,1,2624,0,0,0,0.25,0,0.2,0.142857,1
3487,97267,1,1,2624,0,0,0,0.25,0,0.2,0.142857,1
3488,97266,1,1,2624,0,0,0,0.25,0,0.2,0.142857,1
3489,97265,2,1,2623,0,0,0,0.25,0,0.2,0.142857,1
3490,97268,2,1,2623,0,0,0,0.25,0,0.2,0.142857,1
3491,97265,2,2,2623,0,0,0,0.25,0,0.2,0.142857,1
3492,97263,3,2,2623,0,0,0,0.25,0,0.2,0.142857,1
3493,97264,2,2,2624,0,1,1,0.25,0,0.2,0.142857,1
3494,97261,2,1,2625,0,1,0,0.25,0,0.2,0.142857,1
3495,97258,2,1,2625,0,0,0,0.25,0,0.2,0.142857,1
3496,97260,2,1,2625,0,0,0,0.25,0,0.2,0.142857,1
3497,97260,1,2,2625,0,0,0,0.25,0,0.2,0.142857,1
3498,97258,2,2,2625,0,0,0,0.25,0,0.2,0.142857,1
3499,97257,2,1,2626,0,1,0,0.25,0,0.2,0.142857,1
3500,97252,2,1,2626,0,0,0,0.25,0,0.2,0.142857,1
3501,97248,2,2,2626,0,0,0,0.25,0,0.2,0.142857,1
3502,97247,2,2,2626,0,0,0,0.25,0,0.2,0.142857,1
3503,97243,3,2,2626,0,0,0,0.25,0,0.2,0.142857,1
3504,97248,3,2,2626,0,0,0,0.25,0,0.2,0.142857,1
3505,97246,3,2,2626,0,0,0,0.25,0,0.2,0.142857,1
3506,97246,3,2,2626,0,0,0,0.25,0,0.2,0.142857,1
3507,97240,3,2,2626,0,0,0,0.25,0,0.2,0.142857,1
3508,97239,3,1,2627,0,1,0,0.25,0,0.2,0.142857,1
3509,97234,3,0,2628,0,1,0,0.25,0,0.2,0.142857,1
3510,97235,3,0,2628,0,0,0,0.25,0,0.2,0.142857,1
3511,97241,3,0,2628,0,0,0,0.25,0,0.2,0.142857,1
3512,97243,3,0,2628,0,0,0,0.25,0,0.2,0.142857,1
3513,97240,3,0,2628,0,0,0,0.25,0,0.2,0.142857,1
3514,97240,3,0,2627,0,0,0,0.25,0,0.2,0.142857,1
3515,97241,1,1,2628,0,1,0,0.25,0,0.2,0.142857,1
3516,97241,1,1,2628,0,0,0,0.25,0,0.2,0.142857,1
3517,97236,1,1,2628,0,0,0,0.25,0,0.2,0.142857,1
3518,97233,1,1,2628,0,0,0,0.25,0,0.2,0.142857,1
3519,97234,1,1,2628,0,0,0,0.25,0,0.2,0.142857,1
3520,97233,2,2,2628,0,0,0,0.25,0,0.2,0.142857,1
3521,97233,2,1,2629,0,1,0,0.25,0,0.2,0.142857,1
3522,97231,2,1,2629,0,0,0,0.25,0,0.2,0.142857,1
3523,97231,2,1,2629,0,0,0,0.25,0,0.2,0.142857,1
3524,97235,1,1,2630,0,1,0,0.25,0,0.2,0.142857,1
3525,97236,1,0,2630,0,1,1,0.25,0,0.2,0.142857,1
3526,97235,2,0,2630,0,0,0,0.25,0,0.2,0.142857,1
3527,97233,2,0,2630,0,0,0,0.25,0,0.2,0.142857,1
3528,97231,3,0,2630,0,0,0,0.25,0,0.2,0.142857,1
3529,97232,3,0,2630,0,0,0,0.25,0,0.2,0.142857,1
3530,97230,3,0,2630,0,0,0,0.25,0,0.2,0.142857,1
3531,97229,3,0,2630,0,0,0,0.25,0,0.2,0.142857,1
3532,97232,2,1,2630,0,0,0,0.25,0,0.2,0.142857,1
3533,97233,2,1,2629,0,0,0,0.25,0,0.2,0.142857,1
3534,97231,2,1,2628,0,0,0,0.25,0,0.2,0.142857,1
3535,97232,2,1,2628,0,0,0,0.25,0,0.2,0.142857,1
3536,97234,2,1,2627,0,0,0,0.25,0,0.2,0.142857,1
3537,97231,2,1,2627,0,0,0,0.25,0,0.2,0.142857,1
3538,97231,2,1,2626,0,0,0,0.25,0,0.2,0.142857,1
3539,97232,1,2,2626,0,0,0,0.25,0,0.2,0.142857,1
3540,97227,5,2,2626,0,0,0,0.25,0,0.2,0.142857,1
3541,97226,4,4,2627,0,1,0,0.25,0,0.2,0.142857,1
3542,97230,4,2,2629,0,2,0,0.25,0,0.2,0.142857,1
3543,97230,4,2,2629,0,0,0,0.25,0,0.2,0.142857,1
3544,97229,4,2,2629,0,0,0,0.25,0,0.2,0.142857,1
3545,97235,4,2,2629,0,0,0,0.25,0,0.2,0.142857,1
3546,97235,3,2,2630,0,1,0,0.25,0,0.2,0.142857,1
3547,97239,3,2,2630,0,0,0,0.25,0,0.2,0.142857,1
3548,97235,3,1,2630,0,1,0,0.25,0,0.2,0.142857,1
3549,97240,3,1,2630,0,0,0,0.25,0,0.2,0.142857,1
3550,97240,3,1,2630,0,0,0,0.25,0,0.2,0.142857,1
3551,97238,4,1,2630,0,0,0,0.25,0,0.2,0.142857,1
3552,97235,3,1,2631,0,1,1,0.25,0,0.2,0.142857,1
3553,97231,3,1,2631,0,0,0,0.25,0,0.2,0.142857,1
3554,97234,2,1,2632,0,1,0,0.25,0,0.2,0.142857,1
3555,97234,2,0,2633,0,1,0,0.25,0,0.2,0.142857,1
3556,97232,1,1,2633,0,0,0,0.25,0,0.2,0.142857,1
3557,97227,1,1,2633,0,0,0,0.25,0,0.2,0.142857,1
3558,97223,1,1,2632,0,0,0,0.25,0,0.2,0.142857,1
3559,97223,1,2,2632,0,0,0,0.25,0,0.2,0.142857,1
3560,97220,1,2,2632,0,0,0,0.25,0,0.2,0.142857,1
3561,97215,1,2,2632,0,0,0,0.25,0,0.2,0.142857,1
3562,97215,1,2,2632,0,0,0,0.25,0,0.2,0.142857,1
3563,97216,2,2,2632,0,0,0,0.25,0,0.2,0.142857,1
3564,97226,2,1,2633,0,1,0,0.25,0,0.2,0.142857,1
3565,97224,1,2,2633,0,0,0,0.25,0,0.2,0.142857,1
3566,97228,1,2,2633,0,0,0,0.25,0,0.2,0.142857,1
3567,97230,1,2,2633,0,0,0,0.25,0,0.2,0.142857,1
3568,97229,1,2,2633,0,0,0,0.25,0,0.2,0.142857,1
3569,97229,1,2,2632,0,0,0,0.25,0,0.2,0.142857,1
3570,97230,1,2,2632,0,0,0,0.25,0,0.2,0.142857,1
3571,97231,1,2,2631,0,0,0,0.25,0,0.2,0.142857,1
3572,97232,0,3,2631,0,0,0,0.25,0,0.2,0.142857,1
3573,97232,0,3,2631,0,0,0,0.25,0,0.2,0.142857,1
3574,97229,1,3,2631,0,0,0,0.25,0,0.2,0.142857,1
3575,97230,1,3,2631,0,0,0,0.25,0,0.2,0.142857,1
3576,97232,1,2,2632,0,1,0,0.25,0,0.2,0.142857,1
3577,97229,3,2,2631,0,0,0,0.25,0,0.2,0.142857,1
3578,97228,3,2,2631,0,0,0,0.25,0,0.2,0.142857,1
3579,97223,4,2,2631,0,0,0,0.25,0,0.2,0.142857,1
3580,97223,4,1,2632,0,1,0,0.25,0,0.2,0.142857,1
3581,97221,5,0,2633,0,1,0,0.25,0,0.2,0.142857,1
3582,97221,5,0,2633,0,0,0,0.25,0,0.2,0.142857,1
3583,97220,3,2,2632,0,0,0,0.25,0,0.2,0.142857,1
3584,97223,4,1,2633,0,1,2,0.25,0,0.2,0.142857,1
3585,97219,4,1,2632,0,0,0,0.25,0,0.2,0.142857,1
3586,97223,5,0,2633,0,1,0,0.25,0,0.2,0.142857,1
3587,97220,5,0,2633,0,0,0,0.25,0,0.2,0.142857,1
3588,97215,5,0,2633,0,0,0,0.25,0,0.2,0.142857,1
3589,97213,6,0,2633,0,0,0,0.25,0,0.2,0.142857,1
3590,97216,6,0,2632,0,0,0,0.25,0,0.2,0.142857,1
3591,97215,5,1,2632,0,0,0,0.25,0,0.2,0.142857,1
3592,97210,4,3,2632,0,0,0,0.25,0,0.2,0.142857,1
3593,97208,4,2,2633,0,1,1,0.25,0,0.2,0.142857,1
3594,97208,4,1,2634,0,1,0,0.25,0,0.2,0.142857,1
3595,97214,4,1,2634,0,0,0,0.25,0,0.2,0.142857,1
3596,97214,4,1,2633,0,0,0,0.25,0,0.2,0.142857,1
3597,97213,4,1,2633,0,0,0,0.25,0,0.2,0.142857,1
3598,97212,4,2,2633,0,0,0,0.25,0,0.2,0.142857,1
3599,97217,4,1,2634,0,1,0,0.25,0,0.2,0.142857,1
3600,97217,3,2,2634,0,0,0,0.25,0,0.2,0.142857,1
3601,97215,3,1,2635,0,1,0,0.25,0,0.2,0.142857,1
3602,97215,3,1,2635,0,0,0,0.25,0,0.2,0.142857,1
3603,97215,2,2,2635,0,0,0,0.25,0,0.2,0.142857,1
3604,97218,1,3,2635,0,0,0,0.25,0,0.2,0.142857,1
3605,97219,1,2,2636,0,1,0,0.25,0,0.2,0.142857,1
3606,97222,1,1,2637,0,1,0,0.25,0,0.2,0.142857,1
3607,97224,0,1,2638,0,1,0,0.25,0,0.2,0.142857,1
3608,97222,0,1,2638,0,0,0,0.25,0,0.2,0.142857,1
3609,97219,0,1,2638,0,0,0,0.25,0,0.2,0.142857,1
3610,97218,0,1,2637,0,0,0,0.25,0,0.2,0.142857,1
3611,97215,0,1,2637,0,0,0,0.25,0,0.2,0.142857,1
3612,97212,1,1,2637,0,0,0,0.25,0,0.2,0.142857,1
3613,97212,1,0,2638,0,1,0,0.25,0,0.2,0.142857,1
3614,97213,1,0,2638,0,0,0,0.25,0,0.2,0.142857,1
3615,97212,1,0,2638,0,0,0,0.25,0,0.2,0.142857,1
3616,97211,1,0,2638,0,0,0,0.25,0,0.2,0.142857,1
3617,97213,0,1,2638,0,0,0,0.25,0,0.2,0.142857,1
3618,97212,0,1,2638,0,0,0,0.25,0,0.2,0.142857,1
3619,97212,0,1,2638,0,0,0,0.25,0,0.2,0.142857,1
3620,97213,1,1,2638,0,0,0,0.25,0,0.2,0.142857,1
3621,97217,1,1,2638,0,0,0,0.25,0,0.2,0.142857,1
3622,97217,1,1,2638,0,0,0,0.25,0,0.2,0.142857,1
3623,97216,1,0,2638,0,1,1,0.25,0,0.2,0.142857,1
3624,97215,1,0,2638,0,0,0,0.25,0,0.2,0.142857,1
3625,97214,1,0,2638,0,0,0,0.25,0,0.2,0.142857,1
3626,97212,1,0,2638,0,0,0,0.25,0,0.2,0.142857,1
3627,97210,1,0,2638,0,0,0,0.25,0,0.2,0.142857,1
3628,97208,1,0,2638,0,0,0,0.25,0,0.2,0.142857,1
3629,97208,1,0,2638,0,0,0,0.25,0,0.2,0.142857,1
3630,97205,1,0,2638,0,0,0,0.25,0,0.2,0.142857,1
3631,97206,1,0,2638,0,0,0,0.25,0,0.2,0.142857,1
3632,97208,1,0,2638,0,0,0,0.25,0,0.2,0.142857,1
3633,97205,1,0,2638,0,0,0,0.25,0,0.2,0.142857,1
3634,97203,1,0,2638,0,0,0,0.25,0,0.2,0.142857,1
3635,97201,1,0,2638,0,0,0,0.25,0,0.2,0.142857,1
3636,97203,1,0,2638,0,0,0,0.25,0,0.2,0.142857,1
3637,97204,1,0,2638,0,0,0,0.25,0,0.2,0.142857,1
3638,97201,1,0,2638,0,0,0,0.25,0,0.2,0.142857,1
3639,97200,1,1,2638,0,0,0,0.25,0,0.2,0.142857,1
3640,97200,2,1,2638,0,0,0,0.25,0,0.2,0.142857,1
3641,97202,2,1,2638,0,0,0,0.25,0,0.2,0.142857,1
3642,97202,2,1,2638,0,0,0,0.25,0,0.2,0.142857,1
3643,97202,1,2,2637,0,0,0,0.25,0,0.2,0.142857,1
3644,97205,1,2,2637,0,0,0,0.25,0,0.2,0.142857,1
3645,97207,1,2,2637,0,0,0,0.25,0,0.2,0.142857,1
3646,97209,0,3,2637,0,0,0,0.25,0,0.2,0.142857,1
3647,97209,0,3,2637,0,0,0,0.25,0,0.2,0.142857,1
3648,97208,0,3,2637,0,0,0,0.25,0,0.2,0.142857,1
3649,97210,0,3,2637,0,0,0,0.25,0,0.2,0.142857,1
3650,97207,0,3,2637,0,0,0,0.25,0,0.2,0.142857,1
3651,97209,0,3,2637,0,0,0,0.25,0,0.2,0.142857,1
3652,97210,0,3,2637,0,0,0,0.25,0,0.2,0.142857,1
3653,97211,0,2,2638,0,1,2,0.25,0,0.2,0.142857,1
3654,97210,0,0,2640,0,2,1,0.25,0,0.2,0.142857,1
3655,97206,0,0,2640,0,0,0,0.25,0,0.2,0.142857,1
3656,97203,0,0,2640,0,0,0,0.25,0,0.2,0.142857,1
3657,97205,0,0,2639,0,0,0,0.25,0,0.2,0.142857,1
3658,97209,0,0,2639,0,0,0,0.25,0,0.2,0.142857,1
3659,97207,1,0,2638,0,0,0,0.25,0,0.2,0.142857,1
3660,97207,1,0,2638,0,0,0,0.25,0,0.2,0.142857,1
3661,97209,1,0,2638,0,0,0,0.25,0,0.2,0.142857,1
3662,97213,1,0,2638,0,0,0,0.25,0,0.2,0.142857,1
3663,97212,1,0,2638,0,0,0,0.25,0,0.2,0.142857,1
3664,97214,1,0,2637,0,0,0,0.25,0,0.2,0.142857,1
3665,97214,1,0,2637,0,0,0,0.25,0,0.2,0.142857,1
3666,97216,1,0,2637,0,0,0,0.25,0,0.2,0.142857,1
3667,97219,1,0,2637,0,0,0,0.25,0,0.2,0.142857,1
3668,97220,1,0,2637,0,0,0,0.25,0,0.2,0.142857,1
3669,97221,0,0,2638,0,1,0,0.25,0,0.2,0.142857,1
3670,97224,0,0,2636,0,0,0,0.25,0,0.2,0.142857,1
3671,97220,0,0,2636,0,0,0,0.25,0,0.2,0.142857,1
3672,97222,0,0,2636,0,0,0,0.25,0,0.2,0.142857,1
3673,97222,0,0,2636,0,0,0,0.25,0,0.2,0.142857,1
3674,97218,0,0,2636,0,0,0,0.25,0,0.2,0.142857,1
3675,97217,0,0,2636,0,0,0,0.25,0,0.2,0.142857,1
3676,97217,0,0,2636,0,0,0,0.25,0,0.2,0.142857,1
3677,97212,0,0,2636,0,0,0,0.25,0,0.2,0.142857,1
3678,97211,0,0,2636,0,0,0,0.25,0,0.2,0.142857,1
3679,97215,0,0,2636,0,0,0,0.25,0,0.2,0.142857,1
3680,97218,0,0,2636,0,0,0,0.25,0,0.2,0.142857,1
3681,97216,0,0,2636,0,0,0,0.25,0,0.2,0.142857,1
3682,97213,0,0,2636,0,0,0,0.25,0,0.2,0.142857,1
3683,97216,0,0,2635,0,0,0,0.25,0,0.2,0.142857,1
3684,97218,1,0,2635,0,0,0,0.25,0,0.2,0.142857,1
3685,97222,1,0,2635,0,0,0,0.25,0,0.2,0.142857,1
3686,97220,1,0,2635,0,0,0,0.25,0,0.2,0.142857,1
3687,97218,1,0,2635,0,0,0,0.25,0,0.2,0.142857,1
3688,97216,1,0,2635,0,0,0,0.25,0,0.2,0.142857,1
3689,97217,1,0,2635,0,0,0,0.25,0,0.2,0.142857,1
3690,97220,1,0,2635,0,0,0,0.25,0,0.2,0.142857,1
3691,97222,1,0,2635,0,0,0,0.25,0,0.2,0.142857,1
3692,97224,1,0,2635,0,0,0,0.25,0,0.2,0.142857,1
3693,97224,1,0,2635,0,0,0,0.25,0,0.2,0.142857,1
3694,97226,0,1,2635,0,0,0,0.25,0,0.2,0.142857,1
3695,97228,0,1,2635,0,0,0,0.25,0,0.2,0.142857,1
3696,97234,0,1,2635,0,0,0,0.25,0,0.2,0.142857,1
3697,97236,0,0,2636,0,1,3,0.25,0,0.2,0.142857,1
3698,97235,0,0,2636,0,0,0,0.25,0,0.2,0.142857,1
3699,97238,0,0,2636,0,0,0,0.25,0,0.2,0.142857,1
3700,97240,0,0,2636,0,0,0,0.25,0,0.2,0.142857,1
3701,97238,0,0,2636,0,0,0,0.25,0,0.2,0.142857,1
3702,97239,0,0,2636,0,0,0,0.25,0,0.2,0.142857,1
3703,97240,0,0,2636,0,0,0,0.25,0,0.2,0.142857,1
3704,97241,0,0,2636,0,0,0,0.25,0,0.2,0.142857,1
3705,97242,0,0,2636,0,0,0,0.25,0,0.2,0.142857,1
3706,97243,0,0,2635,0,0,0,0.25,0,0.2,0.142857,1
3707,97247,0,0,2635,0,0,0,0.25,0,0.2,0.142857,1
3708,97252,0,0,2635,0,0,0,0.25,0,0.2,0.142857,1
3709,97253,0,0,2635,0,0,0,0.25,0,0.2,0.142857,1
3710,97257,0,0,2635,0,0,0,0.25,0,0.2,0.142857,1
3711,97254,0,0,2635,0,0,0,0.25,0,0.2,0.142857,1
3712,97250,0,0,2635,0,0,0,0.25,0,0.2,0.142857,1
3713,97248,0,0,2635,0,0,0,0.25,0,0.2,0.142857,1
3714,97247,0,0,2635,0,0,0,0.25,0,0.2,0.142857,1
3715,97246,0,0,2635,0,0,0,0.25,0,0.2,0.142857,1
3716,97240,1,0,2635,0,0,0,0.25,0,0.2,0.142857,1
3717,97241,1,0,2635,0,0,0,0.25,0,0.2,0.142857,1
3718,97241,1,0,2635,0,0,0,0.25,0,0.2,0.142857,1
3719,97240,2,0,2635,0,0,0,0.25,0,0.2,0.142857,1
3720,97238,3,0,2635,0,0,0,0.25,0,0.2,0.142857,1
3721,97235,2,1,2635,0,0,0,0.25,0,0.2,0.142857,1
3722,97234,2,0,2636,0,1,0,0.25,0,0.2,0.142857,1
3723,97231,1,1,2636,0,0,0,0.25,0,0.2,0.142857,1
3724,97232,1,1,2636,0,0,0,0.25,0,0.2,0.142857,1
3725,97236,1,1,2636,0,0,0,0.25,0,0.2,0.142857,1
3726,97233,1,1,2636,0,0,0,0.25,0,0.2,0.142857,1
3727,97231,1,0,2636,0,1,0,0.25,0,0.2,0.142857,1
3728,97233,1,0,2636,0,0,0,0.25,0,0.2,0.142857,1
3729,97235,1,0,2636,0,0,0,0.25,0,0.2,0.142857,1
3730,97237,1,0,2636,0,0,0,0.25,0,0.2,0.142857,1
3731,97240,1,0,2637,0,1,0,0.25,0,0.2,0.142857,1
3732,97241,0,1,2637,0,0,0,0.25,0,0.2,0.142857,1
3733,97236,0,1,2636,0,0,0,0.25,0,0.2,0.142857,1
3734,97239,0,1,2636,0,0,0,0.25,0,0.2,0.142857,1
3735,97240,0,1,2636,0,0,0,0.25,0,0.2,0.142857,1
3736,97243,0,1,2636,0,0,0,0.25,0,0.2,0.142857,1
3737,97247,0,1,2636,0,0,0,0.25,0,0.2,0.142857,1
3738,97250,0,1,2636,0,0,0,0.25,0,0.2,0.142857,1
3739,97248,0,1,2636,0,0,0,0.25,0,0.2,0.142857,1
3740,97249,0,1,2636,0,0,0,0.25,0,0.2,0.142857,1
3741,97245,0,0,2637,0,1,0,0.25,0,0.2,0.142857,1
3742,97245,0,0,2636,0,0,0,0.25,0,0.2,0.142857,1
3743,97246,0,0,2636,0,0,0,0.25,0,0.2,0.142857,1
3744,97241,1,0,2636,0,0,0,0.25,0,0.2,0.142857,1
3745,97240,1,0,2636,0,0,0,0.25,0,0.2,0.142857,1
3746,97237,1,0,2636,0,0,0,0.25,0,0.2,0.142857,1
3747,97242,1,0,2636,0,0,0,0.25,0,0.2,0.142857,1
3748,97243,2,0,2636,0,0,0,0.25,0,0.2,0.142857,1
3749,97242,2,0,2636,0,0,0,0.25,0,0.2,0.142857,1
3750,97243,2,0,2635,0,0,0,0.25,0,0.2,0.142857,1
3751,97244,2,0,2635,0,0,0,0.25,0,0.2,0.142857,1
3752,97246,2,0,2635,0,0,0,0.25,0,0.2,0.142857,1
3753,97250,2,0,2634,0,0,0,0.25,0,0.2,0.142857,1
3754,97248,3,0,2634,0,0,0,0.25,0,0.2,0.142857,1
3755,97248,2,0,2635,0,1,0,0.25,0,0.2,0.142857,1
3756,97250,2,0,2635,0,0,0,0.25,0,0.2,0.142857,1
3757,97251,2,0,2634,0,0,0,0.25,0,0.2,0.142857,1
3758,97246,1,0,2634,0,1,0,0.25,0,0.2,0.142857,1
3759,97243,1,0,2634,0,0,0,0.25,0,0.2,0.142857,1
3760,97237,1,0,2634,0,0,0,0.25,0,0.2,0.142857,1
3761,97240,2,0,2634,0,0,0,0.25,0,0.2,0.142857,1
3762,97239,3,0,2634,0,0,0,0.25,0,0.2,0.142857,1
3763,97245,2,1,2634,0,0,0,0.25,0,0.2,0.142857,1
3764,97245,2,1,2634,0,0,0,0.25,0,0.2,0.142857,1
3765,97248,2,1,2634,0,0,0,0.25,0,0.2,0.142857,1
3766,97249,2,1,2634,0,0,0,0.25,0,0.2,0.142857,1
3767,97247,2,1,2634,0,0,0,0.25,0,0.2,0.142857,1
3768,97247,2,1,2634,0,0,0,0.25,0,0.2,0.142857,1
3769,97244,2,1,2635,0,1,0,0.25,0,0.2,0.142857,1
3770,97243,2,0,2636,0,1,0,0.25,0,0.2,0.142857,1
3771,97243,2,0,2636,0,0,0,0.25,0,0.2,0.142857,1
3772,97245,2,0,2636,0,0,0,0.25,0,0.2,0.142857,1
3773,97242,3,1,2636,0,0,0,0.25,0,0.2,0.142857,1
3774,97244,3,1,2636,0,0,0,0.25,0,0.2,0.142857,1
3775,97246,3,1,2635,0,0,0,0.25,0,0.2,0.142857,1
3776,97242,4,1,2635,0,0,0,0.25,0,0.2,0.142857,1
3777,97242,2,3,2635,0,0,0,0.25,0,0.2,0.142857,1
3778,97243,1,2,2637,0,2,1,0.25,0,0.2,0.142857,1
3779,97241,1,2,2637,0,0,0,0.25,0,0.2,0.142857,1
3780,97243,1,2,2637,0,0,0,0.25,0,0.2,0.142857,1
3781,97245,1,1,2638,0,1,0,0.25,0,0.2,0.142857,1
3782,97247,1,0,2639,0,1,0,0.25,0,0.2,0.142857,1
3783,97244,1,0,2639,0,0,0,0.25,0,0.2,0.142857,1
3784,97245,1,0,2639,0,0,0,0.25,0,0.2,0.142857,1
3785,97244,1,0,2639,0,0,0,0.25,0,0.2,0.142857,1
3786,97243,1,0,2639,0,0,0,0.25,0,0.2,0.142857,1
3787,97240,1,0,2639,0,0,0,0.25,0,0.2,0.142857,1
3788,97240,1,0,2639,0,0,0,0.25,0,0.2,0.142857,1
3789,97243,1,0,2639,0,0,0,0.25,0,0.2,0.142857,1
3790,97244,1,0,2639,0,0,0,0.25,0,0.2,0.142857,1
3791,97248,1,0,2639,0,0,0,0.25,0,0.2,0.142857,1
3792,97247,1,0,2639,0,0,0,0.25,0,0.2,0.142857,1
3793,97249,1,0,2639,0,0,0,0.25,0,0.2,0.142857,1
3794,97244,1,0,2639,0,0,0,0.25,0,0.2,0.142857,1
3795,97243,1,0,2639,0,0,0,0.25,0,0.2,0.142857,1
3796,97247,1,0,2639,0,0,0,0.25,0,0.2,0.142857,1
3797,97245,2,0,2639,0,0,0,0.25,0,0.2,0.142857,1
3798,97246,2,0,2639,0,0,0,0.25,0,0.2,0.142857,1
3799,97239,2,0,2638,0,0,0,0.25,0,0.2,0.142857,1
3800,97240,2,0,2638,0,0,0,0.25,0,0.2,0.142857,1
3801,97239,2,0,2638,0,0,0,0.25,0,0.2,0.142857,1
3802,97240,2,0,2638,0,0,0,0.25,0,0.2,0.142857,1
3803,97244,2,0,2638,0,0,0,0.25,0,0.2,0.142857,1
3804,97242,2,0,2638,0,0,0,0.25,0,0.2,0.142857,1
3805,97242,3,0,2638,0,0,0,0.25,0,0.2,0.142857,1
3806,97241,3,0,2638,0,0,0,0.25,0,0.2,0.142857,1
3807,97240,2,1,2638,0,0,0,0.25,0,0.2,0.142857,1
3808,97240,2,1,2638,0,0,0,0.25,0,0.2,0.142857,1
3809,97240,2,1,2638,0,0,0,0.25,0,0.2,0.142857,1
3810,97240,2,1,2638,0,0,0,0.25,0,0.2,0.142857,1
3811,97241,2,1,2638,0,0,0,0.25,0,0.2,0.142857,1
3812,97242,2,1,2638,0,0,0,0.25,0,0.2,0.142857,1
3813,97243,2,1,2638,0,0,0,0.25,0,0.2,0.142857,1
3814,97245,1,2,2638,0,0,0,0.25,0,0.2,0.142857,1
3815,97242,1,2,2638,0,0,0,0.25,0,0.2,0.142857,1
3816,97246,1,0,2640,0,2,0,0.25,0,0.2,0.142857,1
3817,97245,1,0,2640,0,0,0,0.25,0,0.2,0.142857,1
3818,97247,0,1,2639,0,0,0,0.25,0,0.2,0.142857,1
3819,97253,0,1,2638,0,0,0,0.25,0,0.2,0.142857,1
3820,97253,0,1,2637,0,0,0,0.25,0,0.2,0.142857,1
3821,97253,0,1,2637,0,0,0,0.25,0,0.2,0.142857,1
3822,97255,0,0,2638,0,1,0,0.25,0,0.2,0.142857,1
3823,97257,0,0,2638,0,0,0,0.25,0,0.2,0.142857,1
3824,97256,1,0,2638,0,0,0,0.25,0,0.2,0.142857,1
3825,97256,1,0,2638,0,0,0,0.25,0,0.2,0.142857,1
3826,97259,1,0,2638,0,0,0,0.25,0,0.2,0.142857,1
3827,97259,1,0,2638,0,0,0,0.25,0,0.2,0.142857,1
3828,97259,1,0,2638,0,0,0,0.25,0,0.2,0.142857,1
3829,97256,1,0,2638,0,0,0,0.25,0,0.2,0.142857,1
3830,97258,1,0,2638,0,0,0,0.25,0,0.2,0.142857,1
3831,97260,1,0,2638,0,0,0,0.25,0,0.2,0.142857,1
3832,97257,1,0,2638,0,0,0,0.25,0,0.2,0.142857,1
3833,97255,0,1,2638,0,0,0,0.25,0,0.2,0.142857,1
3834,97255,0,1,2638,0,0,0,0.25,0,0.2,0.142857,1
3835,97257,0,1,2638,0,0,0,0.25,0,0.2,0.142857,1
3836,97255,0,1,2638,0,0,0,0.25,0,0.2,0.142857,1
3837,97256,0,1,2638,0,0,0,0.25,0,0.2,0.142857,1
3838,97256,0,1,2637,0,0,0,0.25,0,0.2,0.142857,1
3839,97254,1,0,2638,0,1,0,0.25,0,0.2,0.142857,1
3840,97256,0,1,2638,0,0,0,0.25,0,0.2,0.142857,1
3841,97256,2,1,2637,0,0,0,0.25,0,0.2,0.142857,1
3842,97258,2,1,2637,0,0,0,0.25,0,0.2,0.142857,1
3843,97256,3,1,2637,0,0,0,0.25,0,0.2,0.142857,1
3844,97255,1,2,2638,0,1,0,0.25,0,0.2,0.142857,1
3845,97256,1,2,2638,0,0,0,0.25,0,0.2,0.142857,1
3846,97255,2,2,2638,0,0,0,0.25,0,0.2,0.142857,1
3847,97254,1,2,2638,0,1,0,0.25,0,0.2,0.142857,1
3848,97253,0,2,2639,0,1,1,0.25,0,0.2,0.142857,1
3849,97251,1,2,2639,0,0,0,0.25,0,0.2,0.142857,1
3850,97250,1,1,2640,0,1,0,0.25,0,0.2,0.142857,1
3851,97251,1,1,2640,0,0,0,0.25,0,0.2,0.142857,1
3852,97248,1,1,2640,0,0,0,0.25,0,0.2,0.142857,1
3853,97248,2,1,2640,0,0,0,0.25,0,0.2,0.142857,1
3854,97255,2,1,2640,0,0,0,0.25,0,0.2,0.142857,1
3855,97256,2,1,2640,0,0,0,0.25,0,0.2,0.142857,1
3856,97254,2,1,2640,0,0,0,0.25,0,0.2,0.142857,1
3857,97253,3,1,2640,0,0,0,0.25,0,0.2,0.142857,1
3858,97252,3,2,2640,0,0,0,0.25,0,0.2,0.142857,1
3859,97254,3,1,2641,0,1,1,0.25,0,0.2,0.142857,1
3860,97250,4,1,2641,0,0,0,0.25,0,0.2,0.142857,1
3861,97250,4,1,2641,0,0,0,0.25,0,0.2,0.142857,1
3862,97247,4,1,2641,0,0,0,0.25,0,0.2,0.142857,1
3863,97246,4,0,2642,0,1,0,0.25,0,0.2,0.142857,1
3864,97248,3,1,2642,0,0,0,0.25,0,0.2,0.142857,1
3865,97250,2,2,2642,0,0,0,0.25,0,0.2,0.142857,1
3866,97247,2,2,2642,0,0,0,0.25,0,0.2,0.142857,1
3867,97247,2,1,2642,0,1,0,0.25,0,0.2,0.142857,1
3868,97247,2,0,2643,0,1,0,0.25,0,0.2,0.142857,1
3869,97244,3,0,2643,0,0,0,0.25,0,0.2,0.142857,1
3870,97240,4,0,2642,0,0,0,0.25,0,0.2,0.142857,1
3871,97241,4,0,2642,0,0,0,0.25,0,0.2,0.142857,1
3872,97246,4,0,2642,0,0,0,0.25,0,0.2,0.142857,1
3873,97247,3,0,2643,0,1,0,0.25,0,0.2,0.142857,1
3874,97248,3,0,2643,0,0,0,0.25,0,0.2,0.142857,1
3875,97251,3,0,2643,0,0,0,0.25,0,0.2,0.142857,1
3876,97256,3,0,2643,0,0,0,0.25,0,0.2,0.142857,1
3877,97256,3,0,2643,0,0,0,0.25,0,0.2,0.142857,1
3878,97254,3,0,2643,0,0,0,0.25,0,0.2,0.142857,1
3879,97253,2,1,2642,0,0,0,0.25,0,0.2,0.142857,1
3880,97253,2,1,2642,0,0,0,0.25,0,0.2,0.142857,1
3881,97252,3,1,2642,0,0,0,0.25,0,0.2,0.142857,1
3882,97250,3,1,2642,0,0,0,0.25,0,0.2,0.142857,1
3883,97253,3,0,2643,0,1,0,0.25,0,0.2,0.142857,1
3884,97251,3,0,2643,0,0,0,0.25,0,0.2,0.142857,1
3885,97256,3,0,2643,0,0,0,0.25,0,0.2,0.142857,1
3886,97255,3,0,2642,0,0,0,0.25,0,0.2,0.142857,1
3887,97256,1,2,2642,0,0,0,0.25,0,0.2,0.142857,1
3888,97259,1,2,2642,0,0,0,0.25,0,0.2,0.142857,1
3889,97253,3,2,2642,0,0,0,0.25,0,0.2,0.142857,1
3890,97255,3,2,2642,0,0,0,0.25,0,0.2,0.142857,1
3891,97253,3,1,2643,0,1,0,0.25,0,0.2,0.142857,1
3892,97252,2,2,2643,0,0,0,0.25,0,0.2,0.142857,1
3893,97256,3,1,2644,0,1,0,0.25,0,0.2,0.142857,1
3894,97257,4,1,2644,0,0,0,0.25,0,0.2,0.142857,1
3895,97259,5,0,2645,0,1,0,0.25,0,0.2,0.142857,1
3896,97256,5,0,2645,0,0,0,0.25,0,0.2,0.142857,1
3897,97256,4,0,2646,0,1,0,0.25,0,0.2,0.142857,1
3898,97256,3,1,2646,0,0,0,0.25,0,0.2,0.142857,1
3899,97259,3,1,2645,0,0,0,0.25,0,0.2,0.142857,1
3900,97260,3,1,2645,0,0,0,0.25,0,0.2,0.142857,1
3901,97260,3,1,2645,0,0,0,0.25,0,0.2,0.142857,1
3902,97256,3,2,2645,0,0,0,0.25,0,0.2,0.142857,1
3903,97256,3,2,2645,0,0,0,0.25,0,0.2,0.142857,1
3904,97254,2,3,2645,0,0,0,0.25,0,0.2,0.142857,1
3905,97253,2,3,2646,0,1,0,0.25,0,0.2,0.142857,1
3906,97252,2,3,2646,0,0,0,0.25,0,0.2,0.142857,1
3907,97254,1,3,2646,0,1,1,0.25,0,0.2,0.142857,1
3908,97252,0,4,2646,0,0,0,0.25,0,0.2,0.142857,1
3909,97250,2,4,2646,0,0,0,0.25,0,0.2,0.142857,1
3910,97249,4,3,2647,0,1,0,0.25,0,0.2,0.142857,1
3911,97246,3,2,2649,0,2,0,0.25,0,0.2,0.142857,1
3912,97248,4,1,2650,0,1,0,0.25,0,0.2,0.142857,1
3913,97246,3,2,2650,0,0,0,0.25,0,0.2,0.142857,1
3914,97246,3,2,2650,0,0,0,0.25,0,0.2,0.142857,1
3915,97244,3,2,2650,0,0,0,0.25,0,0.2,0.142857,1
3916,97245,2,3,2650,0,0,0,0.25,0,0.2,0.142857,1
3917,97244,1,4,2650,0,0,0,0.25,0,0.2,0.142857,1
3918,97244,1,3,2651,0,1,0,0.25,0,0.2,0.142857,1
3919,97241,2,2,2652,0,1,0,0.25,0,0.2,0.142857,1
3920,97242,2,2,2652,0,0,0,0.25,0,0.2,0.142857,1
3921,97240,2,2,2652,0,0,0,0.25,0,0.2,0.142857,1
3922,97241,1,2,2653,0,1,0,0.25,0,0.2,0.142857,1
3923,97239,1,0,2655,0,2,3,0.25,0,0.2,0.142857,1
3924,97244,1,0,2654,0,0,0,0.25,0,0.2,0.142857,1
3925,97239,3,0,2654,0,0,0,0.25,0,0.2,0.142857,1
3926,97236,3,0,2654,0,0,0,0.25,0,0.2,0.142857,1
3927,97232,2,1,2654,0,0,0,0.25,0,0.2,0.142857,1
3928,97232,1,2,2654,0,0,0,0.25,0,0.2,0.142857,1
3929,97231,1,2,2654,0,0,0,0.25,0,0.2,0.142857,1
3930,97235,2,2,2654,0,0,0,0.25,0,0.2,0.142857,1
3931,97230,2,1,2655,0,1,0,0.25,0,0.2,0.142857,1
3932,97229,3,1,2655,0,0,0,0.25,0,0.2,0.142857,1
3933,97232,3,0,2656,0,1,0,0.25,0,0.2,0.142857,1
3934,97233,2,1,2656,0,0,0,0.25,0,0.2,0.142857,1
3935,97231,1,1,2656,0,1,0,0.25,0,0.2,0.142857,1
3936,97231,1,1,2656,0,0,0,0.25,0,0.2,0.142857,1
3937,97231,1,1,2656,0,0,0,0.25,0,0.2,0.142857,1
3938,97231,2,1,2655,0,0,0,0.25,0,0.2,0.142857,1
3939,97229,2,1,2655,0,0,0,0.25,0,0.2,0.142857,1
3940,97228,1,2,2655,0,0,0,0.25,0,0.2,0.142857,1
3941,97228,2,2,2655,0,0,0,0.25,0,0.2,0.142857,1
3942,97228,0,4,2655,0,0,0,0.25,0,0.2,0.142857,1
3943,97225,1,4,2655,0,0,0,0.25,0,0.2,0.142857,1
3944,97218,1,3,2655,0,1,0,0.25,0,0.2,0.142857,1
3945,97221,1,2,2656,0,1,0,0.25,0,0.2,0.142857,1
3946,97224,1,1,2657,0,1,1,0.25,0,0.2,0.142857,1
3947,97225,1,1,2657,0,0,0,0.25,0,0.2,0.142857,1
3948,97225,1,1,2657,0,0,0,0.25,0,0.2,0.142857,1
3949,97223,1,1,2657,0,0,0,0.25,0,0.2,0.142857,1
3950,97222,1,1,2657,0,0,0,0.25,0,0.2,0.142857,1
3951,97219,1,1,2657,0,0,0,0.25,0,0.2,0.142857,1
3952,97219,1,0,2658,0,1,0,0.25,0,0.2,0.142857,1
3953,97218,0,1,2658,0,0,0,0.25,0,0.2,0.142857,1
3954,97220,0,0,2659,0,1,0,0.25,0,0.2,0.142857,1
3955,97221,1,0,2659,0,0,0,0.25,0,0.2,0.142857,1
3956,97215,1,0,2659,0,0,0,0.25,0,0.2,0.142857,1
3957,97212,2,0,2659,0,0,0,0.25,0,0.2,0.142857,1
3958,97214,2,0,2659,0,0,0,0.25,0,0.2,0.142857,1
3959,97220,1,1,2658,0,0,0,0.25,0,0.2,0.142857,1
3960,97219,3,1,2658,0,0,0,0.25,0,0.2,0.142857,1
3961,97220,3,1,2658,0,0,0,0.25,0,0.2,0.142857,1
3962,97215,2,2,2658,0,0,0,0.25,0,0.2,0.142857,1
3963,97221,2,2,2658,0,0,0,0.25,0,0.2,0.142857,1
3964,97223,2,1,2659,0,1,0,0.25,0,0.2,0.142857,1
3965,97217,2,1,2659,0,0,0,0.25,0,0.2,0.142857,1
3966,97219,3,0,2660,0,1,0,0.25,0,0.2,0.142857,1
3967,97216,3,0,2660,0,0,0,0.25,0,0.2,0.142857,1
3968,97215,3,0,2660,0,0,0,0.25,0,0.2,0.142857,1
3969,97217,4,0,2660,0,0,0,0.25,0,0.2,0.142857,1
3970,97217,4,0,2660,0,0,0,0.25,0,0.2,0.142857,1
3971,97215,5,0,2660,0,0,0,0.25,0,0.2,0.142857,1
3972,97216,4,1,2660,0,0,0,0.25,0,0.2,0.142857,1
3973,97216,2,3,2660,0,0,0,0.25,0,0.2,0.142857,1
3974,97216,2,2,2661,0,1,1,0.25,0,0.2,0.142857,1
3975,97213,3,2,2660,0,0,0,0.25,0,0.2,0.142857,1
3976,97211,2,3,2660,0,0,0,0.25,0,0.2,0.142857,1
3977,97214,1,4,2660,0,0,0,0.25,0,0.2,0.142857,1
3978,97215,2,3,2661,0,1,0,0.25,0,0.2,0.142857,1
3979,97217,2,2,2662,0,1,0,0.25,0,0.2,0.142857,1
3980,97216,2,1,2663,0,1,0,0.25,0,0.2,0.142857,1
3981,97212,2,1,2663,0,0,0,0.25,0,0.2,0.142857,1
3982,97207,1,2,2663,0,0,0,0.25,0,0.2,0.142857,1
3983,97205,2,2,2663,0,0,0,0.25,0,0.2,0.142857,1
3984,97209,1,3,2663,0,0,0,0.25,0,0.2,0.142857,1
3985,97210,1,3,2662,0,0,0,0.25,0,0.2,0.142857,1
3986,97207,1,2,2663,0,1,1,0.25,0,0.2,0.142857,1
3987,97206,1,2,2663,0,0,0,0.25,0,0.2,0.142857,1
3988,97205,1,2,2663,0,0,0,0.25,0,0.2,0.142857,1
3989,97206,1,0,2665,0,2,0,0.25,0,0.2,0.142857,1
3990,97207,1,0,2665,0,0,0,0.25,0,0.2,0.142857,1
3991,97208,1,0,2665,0,0,0,0.25,0,0.2,0.142857,1
3992,97208,1,0,2665,0,0,0,0.25,0,0.2,0.142857,1
3993,97208,1,0,2665,0,0,0,0.25,0,0.2,0.142857,1
3994,97210,1,0,2665,0,0,0,0.25,0,0.2,0.142857,1
3995,97207,1,0,2665,0,0,0,0.25,0,0.2,0.142857,1
3996,97207,1,0,2665,0,0,0,0.25,0,0.2,0.142857,1
3997,97204,1,1,2665,0,0,0,0.25,0,0.2,0.142857,1
3998,97209,1,1,2665,0,0,0,0.25,0,0.2,0.142857,1
3999,97207,2,0,2666,0,1,0,0.25,0,0.2,0.142857,1
4000,97208,2,0,2666,0,0,0,0.25,0,0.2,0.142857,1
4001,97206,2,0,2666,0,0,0,0.25,0,0.2,0.142857,1
4002,97201,0,2,2666,0,0,0,0.25,0,0.2,0.142857,1
4003,97198,0,2,2666,0,0,0,0.25,0,0.2,0.142857,1
4004,97196,1,2,2666,0,0,0,0.25,0,0.2,0.142857,1
4005,97198,1,2,2665,0,0,0,0.25,0,0.2,0.142857,1
4006,97195,1,1,2666,0,1,0,0.25,0,0.2,0.142857,1
4007,97191,1,1,2666,0,0,0,0.25,0,0.2,0.142857,1
4008,97189,1,1,2666,0,0,0,0.25,0,0.2,0.142857,1
4009,97186,1,1,2666,0,0,0,0.25,0,0.2,0.142857,1
4010,97188,1,1,2666,0,0,0,0.25,0,0.2,0.142857,1
4011,97183,1,1,2666,0,0,0,0.25,0,0.2,0.142857,1
4012,97186,1,0,2667,0,1,0,0.25,0,0.2,0.142857,1
4013,97184,1,0,2667,0,0,0,0.25,0,0.2,0.142857,1
4014,97177,1,0,2667,0,0,0,0.25,0,0.2,0.142857,1
4015,97177,1,0,2667,0,0,0,0.25,0,0.2,0.142857,1
4016,97179,1,0,2667,0,0,0,0.25,0,0.2,0.142857,1
4017,97182,1,0,2667,0,0,0,0.25,0,0.2,0.142857,1
4018,97185,1,0,2667,0,0,0,0.25,0,0.2,0.142857,1
4019,97182,1,0,2666,0,0,0,0.25,0,0.2,0.142857,1
4020,97179,1,0,2666,0,0,0,0.25,0,0.2,0.142857,1
4021,97175,1,0,2666,0,0,0,0.25,0,0.2,0.142857,1
4022,97175,1,1,2666,0,0,0,0.25,0,0.2,0.142857,1
4023,97172,1,1,2666,0,0,0,0.25,0,0.2,0.142857,1
4024,97175,1,1,2666,0,0,0,0.25,0,0.2,0.142857,1
4025,97174,2,1,2666,0,0,0,0.25,0,0.2,0.142857,1
4026,97174,2,1,2665,0,0,0,0.25,0,0.2,0.142857,1
4027,97174,2,1,2665,0,0,0,0.25,0,0.2,0.142857,1
4028,97176,1,2,2665,0,0,0,0.25,0,0.2,0.142857,1
4029,97172,1,2,2665,0,0,0,0.25,0,0.2,0.142857,1
4030,97173,2,1,2666,0,1,0,0.25,0,0.2,0.142857,1
4031,97173,2,1,2665,0,0,0,0.25,0,0.2,0.142857,1
4032,97172,1,1,2666,0,1,1,0.25,0,0.2,0.142857,1
4033,97171,1,1,2666,0,0,0,0.25,0,0.2,0.142857,1
4034,97169,1,0,2666,0,1,0,0.25,0,0.2,0.142857,1
4035,97171,1,0,2666,0,0,0,0.25,0,0.2,0.142857,1
4036,97173,1,0,2666,0,0,0,0.25,0,0.2,0.142857,1
4037,97176,1,0,2666,0,0,0,0.25,0,0.2,0.142857,1
4038,97174,1,0,2666,0,0,0,0.25,0,0.2,0.142857,1
4039,97172,1,0,2666,0,0,0,0.25,0,0.2,0.142857,1
4040,97174,1,0,2666,0,0,0,0.25,0,0.2,0.142857,1
4041,97171,1,0,2665,0,0,0,0.25,0,0.2,0.142857,1
4042,97172,1,0,2665,0,0,0,0.25,0,0.2,0.142857,1
4043,97173,1,0,2664,0,0,0,0.25,0,0.2,0.142857,1
4044,97167,1,0,2664,0,0,0,0.25,0,0.2,0.142857,1
4045,97166,1,0,2664,0,0,0,0.25,0,0.2,0.142857,1
4046,97164,1,0,2664,0,0,0,0.25,0,0.2,0.142857,1
4047,97164,2,0,2664,0,0,0,0.25,0,0.2,0.142857,1
4048,97162,2,0,2664,0,0,0,0.25,0,0.2,0.142857,1
4049,97161,3,0,2664,0,0,0,0.25,0,0.2,0.142857,1
4050,97157,3,0,2664,0,0,0,0.25,0,0.2,0.142857,1
4051,97158,3,1,2664,0,0,0,0.25,0,0.2,0.142857,1
4052,97157,1,1,2666,0,2,0,0.25,0,0.2,0.142857,1
4053,97157,1,0,2667,0,1,0,0.25,0,0.2,0.142857,1
4054,97157,2,0,2667,0,0,0,0.25,0,0.2,0.142857,1
4055,97157,2,1,2666,0,0,0,0.25,0,0.2,0.142857,1
4056,97159,2,1,2666,0,0,0,0.25,0,0.2,0.142857,1
4057,97157,2,1,2666,0,0,0,0.25,0,0.2,0.142857,1
4058,97157,2,1,2666,0,0,0,0.25,0,0.2,0.142857,1
4059,97154,1,1,2667,0,1,0,0.25,0,0.2,0.142857,1
4060,97152,1,1,2667,0,0,0,0.25,0,0.2,0.142857,1
4061,97156,1,1,2666,0,0,0,0.25,0,0.2,0.142857,1
4062,97156,1,1,2666,0,0,0,0.25,0,0.2,0.142857,1
4063,97155,1,1,2666,0,0,0,0.25,0,0.2,0.142857,1
4064,97149,1,1,2666,0,0,0,0.25,0,0.2,0.142857,1
4065,97155,1,1,2666,0,0,0,0.25,0,0.2,0.142857,1
4066,97152,1,1,2666,0,0,0,0.25,0,0.2,0.142857,1
4067,97149,1,1,2666,0,0,0,0.25,0,0.2,0.142857,1
4068,97151,1,1,2666,0,0,0,0.25,0,0.2,0.142857,1
4069,97150,1,1,2666,0,0,0,0.25,0,0.2,0.142857,1
4070,97149,0,1,2667,0,1,0,0.25,0,0.2,0.142857,1
4071,97150,0,1,2667,0,0,0,0.25,0,0.2,0.142857,1
4072,97154,0,1,2667,0,0,0,0.25,0,0.2,0.142857,1
4073,97159,0,0,2668,0,1,0,0.25,0,0.2,0.142857,1
4074,97157,0,0,2668,0,0,0,0.25,0,0.2,0.142857,1
4075,97159,0,0,2668,0,0,0,0.25,0,0.2,0.142857,1
4076,97157,0,0,2667,0,0,0,0.25,0,0.2,0.142857,1
4077,97155,1,0,2667,0,0,0,0.25,0,0.2,0.142857,1
4078,97155,1,0,2667,0,0,0,0.25,0,0.2,0.142857,1
4079,97157,1,0,2667,0,0,0,0.25,0,0.2,0.142857,1
4080,97157,1,0,2667,0,0,0,0.25,0,0.2,0.142857,1
4081,97160,2,0,2667,0,0,0,0.25,0,0.2,0.142857,1
4082,97159,0,2,2667,0,0,0,0.25,0,0.2,0.142857,1
4083,97158,0,2,2667,0,0,0,0.25,0,0.2,0.142857,1
4084,97156,0,2,2667,0,0,0,0.25,0,0.2,0.142857,1
4085,97153,0,2,2667,0,0,0,0.25,0,0.2,0.142857,1
4086,97156,0,1,2668,0,1,1,0.25,0,0.2,0.142857,1
4087,97157,0,1,2668,0,0,0,0.25,0,0.2,0.142857,1
4088,97155,0,1,2668,0,0,0,0.25,0,0.2,0.142857,1
4089,97153,0,0,2669,0,1,0,0.25,0,0.2,0.142857,1
4090,97155,1,0,2669,0,0,0,0.25,0,0.2,0.142857,1
4091,97159,0,1,2668,0,0,0,0.25,0,0.2,0.142857,1
4092,97159,1,1,2668,0,0,0,0.25,0,0.2,0.142857,1
4093,97164,1,1,2668,0,0,0,0.25,0,0.2,0.142857,1
4094,97166,1,0,2669,0,1,0,0.25,0,0.2,0.142857,1
4095,97167,0,1,2669,0,0,0,0.25,0,0.2,0.142857,1
4096,97166,0,0,2670,0,1,0,0.25,0,0.2,0.142857,1
4097,97167,0,0,2670,0,0,0,0.25,0,0.2,0.142857,1
4098,97165,0,0,2670,0,0,0,0.25,0,0.2,0.142857,1
4099,97169,1,0,2670,0,0,0,0.25,0,0.2,0.142857,1
4100,97168,1,0,2670,0,0,0,0.25,0,0.2,0.142857,1
4101,97171,1,0,2670,0,0,0,0.25,0,0.2,0.142857,1
4102,97170,0,1,2670,0,0,0,0.25,0,0.2,0.142857,1
4103,97164,0,1,2671,0,1,0,0.25,0,0.2,0.142857,1
4104,97163,0,1,2671,0,0,0,0.25,0,0.2,0.142857,1
4105,97162,0,1,2671,0,0,0,0.25,0,0.2,0.142857,1
4106,97164,0,1,2671,0,0,0,0.25,0,0.2,0.142857,1
4107,97165,0,1,2671,0,0,0,0.25,0,0.2,0.142857,1
4108,97166,0,1,2671,0,0,0,0.25,0,0.2,0.142857,1
4109,97167,0,1,2671,0,0,0,0.25,0,0.2,0.142857,1
4110,97160,0,0,2672,0,1,0,0.25,0,0.2,0.142857,1
4111,97153,0,0,2672,0,0,0,0.25,0,0.2,0.142857,1
4112,97152,0,0,2672,0,0,0,0.25,0,0.2,0.142857,1
4113,97155,0,0,2672,0,0,0,0.25,0,0.2,0.142857,1
4114,97156,0,0,2672,0,0,0,0.25,0,0.2,0.142857,1
4115,97154,0,0,2671,0,0,0,0.25,0,0.2,0.142857,1
4116,97154,0,0,2671,0,0,0,0.25,0,0.2,0.142857,1
4117,97157,0,0,2671,0,0,0,0.25,0,0.2,0.142857,1
4118,97155,0,0,2671,0,0,0,0.25,0,0.2,0.142857,1
4119,97156,0,0,2671,0,0,0,0.25,0,0.2,0.142857,1
4120,97158,0,0,2671,0,0,0,0.25,0,0.2,0.142857,1
4121,97157,1,0,2671,0,0,0,0.25,0,0.2,0.142857,1
4122,97155,0,1,2670,0,0,0,0.25,0,0.2,0.142857,1
4123,97157,0,1,2670,0,0,0,0.25,0,0.2,0.142857,1
4124,97155,0,1,2670,0,0,0,0.25,0,0.2,0.142857,1
4125,97149,0,1,2670,0,0,0,0.25,0,0.2,0.142857,1
4126,97147,0,1,2670,0,0,0,0.25,0,0.2,0.142857,1
4127,97148,0,0,2671,0,1,0,0.25,0,0.2,0.142857,1
4128,97144,0,0,2671,0,0,0,0.25,0,0.2,0.142857,1
4129,97150,0,0,2671,0,0,0,0.25,0,0.2,0.142857,1
4130,97150,0,0,2671,0,0,0,0.25,0,0.2,0.142857,1
4131,97149,0,0,2671,0,0,0,0.25,0,0.2,0.142857,1
4132,97152,1,0,2671,0,0,0,0.25,0,0.2,0.142857,1
4133,97156,1,0,2671,0,0,0,0.25,0,0.2,0.142857,1
4134,97155,1,0,2671,0,0,0,0.25,0,0.2,0.142857,1
4135,97155,0,1,2671,0,0,0,0.25,0,0.2,0.142857,1
4136,97154,0,1,2671,0,0,0,0.25,0,0.2,0.142857,1
4137,97155,0,1,2670,0,0,0,0.25,0,0.2,0.142857,1
4138,97156,0,1,2670,0,0,0,0.25,0,0.2,0.142857,1
4139,97157,0,0,2671,0,1,0,0.25,0,0.2,0.142857,1
4140,97160,0,0,2671,0,0,0,0.25,0,0.2,0.142857,1
4141,97153,0,0,2671,0,0,0,0.25,0,0.2,0.142857,1
4142,97154,0,0,2671,0,0,0,0.25,0,0.2,0.142857,1
4143,97149,0,0,2671,0,0,0,0.25,0,0.2,0.142857,1
4144,97149,0,0,2671,0,0,0,0.25,0,0.2,0.142857,1
4145,97152,0,0,2671,0,0,0,0.25,0,0.2,0.142857,1
4146,97150,0,0,2671,0,0,0,0.25,0,0.2,0.142857,1
4147,97148,0,0,2671,0,0,0,0.25,0,0.2,0.142857,1
4148,97149,1,0,2671,0,0,0,0.25,0,0.2,0.142857,1
4149,97147,2,0,2671,0,0,0,0.25,0,0.2,0.142857,1
4150,97150,2,0,2671,0,0,0,0.25,0,0.2,0.142857,1
4151,97142,2,1,2671,0,0,0,0.25,0,0.2,0.142857,1
4152,97144,2,1,2671,0,0,0,0.25,0,0.2,0.142857,1
4153,97147,2,1,2671,0,0,0,0.25,0,0.2,0.142857,1
4154,97147,2,1,2671,0,0,0,0.25,0,0.2,0.142857,1
4155,97149,2,1,2671,0,0,0,0.25,0,0.2,0.142857,1
4156,97148,2,0,2672,0,1,0,0.25,0,0.2,0.142857,1
4157,97147,2,0,2672,0,0,0,0.25,0,0.2,0.142857,1
4158,97152,1,1,2672,0,0,0,0.25,0,0.2,0.142857,1
4159,97154,1,0,2673,0,1,0,0.25,0,0.2,0.142857,1
4160,97153,1,0,2673,0,0,0,0.25,0,0.2,0.142857,1
4161,97155,1,0,2673,0,0,0,0.25,0,0.2,0.142857,1
4162,97155,1,0,2673,0,0,0,0.25,0,0.2,0.142857,1
4163,97156,1,0,2673,0,0,0,0.25,0,0.2,0.142857,1
4164,97154,2,0,2673,0,0,0,0.25,0,0.2,0.142857,1
4165,97154,2,0,2673,0,0,0,0.25,0,0.2,0.142857,1
4166,97153,1,1,2673,0,0,0,0.25,0,0.2,0.142857,1
4167,97149,2,1,2673,0,0,0,0.25,0,0.2,0.142857,1
4168,97150,2,1,2673,0,0,0,0.25,0,0.2,0.142857,1
4169,97148,1,2,2673,0,0,0,0.25,0,0.2,0.142857,1
4170,97145,1,1,2674,0,1,0,0.25,0,0.2,0.142857,1
4171,97142,1,2,2674,0,0,0,0.25,0,0.2,0.142857,1
4172,97142,1,2,2673,0,0,0,0.25,0,0.2,0.142857,1
4173,97136,0,2,2674,0,1,0,0.25,0,0.2,0.142857,1
4174,97133,1,2,2674,0,0,0,0.25,0,0.2,0.142857,1
4175,97138,1,2,2674,0,0,0,0.25,0,0.2,0.142857,1
4176,97135,2,2,2674,0,0,0,0.25,0,0.2,0.142857,1
4177,97136,2,2,2674,0,0,0,0.25,0,0.2,0.142857,1
4178,97134,2,1,2675,0,1,0,0.25,0,0.2,0.142857,1
4179,97134,3,1,2675,0,0,0,0.25,0,0.2,0.142857,1
4180,97136,2,2,2674,0,0,0,0.25,0,0.2,0.142857,1
4181,97139,2,2,2674,0,0,0,0.25,0,0.2,0.142857,1
4182,97140,2,1,2675,0,1,0,0.25,0,0.2,0.142857,1
4183,97142,2,0,2676,0,1,1,0.25,0,0.2,0.142857,1
4184,97143,1,1,2675,0,0,0,0.25,0,0.2,0.142857,1
4185,97142,1,1,2675,0,0,0,0.25,0,0.2,0.142857,1
4186,97140,1,1,2675,0,0,0,0.25,0,0.2,0.142857,1
4187,97140,1,1,2675,0,0,0,0.25,0,0.2,0.142857,1
4188,97141,2,1,2675,0,0,0,0.25,0,0.2,0.142857,1
4189,97141,2,1,2675,0,0,0,0.25,0,0.2,0.142857,1
4190,97141,3,1,2675,0,0,0,0.25,0,0.2,0.142857,1
4191,97141,2,2,2675,0,0,0,0.25,0,0.2,0.142857,1
4192,97143,2,2,2675,0,0,0,0.25,0,0.2,0.142857,1
4193,97144,2,2,2675,0,0,0,0.25,0,0.2,0.142857,1
4194,97139,1,2,2676,0,1,1,0.25,0,0.2,0.142857,1
4195,97142,1,1,2676,0,1,0,0.25,0,0.2,0.142857,1
4196,97144,1,1,2676,0,0,0,0.25,0,0.2,0.142857,1
4197,97145,1,1,2676,0,0,0,0.25,0,0.2,0.142857,1
4198,97142,0,2,2675,0,0,0,0.25,0,0.2,0.142857,1
4199,97137,0,2,2675,0,0,0,0.25,0,0.2,0.142857,1
4200,97136,0,2,2675,0,0,0,0.25,0,0.2,0.142857,1
4201,97140,1,2,2675,0,0,0,0.25,0,0.2,0.142857,1
4202,97138,1,2,2675,0,0,0,0.25,0,0.2,0.142857,1
4203,97138,0,2,2676,0,1,0,0.25,0,0.2,0.142857,1
4204,97136,0,1,2677,0,1,0,0.25,0,0.2,0.142857,1
4205,97135,0,1,2677,0,0,0,0.25,0,0.2,0.142857,1
4206,97132,0,1,2677,0,0,0,0.25,0,0.2,0.142857,1
4207,97133,0,1,2677,0,0,0,0.25,0,0.2,0.142857,1
4208,97134,0,1,2677,0,0,0,0.25,0,0.2,0.142857,1
4209,97135,0,1,2677,0,0,0,0.25,0,0.2,0.142857,1
4210,97133,0,1,2677,0,0,0,0.25,0,0.2,0.142857,1
4211,97135,0,1,2677,0,0,0,0.25,0,0.2,0.142857,1
4212,97140,0,1,2677,0,0,0,0.25,0,0.2,0.142857,1
4213,97138,0,1,2677,0,0,0,0.25,0,0.2,0.142857,1
4214,97137,0,1,2677,0,0,0,0.25,0,0.2,0.142857,1
4215,97137,0,0,2678,0,1,0,0.25,0,0.2,0.142857,1
4216,97143,0,0,2677,0,0,0,0.25,0,0.2,0.142857,1
4217,97145,0,0,2677,0,0,0,0.25,0,0.2,0.142857,1
4218,97146,0,0,2676,0,0,0,0.25,0,0.2,0.142857,1
4219,97149,0,0,2676,0,0,0,0.25,0,0.2,0.142857,1
4220,97148,0,0,2676,0,0,0,0.25,0,0.2,0.142857,1
4221,97149,0,0,2676,0,0,0,0.25,0,0.2,0.142857,1
4222,97148,0,0,2676,0,0,0,0.25,0,0.2,0.142857,1
4223,97145,1,0,2676,0,0,0,0.25,0,0.2,0.142857,1
4224,97147,1,0,2676,0,0,0,0.25,0,0.2,0.142857,1
4225,97148,1,0,2676,0,0,0,0.25,0,0.2,0.142857,1
4226,97150,1,0,2676,0,0,0,0.25,0,0.2,0.142857,1
4227,97147,1,0,2676,0,0,0,0.25,0,0.2,0.142857,1
4228,97147,1,0,2676,0,0,0,0.25,0,0.2,0.142857,1
4229,97145,1,0,2676,0,0,0,0.25,0,0.2,0.142857,1
4230,97145,2,0,2676,0,0,0,0.25,0,0.2,0.142857,1
4231,97145,2,0,2676,0,0,0,0.25,0,0.2,0.142857,1
4232,97147,2,0,2676,0,0,0,0.25,0,0.2,0.142857,1
4233,97146,2,0,2676,0,0,0,0.25,0,0.2,0.142857,1
4234,97148,1,1,2676,0,0,0,0.25,0,0.2,0.142857,1
4235,97150,1,1,2676,0,0,0,0.25,0,0.2,0.142857,1
4236,97153,1,1,2676,0,0,0,0.25,0,0.2,0.142857,1
4237,97154,1,1,2676,0,0,0,0.25,0,0.2,0.142857,1
4238,97154,0,2,2676,0,0,0,0.25,0,0.2,0.142857,1
4239,97157,0,2,2676,0,0,0,0.25,0,0.2,0.142857,1
4240,97159,0,1,2677,0,1,0,0.25,0,0.2,0.142857,1
4241,97158,0,1,2676,0,0,0,0.25,0,0.2,0.142857,1
4242,97160,0,0,2677,0,1,0,0.25,0,0.2,0.142857,1
4243,97160,0,0,2677,0,0,0,0.25,0,0.2,0.142857,1
4244,97158,1,0,2677,0,0,0,0.25,0,0.2,0.142857,1
4245,97159,1,0,2677,0,0,0,0.25,0,0.2,0.142857,1
4246,97162,0,1,2677,0,0,0,0.25,0,0.2,0.142857,1
4247,97159,0,1,2677,0,0,0,0.25,0,0.2,0.142857,1
4248,97158,0,1,2676,0,0,0,0.25,0,0.2,0.142857,1
4249,97160,0,1,2676,0,0,0,0.25,0,0.2,0.142857,1
4250,97161,0,0,2677,0,1,1,0.25,0,0.2,0.142857,1
4251,97164,0,0,2677,0,0,0,0.25,0,0.2,0.142857,1
4252,97160,0,0,2677,0,0,0,0.25,0,0.2,0.142857,1
4253,97163,0,0,2677,0,0,0,0.25,0,0.2,0.142857,1
4254,97165,0,0,2677,0,0,0,0.25,0,0.2,0.142857,1
4255,97166,0,0,2677,0,0,0,0.25,0,0.2,0.142857,1
4256,97171,0,0,2677,0,0,0,0.25,0,0.2,0.142857,1
4257,97173,0,0,2677,0,0,0,0.25,0,0.2,0.142857,1
4258,97174,0,0,2677,0,0,0,0.25,0,0.2,0.142857,1
4259,97169,0,0,2677,0,0,0,0.25,0,0.2,0.142857,1
4260,97172,0,0,2677,0,0,0,0.25,0,0.2,0.142857,1
4261,97166,0,0,2677,0,0,0,0.25,0,0.2,0.142857,1
4262,97168,0,0,2677,0,0,0,0.25,0,0.2,0.142857,1
4263,97167,0,0,2677,0,0,0,0.25,0,0.2,0.142857,1
4264,97171,0,0,2677,0,0,0,0.25,0,0.2,0.142857,1
4265,97164,0,0,2677,0,0,0,0.25,0,0.2,0.142857,1
4266,97164,1,0,2677,0,0,0,0.25,0,0.2,0.142857,1
4267,97165,1,0,2677,0,0,0,0.25,0,0.2,0.142857,1
4268,97164,1,0,2677,0,0,0,0.25,0,0.2,0.142857,1
4269,97167,1,0,2677,0,0,0,0.25,0,0.2,0.142857,1
4270,97164,0,1,2676,0,0,0,0.25,0,0.2,0.142857,1
4271,97167,0,1,2676,0,0,0,0.25,0,0.2,0.142857,1
4272,97168,0,1,2676,0,0,0,0.25,0,0.2,0.142857,1
4273,97168,0,0,2677,0,1,0,0.25,0,0.2,0.142857,1
4274,97169,0,0,2677,0,0,0,0.25,0,0.2,0.142857,1
4275,97169,0,0,2677,0,0,0,0.25,0,0.2,0.142857,1
4276,97168,0,0,2677,0,0,0,0.25,0,0.2,0.142857,1
4277,97166,0,0,2677,0,0,0,0.25,0,0.2,0.142857,1
4278,97166,0,0,2677,0,0,0,0.25,0,0.2,0.142857,1
4279,97168,1,0,2677,0,0,0,0.25,0,0.2,0.142857,1
4280,97166,1,0,2677,0,0,0,0.25,0,0.2,0.142857,1
4281,97167,1,0,2677,0,0,0,0.25,0,0.2,0.142857,1
4282,97167,1,0,2677,0,0,0,0.25,0,0.2,0.142857,1
4283,97168,1,0,2677,0,0,0,0.25,0,0.2,0.142857,1
4284,97168,1,0,2677,0,0,0,0.25,0,0.2,0.142857,1
4285,97164,1,0,2677,0,0,0,0.25,0,0.2,0.142857,1
4286,97162,1,0,2677,0,0,0,0.25,0,0.2,0.142857,1
4287,97161,1,0,2677,0,0,0,0.25,0,0.2,0.142857,1
4288,97162,1,0,2677,0,0,0,0.25,0,0.2,0.142857,1
4289,97161,2,0,2677,0,0,0,0.25,0,0.2,0.142857,1
4290,97156,2,1,2677,0,0,0,0.25,0,0.2,0.142857,1
4291,97156,2,1,2677,0,0,0,0.25,0,0.2,0.142857,1
4292,97155,1,2,2677,0,0,0,0.25,0,0.2,0.142857,1
4293,97157,1,1,2678,0,1,0,0.25,0,0.2,0.142857,1
4294,97160,1,1,2678,0,0,0,0.25,0,0.2,0.142857,1
4295,97159,2,1,2678,0,0,0,0.25,0,0.2,0.142857,1
4296,97159,2,1,2678,0,0,0,0.25,0,0.2,0.142857,1
4297,97161,1,2,2678,0,0,0,0.25,0,0.2,0.142857,1
4298,97159,1,1,2679,0,1,0,0.25,0,0.2,0.142857,1
4299,97163,2,1,2679,0,0,0,0.25,0,0.2,0.142857,1
4300,97166,2,1,2679,0,0,0,0.25,0,0.2,0.142857,1
4301,97160,1,2,2679,0,0,0,0.25,0,0.2,0.142857,1
4302,97167,1,2,2679,0,0,0,0.25,0,0.2,0.142857,1
4303,97167,0,2,2680,0,1,0,0.25,0,0.2,0.142857,1
4304,97165,0,2,2680,0,0,0,0.25,0,0.2,0.142857,1
4305,97167,1,1,2681,0,1,0,0.25,0,0.2,0.142857,1
4306,97162,2,1,2681,0,0,0,0.25,0,0.2,0.142857,1
4307,97162,2,0,2682,0,1,0,0.25,0,0.2,0.142857,1
4308,97158,3,0,2682,0,0,0,0.25,0,0.2,0.142857,1
4309,97155,4,0,2682,0,0,0,0.25,0,0.2,0.142857,1
4310,97154,4,0,2682,0,0,0,0.25,0,0.2,0.142857,1
4311,97155,4,0,2682,0,0,0,0.25,0,0.2,0.142857,1
4312,97154,3,1,2682,0,0,0,0.25,0,0.2,0.142857,1
4313,97154,4,1,2681,0,0,0,0.25,0,0.2,0.142857,1
4314,97155,3,2,2681,0,0,0,0.25,0,0.2,0.142857,1
4315,97156,3,2,2681,0,0,0,0.25,0,0.2,0.142857,1
4316,97153,3,2,2682,0,1,1,0.25,0,0.2,0.142857,1
4317,97146,3,1,2684,0,2,1,0.25,0,0.2,0.142857,1
4318,97148,3,1,2684,0,0,0,0.25,0,0.2,0.142857,1
4319,97151,3,0,2685,0,1,0,0.25,0,0.2,0.142857,1
4320,97153,3,0,2685,0,0,0,0.25,0,0.2,0.142857,1
4321,97150,3,0,2685,0,0,0,0.25,0,0.2,0.142857,1
4322,97157,3,0,2685,0,0,0,0.25,0,0.2,0.142857,1
4323,97154,3,0,2685,0,0,0,0.25,0,0.2,0.142857,1
4324,97154,2,1,2685,0,0,0,0.25,0,0.2,0.142857,1
4325,97156,1,1,2686,0,1,0,0.25,0,0.2,0.142857,1
4326,97154,1,1,2686,0,0,0,0.25,0,0.2,0.142857,1
4327,97160,1,1,2686,0,0,0,0.25,0,0.2,0.142857,1
4328,97161,1,0,2687,0,1,0,0.25,0,0.2,0.142857,1
4329,97163,1,0,2687,0,0,0,0.25,0,0.2,0.142857,1
4330,97161,1,0,2687,0,0,0,0.25,0,0.2,0.142857,1
4331,97160,1,0,2687,0,0,0,0.25,0,0.2,0.142857,1
4332,97157,1,0,2687,0,0,0,0.25,0,0.2,0.142857,1
4333,97160,1,0,2687,0,0,0,0.25,0,0.2,0.142857,1
4334,97163,1,0,2687,0,0,0,0.25,0,0.2,0.142857,1
4335,97161,1,0,2687,0,0,0,0.25,0,0.2,0.142857,1
4336,97168,1,0,2687,0,0,0,0.25,0,0.2,0.142857,1
4337,97166,1,0,2687,0,0,0,0.25,0,0.2,0.142857,1
4338,97169,1,0,2687,0,0,0,0.25,0,0.2,0.142857,1
4339,97172,1,0,2687,0,0,0,0.25,0,0.2,0.142857,1
4340,97170,1,0,2687,0,0,0,0.25,0,0.2,0.142857,1
4341,97166,0,1,2687,0,0,0,0.25,0,0.2,0.142857,1
4342,97169,0,0,2688,0,1,0,0.25,0,0.2,0.142857,1
4343,97166,0,0,2688,0,0,0,0.25,0,0.2,0.142857,1
4344,97166,0,0,2688,0,0,0,0.25,0,0.2,0.142857,1
4345,97165,1,0,2688,0,0,0,0.25,0,0.2,0.142857,1
4346,97167,1,0,2688,0,0,0,0.25,0,0.2,0.142857,1
4347,97168,1,0,2688,0,0,0,0.25,0,0.2,0.142857,1
4348,97170,1,0,2688,0,0,0,0.25,0,0.2,0.142857,1
4349,97169,1,0,2688,0,0,0,0.25,0,0.2,0.142857,1
4350,97169,1,0,2688,0,0,0,0.25,0,0.2,0.142857,1
4351,97170,0,1,2687,0,0,0,0.25,0,0.2,0.142857,1
4352,97166,0,1,2687,0,0,0,0.25,0,0.2,0.142857,1
4353,97164,0,1,2686,0,0,0,0.25,0,0.2,0.142857,1
4354,97159,1,1,2686,0,0,0,0.25,0,0.2,0.142857,1
4355,97157,1,1,2686,0,0,0,0.25,0,0.2,0.142857,1
4356,97158,1,1,2686,0,0,0,0.25,0,0.2,0.142857,1
4357,97158,1,1,2686,0,0,0,0.25,0,0.2,0.142857,1
4358,97154,1,1,2686,0,0,0,0.25,0,0.2,0.142857,1
4359,97151,1,1,2686,0,0,0,0.25,0,0.2,0.142857,1
4360,97147,1,1,2686,0,0,0,0.25,0,0.2,0.142857,1
4361,97143,2,1,2686,0,0,0,0.25,0,0.2,0.142857,1
4362,97143,2,1,2686,0,0,0,0.25,0,0.2,0.142857,1
4363,97148,2,0,2687,0,1,0,0.25,0,0.2,0.142857,1
4364,97148,2,0,2687,0,0,0,0.25,0,0.2,0.142857,1
4365,97149,2,0,2687,0,0,0,0.25,0,0.2,0.142857,1
4366,97147,2,0,2687,0,0,0,0.25,0,0.2,0.142857,1
4367,97144,1,1,2687,0,0,0,0.25,0,0.2,0.142857,1
4368,97143,1,1,2687,0,0,0,0.25,0,0.2,0.142857,1
4369,97144,1,1,2687,0,0,0,0.25,0,0.2,0.142857,1
4370,97144,1,1,2687,0,0,0,0.25,0,0.2,0.142857,1
4371,97145,1,2,2687,0,0,0,0.25,0,0.2,0.142857,1
4372,97150,2,2,2687,0,0,0,0.25,0,0.2,0.142857,1
4373,97151,2,2,2687,0,0,0,0.25,0,0.2,0.142857,1
4374,97153,2,0,2689,0,2,1,0.25,0,0.2,0.142857,1
4375,97154,2,0,2688,0,0,0,0.25,0,0.2,0.142857,1
4376,97157,2,0,2688,0,0,0,0.25,0,0.2,0.142857,1
4377,97155,2,0,2688,0,0,0,0.25,0,0.2,0.142857,1
4378,97158,2,0,2688,0,0,0,0.25,0,0.2,0.142857,1
4379,97160,2,0,2688,0,0,0,0.25,0,0.2,0.142857,1
4380,97165,2,0,2688,0,0,0,0.25,0,0.2,0.142857,1
4381,97169,2,0,2688,0,0,0,0.25,0,0.2,0.142857,1
4382,97168,3,0,2688,0,0,0,0.25,0,0.2,0.142857,1
4383,97165,3,0,2687,0,0,0,0.25,0,0.2,0.142857,1
4384,97164,3,0,2687,0,0,0,0.25,0,0.2,0.142857,1
4385,97161,3,0,2687,0,0,0,0.25,0,0.2,0.142857,1
4386,97157,2,1,2687,0,0,0,0.25,0,0.2,0.142857,1
4387,97158,1,2,2687,0,0,0,0.25,0,0.2,0.142857,1
4388,97154,1,2,2686,0,0,0,0.25,0,0.2,0.142857,1
4389,97154,2,2,2686,0,0,0,0.25,0,0.2,0.142857,1
4390,97156,2,1,2687,0,1,0,0.25,0,0.2,0.142857,1
4391,97153,2,1,2687,0,0,0,0.25,0,0.2,0.142857,1
4392,97151,1,2,2687,0,0,0,0.25,0,0.2,0.142857,1
4393,97154,0,3,2687,0,0,0,0.25,0,0.2,0.142857,1
4394,97157,0,3,2687,0,0,0,0.25,0,0.2,0.142857,1
4395,97155,0,2,2688,0,1,0,0.25,0,0.2,0.142857,1
4396,97153,0,1,2689,0,1,0,0.25,0,0.2,0.142857,1
4397,97153,0,1,2689,0,0,0,0.25,0,0.2,0.142857,1
4398,97154,0,1,2689,0,0,0,0.25,0,0.2,0.142857,1
4399,97155,0,1,2689,0,0,0,0.25,0,0.2,0.142857,1
4400,97150,0,2,2689,0,0,0,0.25,0,0.2,0.142857,1
4401,97149,0,1,2690,0,1,0,0.25,0,0.2,0.142857,1
4402,97147,0,1,2690,0,0,0,0.25,0,0.2,0.142857,1
4403,97146,0,1,2690,0,0,0,0.25,0,0.2,0.142857,1
4404,97144,0,1,2690,0,0,0,0.25,0,0.2,0.142857,1
4405,97145,0,1,2690,0,0,0,0.25,0,0.2,0.142857,1
4406,97140,0,1,2690,0,0,0,0.25,0,0.2,0.142857,1
4407,97139,1,1,2690,0,0,0,0.25,0,0.2,0.142857,1
4408,97138,1,1,2690,0,0,0,0.25,0,0.2,0.142857,1
4409,97142,1,1,2690,0,0,0,0.25,0,0.2,0.142857,1
4410,97143,1,1,2690,0,0,0,0.25,0,0.2,0.142857,1
4411,97142,1,0,2691,0,1,0,0.25,0,0.2,0.142857,1
4412,97139,1,0,2691,0,0,0,0.25,0,0.2,0.142857,1
4413,97139,0,1,2691,0,0,0,0.25,0,0.2,0.142857,1
4414,97142,0,1,2691,0,0,0,0.25,0,0.2,0.142857,1
4415,97143,0,1,2691,0,0,0,0.25,0,0.2,0.142857,1
4416,97139,0,1,2691,0,0,0,0.25,0,0.2,0.142857,1
4417,97132,0,0,2692,0,1,0,0.25,0,0.2,0.142857,1
4418,97130,0,0,2692,0,0,0,0.25,0,0.2,0.142857,1
4419,97128,0,0,2692,0,0,0,0.25,0,0.2,0.142857,1
4420,97129,0,0,2692,0,0,0,0.25,0,0.2,0.142857,1
4421,97134,0,0,2692,0,0,0,0.25,0,0.2,0.142857,1
4422,97138,0,0,2692,0,0,0,0.25,0,0.2,0.142857,1
4423,97135,0,0,2692,0,0,0,0.25,0,0.2,0.142857,1
4424,97140,0,0,2692,0,0,0,0.25,0,0.2,0.142857,1
4425,97137,0,0,2692,0,0,0,0.25,0,0.2,0.142857,1
4426,97135,0,0,2692,0,0,0,0.25,0,0.2,0.142857,1
4427,97136,0,0,2692,0,0,0,0.25,0,0.2,0.142857,1
4428,97136,0,0,2691,0,0,0,0.25,0,0.2,0.142857,1
4429,97137,0,0,2691,0,0,0,0.25,0,0.2,0.142857,1
4430,97135,0,0,2691,0,0,0,0.25,0,0.2,0.142857,1
4431,97131,1,0,2691,0,0,0,0.25,0,0.2,0.142857,1
4432,97136,1,0,2691,0,0,0,0.25,0,0.2,0.142857,1
4433,97137,1,0,2691,0,0,0,0.25,0,0.2,0.142857,1
4434,97133,1,0,2691,0,0,0,0.25,0,0.2,0.142857,1
4435,97128,1,1,2690,0,0,0,0.25,0,0.2,0.142857,1
4436,97129,0,2,2690,0,0,0,0.25,0,0.2,0.142857,1
4437,97132,0,2,2690,0,0,0,0.25,0,0.2,0.142857,1
4438,97134,1,1,2691,0,1,1,0.25,0,0.2,0.142857,1
4439,97135,1,1,2691,0,0,0,0.25,0,0.2,0.142857,1
4440,97135,2,1,2691,0,0,0,0.25,0,0.2,0.142857,1
4441,97135,2,1,2691,0,0,0,0.25,0,0.2,0.142857,1
4442,97137,1,2,2691,0,0,0,0.25,0,0.2,0.142857,1
4443,97138,1,2,2691,0,0,0,0.25,0,0.2,0.142857,1
4444,97137,1,2,2690,0,0,0,0.25,0,0.2,0.142857,1
4445,97138,1,2,2690,0,0,0,0.25,0,0.2,0.142857,1
4446,97134,2,2,2690,0,0,0,0.25,0,0.2,0.142857,1
4447,97135,2,1,2691,0,1,1,0.25,0,0.2,0.142857,1
4448,97132,3,1,2691,0,0,0,0.25,0,0.2,0.142857,1
4449,97130,4,1,2691,0,0,0,0.25,0,0.2,0.142857,1
4450,97133,3,2,2691,0,0,0,0.25,0,0.2,0.142857,1
4451,97129,3,1,2692,0,1,0,0.25,0,0.2,0.142857,1
4452,97123,4,1,2692,0,0,0,0.25,0,0.2,0.142857,1
4453,97126,3,2,2692,0,0,0,0.25,0,0.2,0.142857,1
4454,97125,2,3,2692,0,0,0,0.25,0,0.2,0.142857,1
4455,97120,2,2,2693,0,1,0,0.25,0,0.2,0.142857,1
4456,97123,2,2,2693,0,0,0,0.25,0,0.2,0.142857,1
4457,97122,2,2,2693,0,0,0,0.25,0,0.2,0.142857,1
4458,97124,1,3,2693,0,0,0,0.25,0,0.2,0.142857,1
4459,97123,1,2,2694,0,1,0,0.25,0,0.2,0.142857,1
4460,97125,1,2,2694,0,0,0,0.25,0,0.2,0.142857,1
4461,97122,1,2,2693,0,0,0,0.25,0,0.2,0.142857,1
4462,97123,1,1,2694,0,1,1,0.25,0,0.2,0.142857,1
4463,97121,2,1,2694,0,0,0,0.25,0,0.2,0.142857,1
4464,97122,2,1,2694,0,0,0,0.25,0,0.2,0.142857,1
4465,97122,2,1,2694,0,0,0,0.25,0,0.2,0.142857,1
4466,97127,1,1,2695,0,1,1,0.25,0,0.2,0.142857,1
4467,97124,1,1,2695,0,0,0,0.25,0,0.2,0.142857,1
4468,97124,1,1,2695,0,0,0,0.25,0,0.2,0.142857,1
4469,97121,1,1,2695,0,0,0,0.25,0,0.2,0.142857,1
4470,97122,2,1,2695,0,0,0,0.25,0,0.2,0.142857,1
4471,97128,1,2,2695,0,0,0,0.25,0,0.2,0.142857,1
4472,97127,0,2,2696,0,1,1,0.25,0,0.2,0.142857,1
4473,97127,1,1,2697,0,1,0,0.25,0,0.2,0.142857,1
4474,97126,2,1,2696,0,0,0,0.25,0,0.2,0.142857,1
4475,97128,3,1,2696,0,0,0,0.25,0,0.2,0.142857,1
4476,97131,5,1,2696,0,0,0,0.25,0,0.2,0.142857,1
4477,97130,4,1,2697,0,1,0,0.25,0,0.2,0.142857,1
4478,97133,3,1,2698,0,1,3,0.25,0,0.2,0.142857,1
4479,97136,3,1,2698,0,0,0,0.25,0,0.2,0.142857,1
4480,97136,3,2,2698,0,0,0,0.25,0,0.2,0.142857,1
4481,97142,3,1,2699,0,1,0,0.25,0,0.2,0.142857,1
4482,97143,4,1,2699,0,0,0,0.25,0,0.2,0.142857,1
4483,97142,4,2,2699,0,0,0,0.25,0,0.2,0.142857,1
4484,97135,4,2,2698,0,0,0,0.25,0,0.2,0.142857,1
4485,97136,3,3,2698,0,0,0,0.25,0,0.2,0.142857,1
4486,97132,4,2,2699,0,1,0,0.25,0,0.2,0.142857,1
4487,97131,4,2,2699,0,0,0,0.25,0,0.2,0.142857,1
4488,97131,4,2,2699,0,0,0,0.25,0,0.2,0.142857,1
4489,97128,4,2,2699,0,0,0,0.25,0,0.2,0.142857,1
4490,97130,4,2,2699,0,0,0,0.25,0,0.2,0.142857,1
4491,97129,4,2,2699,0,0,0,0.25,0,0.2,0.142857,1
4492,97132,4,2,2699,0,0,0,0.25,0,0.2,0.142857,1
4493,97134,4,3,2699,0,0,0,0.25,0,0.2,0.142857,1
4494,97132,4,4,2699,0,0,0,0.25,0,0.2,0.142857,1
4495,97133,4,3,2700,0,1,0,0.25,0,0.2,0.142857,1
4496,97133,3,3,2701,0,1,0,0.25,0,0.2,0.142857,1
4497,97134,4,3,2701,0,0,0,0.25,0,0.2,0.142857,1
4498,97135,4,1,2703,0,2,0,0.25,0,0.2,0.142857,1
4499,97128,4,0,2704,0,1,0,0.25,0,0.2,0.142857,1
4500,97129,3,1,2704,0,0,0,0.25,0,0.2,0.142857,1
4501,97128,3,1,2704,0,0,0,0.25,0,0.2,0.142857,1
4502,97126,3,1,2704,0,0,0,0.25,0,0.2,0.142857,1
4503,97126,3,1,2703,0,0,0,0.25,0,0.2,0.142857,1
4504,97127,3,1,2703,0,0,0,0.25,0,0.2,0.142857,1
4505,97130,4,0,2704,0,1,0,0.25,0,0.2,0.142857,1
4506,97130,5,0,2704,0,0,0,0.25,0,0.2,0.142857,1
4507,97130,5,0,2702,0,0,0,0.25,0,0.2,0.142857,1
4508,97134,5,1,2702,0,0,0,0.25,0,0.2,0.142857,1
4509,97137,5,1,2702,0,0,0,0.25,0,0.2,0.142857,1
4510,97142,4,2,2702,0,0,0,0.25,0,0.2,0.142857,1
4511,97139,4,3,2702,0,0,0,0.25,0,0.2,0.142857,1
4512,97138,4,2,2703,0,1,0,0.25,0,0.2,0.142857,1
4513,97140,4,2,2703,0,0,0,0.25,0,0.2,0.142857,1
4514,97138,4,1,2704,0,1,1,0.25,0,0.2,0.142857,1
4515,97137,5,1,2704,0,0,0,0.25,0,0.2,0.142857,1
4516,97134,5,2,2704,0,0,0,0.25,0,0.2,0.142857,1
4517,97128,5,3,2704,0,0,0,0.25,0,0.2,0.142857,1
4518,97130,5,3,2704,0,0,0,0.25,0,0.2,0.142857,1
4519,97133,3,3,2706,0,2,0,0.25,0,0.2,0.142857,1
4520,97133,3,4,2706,0,0,0,0.25,0,0.2,0.142857,1
4521,97130,3,4,2706,0,0,0,0.25,0,0.2,0.142857,1
4522,97128,3,3,2706,0,1,0,0.25,0,0.2,0.142857,1
4523,97127,3,2,2707,0,1,2,0.25,0,0.2,0.142857,1
4524,97120,3,2,2707,0,0,0,0.25,0,0.2,0.142857,1
4525,97119,3,2,2707,0,0,0,0.25,0,0.2,0.142857,1
4526,97121,3,2,2707,0,0,0,0.25,0,0.2,0.142857,1
4527,97122,1,4,2707,0,0,0,0.25,0,0.2,0.142857,1
4528,97121,2,4,2707,0,0,0,0.25,0,0.2,0.142857,1
4529,97123,2,4,2707,0,0,0,0.25,0,0.2,0.142857,1
4530,97119,1,6,2707,0,0,0,0.25,0,0.2,0.142857,1
4531,97118,1,4,2709,0,2,0,0.25,0,0.2,0.142857,1
4532,97120,1,3,2710,0,1,0,0.25,0,0.2,0.142857,1
4533,97120,0,4,2710,0,0,0,0.25,0,0.2,0.142857,1
4534,97117,0,2,2712,0,2,0,0.25,0,0.2,0.142857,1
4535,97117,1,1,2713,0,1,0,0.25,0,0.2,0.142857,1
4536,97113,1,1,2713,0,0,0,0.25,0,0.2,0.142857,1
4537,97115,1,1,2713,0,0,0,0.25,0,0.2,0.142857,1
4538,97109,1,0,2714,0,1,0,0.25,0,0.2,0.142857,1
4539,97113,1,0,2714,0,0,0,0.25,0,0.2,0.142857,1
4540,97113,0,1,2714,0,0,0,0.25,0,0.2,0.142857,1
4541,97114,0,1,2714,0,0,0,0.25,0,0.2,0.142857,1
4542,97113,1,1,2714,0,0,0,0.25,0,0.2,0.142857,1
4543,97115,1,1,2714,0,0,0,0.25,0,0.2,0.142857,1
4544,97118,1,1,2714,0,0,0,0.25,0,0.2,0.142857,1
4545,97115,1,0,2715,0,1,0,0.25,0,0.2,0.142857,1
4546,97115,2,0,2715,0,0,0,0.25,0,0.2,0.142857,1
4547,97110,1,1,2715,0,0,0,0.25,0,0.2,0.142857,1
4548,97108,2,0,2716,0,1,1,0.25,0,0.2,0.142857,1
4549,97109,2,0,2716,0,0,0,0.25,0,0.2,0.142857,1
4550,97111,1,1,2716,0,0,0,0.25,0,0.2,0.142857,1
4551,97110,1,1,2716,0,0,0,0.25,0,0.2,0.142857,1
4552,97110,1,0,2717,0,1,0,0.25,0,0.2,0.142857,1
4553,97108,1,0,2717,0,0,0,0.25,0,0.2,0.142857,1
4554,97112,1,0,2717,0,0,0,0.25,0,0.2,0.142857,1
4555,97112,2,0,2717,0,0,0,0.25,0,0.2,0.142857,1
4556,97113,2,0,2717,0,0,0,0.25,0,0.2,0.142857,1
4557,97114,2,0,2717,0,0,0,0.25,0,0.2,0.142857,1
4558,97113,4,0,2717,0,0,0,0.25,0,0.2,0.142857,1
4559,97117,3,1,2717,0,0,0,0.25,0,0.2,0.142857,1
4560,97123,3,1,2717,0,0,0,0.25,0,0.2,0.142857,1
4561,97121,2,2,2717,0,0,0,0.25,0,0.2,0.142857,1
4562,97120,3,2,2717,0,0,0,0.25,0,0.2,0.142857,1
4563,97119,3,2,2717,0,0,0,0.25,0,0.2,0.142857,1
4564,97114,3,0,2719,0,2,0,0.25,0,0.2,0.142857,1
4565,97114,3,0,2718,0,0,0,0.25,0,0.2,0.142857,1
4566,97119,3,0,2717,0,0,0,0.25,0,0.2,0.142857,1
4567,97119,3,1,2717,0,0,0,0.25,0,0.2,0.142857,1
4568,97117,2,3,2717,0,0,0,0.25,0,0.2,0.142857,1
4569,97116,2,3,2717,0,0,0,0.25,0,0.2,0.142857,1
4570,97117,2,2,2718,0,1,0,0.25,0,0.2,0.142857,1
4571,97120,1,3,2718,0,0,0,0.25,0,0.2,0.142857,1
4572,97125,1,3,2718,0,0,0,0.25,0,0.2,0.142857,1
4573,97128,1,2,2719,0,1,0,0.25,0,0.2,0.142857,1
4574,97129,1,1,2719,0,1,1,0.25,0,0.2,0.142857,1
4575,97124,1,0,2719,0,1,2,0.25,0,0.2,0.142857,1
4576,97123,1,0,2719,0,0,0,0.25,0,0.2,0.142857,1
4577,97122,1,0,2719,0,0,0,0.25,0,0.2,0.142857,1
4578,97121,1,0,2719,0,0,0,0.25,0,0.2,0.142857,1
4579,97120,1,0,2719,0,0,0,0.25,0,0.2,0.142857,1
4580,97125,1,0,2719,0,0,0,0.25,0,0.2,0.142857,1
4581,97124,1,0,2719,0,0,0,0.25,0,0.2,0.142857,1
4582,97123,1,0,2719,0,0,0,0.25,0,0.2,0.142857,1
4583,97122,2,0,2719,0,0,0,0.25,0,0.2,0.142857,1
4584,97126,1,1,2718,0,0,0,0.25,0,0.2,0.142857,1
4585,97130,1,1,2718,0,0,0,0.25,0,0.2,0.142857,1
4586,97129,1,0,2719,0,1,0,0.25,0,0.2,0.142857,1
4587,97130,1,0,2718,0,0,0,0.25,0,0.2,0.142857,1
4588,97129,1,0,2718,0,0,0,0.25,0,0.2,0.142857,1
4589,97125,1,0,2718,0,0,0,0.25,0,0.2,0.142857,1
4590,97122,1,0,2718,0,0,0,0.25,0,0.2,0.142857,1
4591,97126,2,0,2718,0,0,0,0.25,0,0.2,0.142857,1
4592,97124,3,0,2718,0,0,0,0.25,0,0.2,0.142857,1
4593,97125,3,0,2718,0,0,0,0.25,0,0.2,0.142857,1
4594,97127,3,0,2718,0,0,0,0.25,0,0.2,0.142857,1
4595,97125,3,0,2718,0,0,0,0.25,0,0.2,0.142857,1
4596,97126,3,0,2718,0,0,0,0.25,0,0.2,0.142857,1
4597,97125,3,0,2718,0,0,0,0.25,0,0.2,0.142857,1
4598,97125,3,0,2718,0,0,0,0.25,0,0.2,0.142857,1
4599,97126,3,0,2718,0,0,0,0.25,0,0.2,0.142857,1
4600,97126,3,0,2718,0,0,0,0.25,0,0.2,0.142857,1
4601,97125,3,0,2718,0,0,0,0.25,0,0.2,0.142857,1
4602,97128,3,0,2718,0,0,0,0.25,0,0.2,0.142857,1
4603,97128,2,1,2718,0,0,0,0.25,0,0.2,0.142857,1
4604,97131,2,1,2718,0,0,0,0.25,0,0.2,0.142857,1
4605,97135,1,2,2718,0,0,0,0.25,0,0.2,0.142857,1
4606,97134,2,2,2718,0,0,0,0.25,0,0.2,0.142857,1
4607,97132,2,2,2717,0,0,0,0.25,0,0.2,0.142857,1
4608,97131,2,2,2717,0,0,0,0.25,0,0.2,0.142857,1
4609,97129,1,3,2717,0,0,0,0.25,0,0.2,0.142857,1
4610,97130,1,3,2717,0,0,0,0.25,0,0.2,0.142857,1
4611,97129,1,2,2718,0,1,0,0.25,0,0.2,0.142857,1
4612,97130,1,2,2718,0,0,0,0.25,0,0.2,0.142857,1
4613,97128,0,3,2718,0,0,0,0.25,0,0.2,0.142857,1
4614,97127,0,3,2717,0,0,0,0.25,0,0.2,0.142857,1
4615,97122,1,3,2717,0,0,0,0.25,0,0.2,0.142857,1
4616,97128,1,2,2718,0,1,0,0.25,0,0.2,0.142857,1
4617,97126,2,0,2720,0,2,1,0.25,0,0.2,0.142857,1
4618,97129,2,0,2720,0,0,0,0.25,0,0.2,0.142857,1
4619,97131,2,0,2720,0,0,0,0.25,0,0.2,0.142857,1
4620,97129,1,1,2720,0,0,0,0.25,0,0.2,0.142857,1
4621,97131,1,1,2720,0,0,0,0.25,0,0.2,0.142857,1
4622,97134,1,1,2720,0,0,0,0.25,0,0.2,0.142857,1
4623,97136,1,1,2720,0,0,0,0.25,0,0.2,0.142857,1
4624,97139,1,1,2720,0,0,0,0.25,0,0.2,0.142857,1
4625,97139,1,0,2721,0,1,0,0.25,0,0.2,0.142857,1
4626,97136,0,2,2721,0,0,0,0.25,0,0.2,0.142857,1
4627,97136,0,2,2721,0,0,0,0.25,0,0.2,0.142857,1
4628,97134,0,2,2721,0,0,0,0.25,0,0.2,0.142857,1
4629,97135,0,2,2721,0,0,0,0.25,0,0.2,0.142857,1
4630,97130,0,2,2721,0,0,0,0.25,0,0.2,0.142857,1
4631,97131,0,0,2722,0,2,0,0.25,0,0.2,0.142857,1
4632,97136,0,0,2722,0,0,0,0.25,0,0.2,0.142857,1
4633,97139,0,0,2722,0,0,0,0.25,0,0.2,0.142857,1
4634,97139,0,0,2722,0,0,0,0.25,0,0.2,0.142857,1
4635,97139,0,0,2722,0,0,0,0.25,0,0.2,0.142857,1
4636,97138,0,0,2722,0,0,0,0.25,0,0.2,0.142857,1
4637,97133,0,0,2722,0,0,0,0.25,0,0.2,0.142857,1
4638,97131,0,0,2722,0,0,0,0.25,0,0.2,0.142857,1
4639,97128,0,0,2722,0,0,0,0.25,0,0.2,0.142857,1
4640,97133,0,0,2722,0,0,0,0.25,0,0.2,0.142857,1
4641,97132,0,0,2721,0,0,0,0.25,0,0.2,0.142857,1
4642,97129,0,0,2721,0,0,0,0.25,0,0.2,0.142857,1
4643,97130,0,0,2721,0,0,0,0.25,0,0.2,0.142857,1
4644,97131,0,0,2721,0,0,0,0.25,0,0.2,0.142857,1
4645,97136,0,0,2721,0,0,0,0.25,0,0.2,0.142857,1
4646,97138,0,0,2721,0,0,0,0.25,0,0.2,0.142857,1
4647,97140,0,0,2721,0,0,0,0.25,0,0.2,0.142857,1
4648,97145,1,0,2721,0,0,0,0.25,0,0.2,0.142857,1
4649,97146,0,1,2721,0,0,0,0.25,0,0.2,0.142857,1
4650,97156,0,1,2721,0,0,0,0.25,0,0.2,0.142857,1
4651,97155,0,1,2720,0,0,0,0.25,0,0.2,0.142857,1
4652,97154,0,1,2720,0,0,0,0.25,0,0.2,0.142857,1
4653,97154,1,0,2721,0,1,0,0.25,0,0.2,0.142857,1
4654,97153,1,0,2721,0,0,0,0.25,0,0.2,0.142857,1
4655,97153,1,0,2720,0,0,0,0.25,0,0.2,0.142857,1
4656,97151,1,0,2720,0,0,0,0.25,0,0.2,0.142857,1
4657,97153,1,0,2720,0,0,0,0.25,0,0.2,0.142857,1
4658,97150,1,0,2720,0,0,0,0.25,0,0.2,0.142857,1
4659,97149,2,0,2720,0,0,0,0.25,0,0.2,0.142857,1
4660,97148,1,1,2720,0,0,0,0.25,0,0.2,0.142857,1
4661,97145,2,1,2720,0,0,0,0.25,0,0.2,0.142857,1
4662,97146,0,3,2720,0,0,0,0.25,0,0.2,0.142857,1
4663,97145,0,4,2720,0,0,0,0.25,0,0.2,0.142857,1
4664,97145,0,3,2721,0,1,0,0.25,0,0.2,0.142857,1
4665,97147,1,3,2721,0,0,0,0.25,0,0.2,0.142857,1
4666,97145,1,2,2722,0,1,0,0.25,0,0.2,0.142857,1
4667,97148,1,3,2722,0,0,0,0.25,0,0.2,0.142857,1
4668,97147,1,3,2722,0,0,0,0.25,0,0.2,0.142857,1
4669,97146,2,3,2722,0,0,0,0.25,0,0.2,0.142857,1
4670,97144,2,1,2724,0,2,1,0.25,0,0.2,0.142857,1
4671,97146,2,1,2724,0,0,0,0.25,0,0.2,0.142857,1
4672,97147,2,1,2724,0,0,0,0.25,0,0.2,0.142857,1
4673,97149,2,1,2724,0,0,0,0.25,0,0.2,0.142857,1
4674,97144,3,2,2724,0,0,0,0.25,0,0.2,0.142857,1
4675,97141,4,2,2724,0,0,0,0.25,0,0.2,0.142857,1
4676,97142,4,2,2724,0,0,0,0.25,0,0.2,0.142857,1
4677,97148,5,1,2725,0,1,2,0.25,0,0.2,0.142857,1
4678,97148,5,1,2725,0,0,0,0.25,0,0.2,0.142857,1
4679,97146,6,1,2725,0,0,0,0.25,0,0.2,0.142857,1
4680,97143,6,1,2725,0,0,0,0.25,0,0.2,0.142857,1
4681,97143,6,1,2725,0,0,0,0.25,0,0.2,0.142857,1
4682,97144,6,1,2725,0,0,0,0.25,0,0.2,0.142857,1
4683,97144,5,2,2725,0,0,0,0.25,0,0.2,0.142857,1
4684,97145,4,1,2727,0,2,1,0.25,0,0.2,0.142857,1
4685,97147,4,0,2728,0,1,0,0.25,0,0.2,0.142857,1
4686,97147,4,0,2728,0,0,0,0.25,0,0.2,0.142857,1
4687,97147,4,0,2728,0,0,0,0.25,0,0.2,0.142857,1
4688,97147,5,0,2728,0,0,0,0.25,0,0.2,0.142857,1
4689,97147,5,0,2728,0,0,0,0.25,0,0.2,0.142857,1
4690,97147,4,1,2728,0,0,0,0.25,0,0.2,0.142857,1
4691,97142,3,2,2728,0,0,0,0.25,0,0.2,0.142857,1
4692,97144,3,1,2729,0,1,1,0.25,0,0.2,0.142857,1
4693,97144,2,2,2729,0,0,0,0.25,0,0.2,0.142857,1
4694,97143,2,2,2729,0,0,0,0.25,0,0.2,0.142857,1
4695,97136,4,2,2729,0,0,0,0.25,0,0.2,0.142857,1
4696,97136,1,4,2730,0,1,2,0.25,0,0.2,0.142857,1
4697,97136,2,3,2731,0,1,0,0.25,0,0.2,0.142857,1
4698,97137,2,4,2731,0,0,0,0.25,0,0.2,0.142857,1
4699,97135,1,4,2732,0,1,0,0.25,0,0.2,0.142857,1
4700,97137,1,3,2733,0,1,0,0.25,0,0.2,0.142857,1
4701,97141,3,1,2735,0,2,2,0.25,0,0.2,0.142857,1
4702,97143,3,1,2735,0,0,0,0.25,0,0.2,0.142857,1
4703,97141,3,1,2735,0,0,0,0.25,0,0.2,0.142857,1
4704,97143,3,1,2735,0,0,0,0.25,0,0.2,0.142857,1
4705,97141,3,1,2735,0,0,0,0.25,0,0.2,0.142857,1
4706,97142,2,1,2736,0,1,1,0.25,0,0.2,0.142857,1
4707,97140,2,1,2736,0,0,0,0.25,0,0.2,0.142857,1
4708,97141,1,1,2737,0,1,0,0.25,0,0.2,0.142857,1
4709,97142,1,1,2737,0,0,0,0.25,0,0.2,0.142857,1
4710,97142,2,1,2737,0,0,0,0.25,0,0.2,0.142857,1
4711,97140,2,0,2738,0,1,0,0.25,0,0.2,0.142857,1
4712,97141,2,0,2738,0,0,0,0.25,0,0.2,0.142857,1
4713,97138,2,1,2738,0,0,0,0.25,0,0.2,0.142857,1
4714,97137,3,1,2738,0,0,0,0.25,0,0.2,0.142857,1
4715,97134,3,1,2738,0,0,0,0.25,0,0.2,0.142857,1
4716,97137,3,1,2738,0,0,0,0.25,0,0.2,0.142857,1
4717,97139,3,0,2739,0,1,0,0.25,0,0.2,0.142857,1
4718,97138,3,0,2739,0,0,0,0.25,0,0.2,0.142857,1
4719,97136,3,0,2739,0,0,0,0.25,0,0.2,0.142857,1
4720,97136,3,0,2739,0,0,0,0.25,0,0.2,0.142857,1
4721,97138,3,0,2739,0,0,0,0.25,0,0.2,0.142857,1
4722,97133,3,0,2739,0,0,0,0.25,0,0.2,0.142857,1
4723,97134,3,0,2739,0,0,0,0.25,0,0.2,0.142857,1
4724,97137,3,0,2739,0,0,0,0.25,0,0.2,0.142857,1
4725,97134,2,1,2739,0,0,0,0.25,0,0.2,0.142857,1
4726,97128,1,2,2739,0,0,0,0.25,0,0.2,0.142857,1
4727,97128,1,2,2739,0,0,0,0.25,0,0.2,0.142857,1
4728,97132,2,2,2739,0,0,0,0.25,0,0.2,0.142857,1
4729,97130,2,2,2739,0,0,0,0.25,0,0.2,0.142857,1
4730,97135,1,3,2738,0,0,0,0.25,0,0.2,0.142857,1
4731,97133,1,3,2738,0,0,0,0.25,0,0.2,0.142857,1
4732,97134,1,3,2738,0,0,0,0.25,0,0.2,0.142857,1
4733,97135,0,4,2738,0,0,0,0.25,0,0.2,0.142857,1
4734,97132,1,2,2739,0,2,0,0.25,0,0.2,0.142857,1
4735,97131,1,2,2739,0,0,0,0.25,0,0.2,0.142857,1
4736,97131,2,1,2740,0,1,1,0.25,0,0.2,0.142857,1
4737,97131,2,1,2740,0,0,0,0.25,0,0.2,0.142857,1
4738,97136,2,1,2740,0,0,0,0.25,0,0.2,0.142857,1
4739,97135,2,0,2741,0,1,0,0.25,0,0.2,0.142857,1
4740,97138,2,0,2741,0,0,0,0.25,0,0.2,0.142857,1
4741,97138,2,0,2741,0,0,0,0.25,0,0.2,0.142857,1
4742,97137,1,1,2741,0,0,0,0.25,0,0.2,0.142857,1
4743,97140,1,1,2741,0,0,0,0.25,0,0.2,0.142857,1
4744,97137,1,1,2741,0,0,0,0.25,0,0.2,0.142857,1
4745,97133,2,0,2742,0,1,4,0.25,0,0.2,0.142857,1
4746,97128,3,0,2742,0,0,0,0.25,0,0.2,0.142857,1
4747,97130,3,0,2742,0,0,0,0.25,0,0.2,0.142857,1
4748,97127,4,0,2742,0,0,0,0.25,0,0.2,0.142857,1
4749,97130,4,0,2742,0,0,0,0.25,0,0.2,0.142857,1
4750,97128,4,0,2742,0,0,0,0.25,0,0.2,0.142857,1
4751,97128,4,1,2742,0,0,0,0.25,0,0.2,0.142857,1
4752,97129,3,2,2742,0,0,0,0.25,0,0.2,0.142857,1
4753,97132,4,2,2742,0,0,0,0.25,0,0.2,0.142857,1
4754,97134,4,2,2742,0,0,0,0.25,0,0.2,0.142857,1
4755,97138,4,1,2743,0,1,0,0.25,0,0.2,0.142857,1
4756,97139,4,1,2743,0,0,0,0.25,0,0.2,0.142857,1
4757,97136,5,0,2744,0,1,0,0.25,0,0.2,0.142857,1
4758,97132,4,1,2744,0,0,0,0.25,0,0.2,0.142857,1
4759,97135,4,0,2745,0,1,0,0.25,0,0.2,0.142857,1
4760,97137,4,0,2745,0,0,0,0.25,0,0.2,0.142857,1
4761,97134,4,0,2745,0,0,0,0.25,0,0.2,0.142857,1
4762,97133,3,1,2745,0,0,0,0.25,0,0.2,0.142857,1
4763,97131,3,0,2746,0,1,0,0.25,0,0.2,0.142857,1
4764,97131,3,0,2746,0,0,0,0.25,0,0.2,0.142857,1
4765,97133,1,2,2746,0,0,0,0.25,0,0.2,0.142857,1
4766,97133,1,0,2748,0,2,2,0.25,0,0.2,0.142857,1
4767,97130,1,0,2748,0,0,0,0.25,0,0.2,0.142857,1
4768,97130,1,0,2748,0,0,0,0.25,0,0.2,0.142857,1
4769,97129,2,0,2748,0,0,0,0.25,0,0.2,0.142857,1
4770,97131,2,0,2748,0,0,0,0.25,0,0.2,0.142857,1
4771,97133,2,0,2748,0,0,0,0.25,0,0.2,0.142857,1
4772,97131,2,0,2748,0,0,0,0.25,0,0.2,0.142857,1
4773,97129,2,0,2748,0,0,0,0.25,0,0.2,0.142857,1
4774,97125,2,0,2748,0,0,0,0.25,0,0.2,0.142857,1
4775,97130,2,0,2748,0,0,0,0.25,0,0.2,0.142857,1
4776,97127,2,0,2748,0,0,0,0.25,0,0.2,0.142857,1
4777,97129,1,1,2748,0,0,0,0.25,0,0.2,0.142857,1
4778,97123,1,0,2749,0,1,1,0.25,0,0.2,0.142857,1
4779,97122,1,0,2749,0,0,0,0.25,0,0.2,0.142857,1
4780,97120,1,0,2749,0,0,0,0.25,0,0.2,0.142857,1
4781,97118,1,0,2749,0,0,0,0.25,0,0.2,0.142857,1
4782,97118,1,0,2749,0,0,0,0.25,0,0.2,0.142857,1
4783,97119,1,0,2749,0,0,0,0.25,0,0.2,0.142857,1
4784,97115,1,0,2749,0,0,0,0.25,0,0.2,0.142857,1
4785,97113,1,0,2749,0,0,0,0.25,0,0.2,0.142857,1
4786,97118,0,1,2749,0,0,0,0.25,0,0.2,0.142857,1
4787,97113,1,1,2749,0,0,0,0.25,0,0.2,0.142857,1
4788,97121,1,0,2750,0,1,0,0.25,0,0.2,0.142857,1
4789,97120,2,0,2750,0,0,0,0.25,0,0.2,0.142857,1
4790,97122,2,0,2750,0,0,0,0.25,0,0.2,0.142857,1
4791,97120,2,0,2750,0,0,0,0.25,0,0.2,0.142857,1
4792,97122,3,0,2750,0,0,0,0.25,0,0.2,0.142857,1
4793,97119,4,0,2750,0,0,0,0.25,0,0.2,0.142857,1
4794,97118,3,1,2750,0,0,0,0.25,0,0.2,0.142857,1
4795,97121,3,1,2750,0,0,0,0.25,0,0.2,0.142857,1
4796,97122,3,1,2750,0,0,0,0.25,0,0.2,0.142857,1
4797,97117,3,0,2752,0,2,1,0.25,0,0.2,0.142857,1
4798,97118,2,1,2751,0,0,0,0.25,0,0.2,0.142857,1
4799,97119,3,1,2751,0,0,0,0.25,0,0.2,0.142857,1
4800,97116,3,1,2751,0,0,0,0.25,0,0.2,0.142857,1
4801,97120,2,1,2752,0,1,0,0.25,0,0.2,0.142857,1
4802,97120,2,0,2753,0,1,0,0.25,0,0.2,0.142857,1
4803,97119,3,0,2753,0,0,0,0.25,0,0.2,0.142857,1
4804,97117,3,0,2753,0,0,0,0.25,0,0.2,0.142857,1
4805,97118,2,1,2753,0,0,0,0.25,0,0.2,0.142857,1
4806,97117,2,1,2753,0,0,0,0.25,0,0.2,0.142857,1
4807,97122,2,1,2752,0,0,0,0.25,0,0.2,0.142857,1
4808,97118,2,1,2752,0,0,0,0.25,0,0.2,0.142857,1
4809,97116,1,2,2752,0,0,0,0.25,0,0.2,0.142857,1
4810,97116,1,2,2751,0,0,0,0.25,0,0.2,0.142857,1
4811,97114,1,2,2751,0,0,0,0.25,0,0.2,0.142857,1
4812,97113,1,2,2751,0,0,0,0.25,0,0.2,0.142857,1
4813,97113,2,1,2752,0,1,0,0.25,0,0.2,0.142857,1
4814,97111,3,1,2752,0,0,0,0.25,0,0.2,0.142857,1
4815,97111,3,0,2753,0,1,0,0.25,0,0.2,0.142857,1
4816,97113,1,2,2752,0,0,0,0.25,0,0.2,0.142857,1
4817,97113,1,2,2752,0,0,0,0.25,0,0.2,0.142857,1
4818,97111,1,2,2752,0,0,0,0.25,0,0.2,0.142857,1
4819,97112,1,2,2752,0,0,0,0.25,0,0.2,0.142857,1
4820,97113,1,1,2753,0,1,0,0.25,0,0.2,0.142857,1
4821,97112,1,0,2754,0,1,0,0.25,0,0.2,0.142857,1
4822,97114,1,0,2754,0,0,0,0.25,0,0.2,0.142857,1
4823,97111,1,0,2754,0,0,0,0.25,0,0.2,0.142857,1
4824,97114,0,1,2754,0,0,0,0.25,0,0.2,0.142857,1
4825,97114,0,1,2754,0,0,0,0.25,0,0.2,0.142857,1
4826,97118,0,1,2754,0,0,0,0.25,0,0.2,0.142857,1
4827,97117,0,1,2754,0,0,0,0.25,0,0.2,0.142857,1
4828,97120,0,1,2754,0,0,0,0.25,0,0.2,0.142857,1
4829,97121,0,1,2753,0,0,0,0.25,0,0.2,0.142857,1
4830,97121,0,1,2753,0,0,0,0.25,0,0.2,0.142857,1
4831,97122,0,0,2754,0,1,0,0.25,0,0.2,0.142857,1
4832,97121,0,0,2754,0,0,0,0.25,0,0.2,0.142857,1
4833,97119,0,0,2753,0,0,0,0.25,0,0.2,0.142857,1
4834,97118,0,0,2753,0,0,0,0.25,0,0.2,0.142857,1
4835,97116,0,0,2753,0,0,0,0.25,0,0.2,0.142857,1
4836,97112,0,0,2753,0,0,0,0.25,0,0.2,0.142857,1
4837,97111,0,0,2753,0,0,0,0.25,0,0.2,0.142857,1
4838,97111,0,0,2753,0,0,0,0.25,0,0.2,0.142857,1
4839,97111,0,0,2753,0,0,0,0.25,0,0.2,0.142857,1
4840,97111,0,0,2753,0,0,0,0.25,0,0.2,0.142857,1
4841,97108,0,0,2753,0,0,0,0.25,0,0.2,0.142857,1
4842,97105,0,0,2753,0,0,0,0.25,0,0.2,0.142857,1
4843,97104,0,0,2753,0,0,0,0.25,0,0.2,0.142857,1
4844,97099,0,1,2753,0,0,0,0.25,0,0.2,0.142857,1
4845,97101,1,1,2753,0,0,0,0.25,0,0.2,0.142857,1
4846,97102,1,1,2753,0,0,0,0.25,0,0.2,0.142857,1
4847,97101,1,1,2753,0,0,0,0.25,0,0.2,0.142857,1
4848,97103,1,1,2753,0,0,0,0.25,0,0.2,0.142857,1
4849,97104,1,0,2754,0,1,1,0.25,0,0.2,0.142857,1
4850,97104,1,0,2753,0,0,0,0.25,0,0.2,0.142857,1
4851,97103,1,0,2753,0,0,0,0.25,0,0.2,0.142857,1
4852,97104,1,0,2753,0,0,0,0.25,0,0.2,0.142857,1
4853,97105,1,0,2753,0,0,0,0.25,0,0.2,0.142857,1
4854,97109,1,0,2753,0,0,0,0.25,0,0.2,0.142857,1
4855,97108,1,0,2753,0,0,0,0.25,0,0.2,0.142857,1
4856,97105,1,0,2753,0,0,0,0.25,0,0.2,0.142857,1
4857,97103,1,0,2753,0,0,0,0.25,0,0.2,0.142857,1
4858,97101,2,0,2752,0,0,0,0.25,0,0.2,0.142857,1
4859,97100,1,1,2752,0,0,0,0.25,0,0.2,0.142857,1
4860,97099,0,2,2752,0,0,0,0.25,0,0.2,0.142857,1
4861,97099,1,1,2753,0,1,0,0.25,0,0.2,0.142857,1
4862,97100,1,1,2753,0,0,0,0.25,0,0.2,0.142857,1
4863,97097,1,0,2753,0,1,0,0.25,0,0.2,0.142857,1
4864,97099,1,0,2753,0,0,0,0.25,0,0.2,0.142857,1
4865,97099,1,0,2753,0,0,0,0.25,0,0.2,0.142857,1
4866,97096,1,0,2753,0,0,0,0.25,0,0.2,0.142857,1
4867,97095,1,0,2753,0,0,0,0.25,0,0.2,0.142857,1
4868,97097,1,0,2753,0,0,0,0.25,0,0.2,0.142857,1
4869,97092,1,0,2753,0,0,0,0.25,0,0.2,0.142857,1
4870,97092,1,0,2753,0,0,0,0.25,0,0.2,0.142857,1
4871,97093,1,0,2753,0,0,0,0.25,0,0.2,0.142857,1
4872,97092,1,0,2753,0,0,0,0.25,0,0.2,0.142857,1
4873,97091,2,0,2753,0,0,0,0.25,0,0.2,0.142857,1
4874,97092,1,1,2753,0,0,0,0.25,0,0.2,0.142857,1
4875,97093,1,1,2753,0,0,0,0.25,0,0.2,0.142857,1
4876,97097,1,1,2753,0,0,0,0.25,0,0.2,0.142857,1
4877,97092,0,1,2754,0,1,0,0.25,0,0.2,0.142857,1
4878,97093,0,1,2754,0,0,0,0.25,0,0.2,0.142857,1
4879,97091,0,1,2754,0,0,0,0.25,0,0.2,0.142857,1
4880,97092,0,0,2755,0,1,0,0.25,0,0.2,0.142857,1
4881,97096,1,0,2755,0,0,0,0.25,0,0.2,0.142857,1
4882,97094,1,0,2756,0,1,2,0.25,0,0.2,0.142857,1
4883,97089,1,0,2756,0,0,0,0.25,0,0.2,0.142857,1
4884,97085,1,0,2756,0,0,0,0.25,0,0.2,0.142857,1
4885,97085,1,0,2756,0,0,0,0.25,0,0.2,0.142857,1
4886,97081,1,0,2756,0,0,0,0.25,0,0.2,0.142857,1
4887,97081,0,1,2756,0,0,0,0.25,0,0.2,0.142857,1
4888,97083,0,1,2756,0,0,0,0.25,0,0.2,0.142857,1
4889,97081,0,0,2756,0,1,0,0.25,0,0.2,0.142857,1
4890,97081,0,0,2756,0,0,0,0.25,0,0.2,0.142857,1
4891,97083,0,0,2756,0,0,0,0.25,0,0.2,0.142857,1
4892,97080,2,0,2756,0,0,0,0.25,0,0.2,0.142857,1
4893,97079,3,0,2756,0,0,0,0.25,0,0.2,0.142857,1
4894,97078,2,0,2757,0,1,0,0.25,0,0.2,0.142857,1
4895,97082,2,0,2757,0,0,0,0.25,0,0.2,0.142857,1
4896,97084,2,0,2757,0,0,0,0.25,0,0.2,0.142857,1
4897,97083,2,1,2757,0,0,0,0.25,0,0.2,0.142857,1
4898,97082,3,0,2758,0,1,0,0.25,0,0.2,0.142857,1
4899,97086,2,1,2757,0,0,0,0.25,0,0.2,0.142857,1
4900,97088,2,1,2757,0,0,0,0.25,0,0.2,0.142857,1
4901,97092,2,1,2757,0,0,0,0.25,0,0.2,0.142857,1
4902,97094,2,1,2756,0,0,0,0.25,0,0.2,0.142857,1
4903,97095,2,0,2757,0,1,2,0.25,0,0.2,0.142857,1
4904,97093,1,1,2757,0,0,0,0.25,0,0.2,0.142857,1
4905,97094,2,1,2757,0,0,0,0.25,0,0.2,0.142857,1
4906,97094,1,2,2757,0,0,0,0.25,0,0.2,0.142857,1
4907,97090,2,3,2757,0,0,0,0.25,0,0.2,0.142857,1
4908,97090,1,3,2758,0,1,1,0.25,0,0.2,0.142857,1
4909,97091,1,1,2760,0,2,0,0.25,0,0.2,0.142857,1
4910,97096,1,1,2760,0,0,0,0.25,0,0.2,0.142857,1
4911,97092,1,1,2760,0,0,0,0.25,0,0.2,0.142857,1
4912,97092,1,1,2760,0,0,0,0.25,0,0.2,0.142857,1
4913,97090,2,0,2761,0,1,0,0.25,0,0.2,0.142857,1
4914,97091,2,0,2761,0,0,0,0.25,0,0.2,0.142857,1
4915,97083,2,1,2760,0,0,0,0.25,0,0.2,0.142857,1
4916,97081,2,1,2760,0,0,0,0.25,0,0.2,0.142857,1
4917,97083,2,1,2760,0,0,0,0.25,0,0.2,0.142857,1
4918,97085,2,1,2760,0,0,0,0.25,0,0.2,0.142857,1
4919,97083,2,1,2760,0,0,0,0.25,0,0.2,0.142857,1
4920,97080,2,1,2760,0,0,0,0.25,0,0.2,0.142857,1
4921,97076,2,1,2760,0,0,0,0.25,0,0.2,0.142857,1
4922,97076,2,1,2760,0,0,0,0.25,0,0.2,0.142857,1
4923,97076,2,1,2760,0,0,0,0.25,0,0.2,0.142857,1
4924,97077,3,1,2760,0,0,0,0.25,0,0.2,0.142857,1
4925,97078,3,1,2759,0,0,0,0.25,0,0.2,0.142857,1
4926,97078,3,1,2759,0,0,0,0.25,0,0.2,0.142857,1
4927,97074,2,2,2759,0,0,0,0.25,0,0.2,0.142857,1
4928,97077,2,1,2760,0,1,0,0.25,0,0.2,0.142857,1
4929,97082,2,1,2760,0,0,0,0.25,0,0.2,0.142857,1
4930,97084,2,1,2760,0,0,0,0.25,0,0.2,0.142857,1
4931,97083,2,1,2760,0,0,0,0.25,0,0.2,0.142857,1
4932,97086,2,1,2760,0,0,0,0.25,0,0.2,0.142857,1
4933,97083,1,2,2760,0,0,0,0.25,0,0.2,0.142857,1
4934,97084,1,2,2760,0,0,0,0.25,0,0.2,0.142857,1
4935,97080,1,1,2760,0,1,1,0.25,0,0.2,0.142857,1
4936,97080,1,1,2760,0,0,0,0.25,0,0.2,0.142857,1
4937,97081,1,1,2760,0,0,0,0.25,0,0.2,0.142857,1
4938,97079,1,0,2760,0,1,0,0.25,0,0.2,0.142857,1
4939,97076,1,0,2760,0,0,0,0.25,0,0.2,0.142857,1
4940,97074,1,0,2760,0,0,0,0.25,0,0.2,0.142857,1
4941,97074,1,0,2760,0,0,0,0.25,0,0.2,0.142857,1
4942,97078,1,0,2760,0,0,0,0.25,0,0.2,0.142857,1
4943,97077,1,0,2760,0,0,0,0.25,0,0.2,0.142857,1
4944,97079,1,0,2760,0,0,0,0.25,0,0.2,0.142857,1
4945,97079,1,0,2760,0,0,0,0.25,0,0.2,0.142857,1
4946,97074,0,1,2760,0,0,0,0.25,0,0.2,0.142857,1
4947,97074,0,0,2761,0,1,2,0.25,0,0.2,0.142857,1
4948,97078,1,0,2761,0,0,0,0.25,0,0.2,0.142857,1
4949,97078,1,0,2761,0,0,0,0.25,0,0.2,0.142857,1
4950,97081,1,0,2761,0,0,0,0.25,0,0.2,0.142857,1
4951,97085,0,1,2760,0,0,0,0.25,0,0.2,0.142857,1
4952,97085,1,0,2761,0,1,0,0.25,0,0.2,0.142857,1
4953,97084,1,0,2761,0,0,0,0.25,0,0.2,0.142857,1
4954,97086,1,0,2759,0,0,0,0.25,0,0.2,0.142857,1
4955,97087,3,0,2759,0,0,0,0.25,0,0.2,0.142857,1
4956,97091,3,0,2759,0,0,0,0.25,0,0.2,0.142857,1
4957,97089,3,0,2759,0,0,0,0.25,0,0.2,0.142857,1
4958,97082,3,0,2758,0,0,0,0.25,0,0.2,0.142857,1
4959,97085,2,1,2758,0,0,0,0.25,0,0.2,0.142857,1
4960,97085,3,1,2758,0,0,0,0.25,0,0.2,0.142857,1
4961,97081,3,1,2758,0,0,0,0.25,0,0.2,0.142857,1
4962,97080,3,1,2758,0,0,0,0.25,0,0.2,0.142857,1
4963,97082,3,1,2758,0,0,0,0.25,0,0.2,0.142857,1
4964,97080,3,1,2758,0,0,0,0.25,0,0.2,0.142857,1
4965,97079,3,1,2758,0,0,0,0.25,0,0.2,0.142857,1
4966,97084,4,0,2758,0,1,0,0.25,0,0.2,0.142857,1
4967,97082,5,0,2758,0,0,0,0.25,0,0.2,0.142857,1
4968,97082,5,0,2758,0,0,0,0.25,0,0.2,0.142857,1
4969,97080,5,0,2758,0,0,0,0.25,0,0.2,0.142857,1
4970,97080,5,0,2758,0,0,0,0.25,0,0.2,0.142857,1
4971,97078,5,0,2758,0,0,0,0.25,0,0.2,0.142857,1
4972,97072,5,0,2758,0,0,0,0.25,0,0.2,0.142857,1
4973,97069,4,1,2758,0,0,0,0.25,0,0.2,0.142857,1
4974,97069,4,0,2759,0,1,1,0.25,0,0.2,0.142857,1
4975,97070,3,1,2759,0,0,0,0.25,0,0.2,0.142857,1
4976,97070,3,1,2759,0,0,0,0.25,0,0.2,0.142857,1
4977,97067,3,2,2759,0,0,0,0.25,0,0.2,0.142857,1
4978,97064,2,3,2759,0,0,0,0.25,0,0.2,0.142857,1
4979,97064,2,3,2759,0,0,0,0.25,0,0.2,0.142857,1
4980,97064,2,3,2758,0,0,0,0.25,0,0.2,0.142857,1
4981,97063,3,3,2758,0,0,0,0.25,0,0.2,0.142857,1
4982,97064,3,3,2758,0,0,0,0.25,0,0.2,0.142857,1
4983,97065,3,3,2758,0,0,0,0.25,0,0.2,0.142857,1
4984,97069,2,4,2758,0,0,0,0.25,0,0.2,0.142857,1
4985,97068,3,4,2758,0,0,0,0.25,0,0.2,0.142857,1
4986,97069,2,5,2758,0,0,0,0.25,0,0.2,0.142857,1
4987,97067,2,4,2759,0,1,0,0.25,0,0.2,0.142857,1
4988,97069,1,3,2761,0,2,0,0.25,0,0.2,0.142857,1
4989,97073,1,3,2761,0,0,0,0.25,0,0.2,0.142857,1
4990,97069,1,2,2762,0,1,0,0.25,0,0.2,0.142857,1
4991,97068,1,1,2763,0,1,0,0.25,0,0.2,0.142857,1
4992,97067,1,1,2762,0,0,0,0.25,0,0.2,0.142857,1
4993,97066,1,1,2762,0,0,0,0.25,0,0.2,0.142857,1
4994,97064,1,1,2762,0,0,0,0.25,0,0.2,0.142857,1
4995,97060,2,1,2762,0,0,0,0.25,0,0.2,0.142857,1
4996,97061,2,0,2763,0,1,0,0.25,0,0.2,0.142857,1
4997,97061,2,0,2763,0,0,0,0.25,0,0.2,0.142857,1
4998,97062,2,0,2763,0,0,0,0.25,0,0.2,0.142857,1
4999,97065,2,0,2763,0,0,0,0.25,0,0.2,0.142857,1
5000,97060,1,2,2763,0,0,0,0.25,0,0.2,0.142857,1
5001,97058,1,2,2763,0,0,0,0.25,0,0.2,0.142857,1
5002,97057,1,2,2763,0,0,0,0.25,0,0.2,0.142857,1
5003,97058,1,2,2763,0,0,0,0.25,0,0.2,0.142857,1
5004,97058,1,1,2764,0,1,0,0.25,0,0.2,0.142857,1
5005,97057,1,1,2763,0,0,0,0.25,0,0.2,0.142857,1
5006,97054,0,2,2763,0,0,0,0.25,0,0.2,0.142857,1
5007,97052,0,1,2764,0,1,0,0.25,0,0.2,0.142857,1
5008,97050,0,1,2764,0,0,0,0.25,0,0.2,0.142857,1
5009,97049,0,1,2764,0,0,0,0.25,0,0.2,0.142857,1
5010,97053,0,1,2764,0,0,0,0.25,0,0.2,0.142857,1
5011,97054,0,1,2764,0,0,0,0.25,0,0.2,0.142857,1
5012,97056,1,1,2764,0,0,0,0.25,0,0.2,0.142857,1
5013,97058,1,0,2765,0,1,0,0.25,0,0.2,0.142857,1
5014,97056,1,0,2765,0,0,0,0.25,0,0.2,0.142857,1
5015,97057,1,0,2765,0,0,0,0.25,0,0.2,0.142857,1
5016,97051,1,0,2765,0,0,0,0.25,0,0.2,0.142857,1
5017,97050,1,1,2765,0,0,0,0.25,0,0.2,0.142857,1
5018,97054,0,1,2766,0,1,2,0.25,0,0.2,0.142857,1
5019,97057,0,1,2766,0,0,0,0.25,0,0.2,0.142857,1
5020,97061,0,1,2766,0,0,0,0.25,0,0.2,0.142857,1
5021,97061,0,1,2766,0,0,0,0.25,0,0.2,0.142857,1
5022,97060,0,0,2767,0,1,1,0.25,0,0.2,0.142857,1
5023,97060,0,0,2767,0,0,0,0.25,0,0.2,0.142857,1
5024,97061,1,0,2767,0,0,0,0.25,0,0.2,0.142857,1
5025,97065,1,0,2767,0,0,0,0.25,0,0.2,0.142857,1
5026,97061,1,0,2767,0,0,0,0.25,0,0.2,0.142857,1
5027,97056,0,1,2767,0,0,0,0.25,0,0.2,0.142857,1
5028,97055,0,0,2768,0,1,0,0.25,0,0.2,0.142857,1
5029,97053,0,0,2768,0,0,0,0.25,0,0.2,0.142857,1
5030,97052,0,0,2768,0,0,0,0.25,0,0.2,0.142857,1
5031,97053,0,0,2768,0,0,0,0.25,0,0.2,0.142857,1
5032,97055,0,0,2768,0,0,0,0.25,0,0.2,0.142857,1
5033,97058,0,0,2768,0,0,0,0.25,0,0.2,0.142857,1
5034,97057,0,0,2768,0,0,0,0.25,0,0.2,0.142857,1
5035,97055,0,0,2768,0,0,0,0.25,0,0.2,0.142857,1
5036,97054,0,0,2767,0,0,0,0.25,0,0.2,0.142857,1
5037,97055,0,0,2767,0,0,0,0.25,0,0.2,0.142857,1
5038,97052,1,0,2767,0,0,0,0.25,0,0.2,0.142857,1
5039,97052,1,0,2766,0,0,0,0.25,0,0.2,0.142857,1
5040,97051,1,0,2766,0,0,0,0.25,0,0.2,0.142857,1
5041,97050,2,0,2766,0,0,0,0.25,0,0.2,0.142857,1
5042,97049,4,0,2766,0,0,0,0.25,0,0.2,0.142857,1
5043,97045,4,0,2766,0,0,0,0.25,0,0.2,0.142857,1
5044,97045,3,1,2766,0,0,0,0.25,0,0.2,0.142857,1
5045,97044,3,2,2766,0,0,0,0.25,0,0.2,0.142857,1
5046,97047,3,2,2766,0,0,0,0.25,0,0.2,0.142857,1
5047,97045,3,2,2766,0,0,0,0.25,0,0.2,0.142857,1
5048,97041,3,2,2766,0,0,0,0.25,0,0.2,0.142857,1
5049,97041,3,1,2767,0,1,0,0.25,0,0.2,0.142857,1
5050,97038,3,1,2767,0,0,0,0.25,0,0.2,0.142857,1
5051,97036,4,1,2767,0,0,0,0.25,0,0.2,0.142857,1
5052,97035,3,2,2767,0,0,0,0.25,0,0.2,0.142857,1
5053,97034,3,2,2767,0,0,0,0.25,0,0.2,0.142857,1
5054,97030,3,2,2768,0,1,0,0.25,0,0.2,0.142857,1
5055,97029,4,1,2769,0,1,0,0.25,0,0.2,0.142857,1
5056,97026,4,1,2769,0,0,0,0.25,0,0.2,0.142857,1
5057,97030,5,1,2769,0,0,0,0.25,0,0.2,0.142857,1
5058,97031,5,0,2770,0,1,1,0.25,0,0.2,0.142857,1
5059,97033,3,2,2770,0,0,0,0.25,0,0.2,0.142857,1
5060,97033,5,2,2770,0,0,0,0.25,0,0.2,0.142857,1
5061,97032,5,1,2771,0,1,0,0.25,0,0.2,0.142857,1
5062,97034,5,1,2771,0,0,0,0.25,0,0.2,0.142857,1
5063,97038,5,1,2771,0,0,0,0.25,0,0.2,0.142857,1
5064,97037,5,1,2771,0,0,0,0.25,0,0.2,0.142857,1
5065,97035,5,1,2771,0,0,0,0.25,0,0.2,0.142857,1
5066,97031,6,1,2771,0,0,0,0.25,0,0.2,0.142857,1
5067,97026,6,1,2771,0,0,0,0.25,0,0.2,0.142857,1
5068,97023,6,0,2772,0,1,2,0.25,0,0.2,0.142857,1
5069,97020,5,1,2771,0,0,0,0.25,0,0.2,0.142857,1
5070,97016,5,1,2771,0,0,0,0.25,0,0.2,0.142857,1
5071,97013,4,2,2772,0,1,0,0.25,0,0.2,0.142857,1
5072,97011,5,1,2773,0,1,0,0.25,0,0.2,0.142857,1
5073,97010,5,2,2773,0,0,0,0.25,0,0.2,0.142857,1
5074,97009,4,3,2773,0,0,0,0.25,0,0.2,0.142857,1
5075,97009,4,3,2773,0,0,0,0.25,0,0.2,0.142857,1
5076,97008,4,0,2775,0,3,1,0.25,0,0.2,0.142857,1
5077,97006,4,0,2775,0,0,0,0.25,0,0.2,0.142857,1
5078,97006,4,0,2775,0,0,0,0.25,0,0.2,0.142857,1
5079,97008,4,0,2775,0,0,0,0.25,0,0.2,0.142857,1
5080,97004,4,0,2775,0,0,0,0.25,0,0.2,0.142857,1
5081,97005,4,0,2774,0,0,0,0.25,0,0.2,0.142857,1
5082,97004,3,1,2774,0,0,0,0.25,0,0.2,0.142857,1
5083,97005,2,3,2774,0,0,0,0.25,0,0.2,0.142857,1
5084,97002,2,2,2774,0,1,0,0.25,0,0.2,0.142857,1
5085,97003,3,1,2775,0,1,0,0.25,0,0.2,0.142857,1
5086,97001,4,1,2774,0,0,0,0.25,0,0.2,0.142857,1
5087,97003,2,2,2775,0,1,1,0.25,0,0.2,0.142857,1
5088,96999,2,2,2775,0,0,0,0.25,0,0.2,0.142857,1
5089,96999,2,2,2775,0,0,0,0.25,0,0.2,0.142857,1
5090,96997,1,2,2776,0,1,0,0.25,0,0.2,0.142857,1
5091,97001,1,2,2776,0,0,0,0.25,0,0.2,0.142857,1
5092,97006,1,2,2776,0,0,0,0.25,0,0.2,0.142857,1
5093,97005,1,2,2776,0,0,0,0.25,0,0.2,0.142857,1
5094,97002,1,2,2776,0,0,0,0.25,0,0.2,0.142857,1
5095,97004,1,0,2778,0,2,1,0.25,0,0.2,0.142857,1
5096,97008,1,0,2778,0,0,0,0.25,0,0.2,0.142857,1
5097,97005,1,0,2778,0,0,0,0.25,0,0.2,0.142857,1
5098,97002,1,0,2778,0,0,0,0.25,0,0.2,0.142857,1
5099,97001,1,0,2778,0,0,0,0.25,0,0.2,0.142857,1
5100,97003,1,0,2777,0,0,0,0.25,0,0.2,0.142857,1
5101,97006,1,0,2777,0,0,0,0.25,0,0.2,0.142857,1
5102,97004,1,0,2777,0,0,0,0.25,0,0.2,0.142857,1
5103,97006,0,1,2777,0,0,0,0.25,0,0.2,0.142857,1
5104,97004,0,1,2777,0,0,0,0.25,0,0.2,0.142857,1
5105,97005,0,1,2777,0,0,0,0.25,0,0.2,0.142857,1
5106,97005,1,1,2777,0,0,0,0.25,0,0.2,0.142857,1
5107,97009,1,1,2777,0,0,0,0.25,0,0.2,0.142857,1
5108,97015,1,1,2777,0,0,0,0.25,0,0.2,0.142857,1
5109,97017,1,1,2777,0,0,0,0.25,0,0.2,0.142857,1
5110,97012,1,1,2777,0,0,0,0.25,0,0.2,0.142857,1
5111,97014,2,1,2777,0,0,0,0.25,0,0.2,0.142857,1
5112,97010,1,1,2778,0,1,0,0.25,0,0.2,0.142857,1
5113,97008,0,2,2778,0,0,0,0.25,0,0.2,0.142857,1
5114,97013,1,2,2777,0,0,0,0.25,0,0.2,0.142857,1
5115,97015,1,2,2776,0,0,0,0.25,0,0.2,0.142857,1
5116,97016,1,2,2775,0,0,0,0.25,0,0.2,0.142857,1
5117,97015,1,2,2775,0,0,0,0.25,0,0.2,0.142857,1
5118,97017,1,2,2775,0,0,0,0.25,0,0.2,0.142857,1
5119,97019,1,2,2775,0,0,0,0.25,0,0.2,0.142857,1
5120,97018,1,2,2775,0,0,0,0.25,0,0.2,0.142857,1
5121,97017,0,3,2775,0,0,0,0.25,0,0.2,0.142857,1
5122,97019,1,3,2775,0,0,0,0.25,0,0.2,0.142857,1
5123,97017,1,3,2775,0,0,0,0.25,0,0.2,0.142857,1
5124,97018,2,3,2775,0,0,0,0.25,0,0.2,0.142857,1
5125,97019,1,4,2775,0,0,0,0.25,0,0.2,0.142857,1
5126,97016,2,3,2776,0,1,0,0.25,0,0.2,0.142857,1
5127,97018,2,2,2777,0,1,0,0.25,0,0.2,0.142857,1
5128,97016,2,2,2777,0,0,0,0.25,0,0.2,0.142857,1
5129,97017,1,3,2777,0,0,0,0.25,0,0.2,0.142857,1
5130,97017,2,3,2777,0,0,0,0.25,0,0.2,0.142857,1
5131,97019,2,3,2777,0,0,0,0.25,0,0.2,0.142857,1
5132,97019,1,3,2778,0,1,2,0.25,0,0.2,0.142857,1
5133,97015,2,2,2779,0,1,0,0.25,0,0.2,0.142857,1
5134,97011,3,2,2779,0,0,0,0.25,0,0.2,0.142857,1
5135,97010,2,3,2779,0,0,0,0.25,0,0.2,0.142857,1
5136,97008,3,3,2779,0,0,0,0.25,0,0.2,0.142857,1
5137,97007,3,3,2779,0,0,0,0.25,0,0.2,0.142857,1
5138,97005,3,3,2779,0,0,0,0.25,0,0.2,0.142857,1
5139,97005,2,4,2779,0,0,0,0.25,0,0.2,0.142857,1
5140,97004,2,5,2779,0,0,0,0.25,0,0.2,0.142857,1
5141,97007,3,4,2779,0,1,0,0.25,0,0.2,0.142857,1
5142,97005,3,4,2779,0,0,0,0.25,0,0.2,0.142857,1
5143,97006,5,4,2779,0,0,0,0.25,0,0.2,0.142857,1
5144,97002,5,4,2779,0,0,0,0.25,0,0.2,0.142857,1
5145,96998,7,3,2780,0,1,0,0.25,0,0.2,0.142857,1
5146,97001,7,0,2783,0,3,3,0.25,0,0.2,0.142857,1
5147,97003,6,1,2782,0,0,0,0.25,0,0.2,0.142857,1
5148,97002,5,2,2782,0,0,0,0.25,0,0.2,0.142857,1
5149,97006,3,4,2782,0,0,0,0.25,0,0.2,0.142857,1
5150,97010,3,3,2783,0,1,0,0.25,0,0.2,0.142857,1
5151,97005,3,2,2784,0,1,0,0.25,0,0.2,0.142857,1
5152,97004,3,2,2784,0,0,0,0.25,0,0.2,0.142857,1
5153,97003,3,2,2784,0,0,0,0.25,0,0.2,0.142857,1
5154,97003,2,2,2785,0,1,0,0.25,0,0.2,0.142857,1
5155,96995,2,1,2786,0,1,0,0.25,0,0.2,0.142857,1
5156,96996,1,2,2786,0,0,0,0.25,0,0.2,0.142857,1
5157,96995,1,2,2786,0,0,0,0.25,0,0.2,0.142857,1
5158,96999,1,2,2786,0,0,0,0.25,0,0.2,0.142857,1
5159,97001,1,2,2786,0,0,0,0.25,0,0.2,0.142857,1
5160,97005,0,3,2786,0,0,0,0.25,0,0.2,0.142857,1
5161,97005,0,3,2786,0,0,0,0.25,0,0.2,0.142857,1
5162,97003,2,3,2785,0,0,0,0.25,0,0.2,0.142857,1
5163,97000,2,1,2787,0,2,1,0.25,0,0.2,0.142857,1
5164,96999,1,2,2787,0,0,0,0.25,0,0.2,0.142857,1
5165,96998,1,3,2787,0,0,0,0.25,0,0.2,0.142857,1
5166,96997,1,3,2787,0,0,0,0.25,0,0.2,0.142857,1
5167,97001,1,2,2788,0,1,1,0.25,0,0.2,0.142857,1
5168,96999,2,2,2788,0,0,0,0.25,0,0.2,0.142857,1
5169,96997,2,2,2788,0,0,0,0.25,0,0.2,0.142857,1
5170,96993,2,2,2788,0,0,0,0.25,0,0.2,0.142857,1
5171,96997,2,1,2789,0,1,2,0.25,0,0.2,0.142857,1
5172,96996,2,1,2789,0,0,0,0.25,0,0.2,0.142857,1
5173,96994,2,1,2789,0,0,0,0.25,0,0.2,0.142857,1
5174,96990,2,0,2790,0,1,0,0.25,0,0.2,0.142857,1
5175,96992,2,0,2790,0,0,0,0.25,0,0.2,0.142857,1
5176,96993,2,0,2790,0,0,0,0.25,0,0.2,0.142857,1
5177,96988,2,0,2790,0,0,0,0.25,0,0.2,0.142857,1
5178,96990,2,0,2790,0,0,0,0.25,0,0.2,0.142857,1
5179,96996,1,1,2790,0,0,0,0.25,0,0.2,0.142857,1
5180,96994,1,1,2790,0,0,0,0.25,0,0.2,0.142857,1
5181,96996,2,1,2790,0,0,0,0.25,0,0.2,0.142857,1
5182,97000,2,1,2790,0,0,0,0.25,0,0.2,0.142857,1
5183,96998,2,0,2791,0,1,0,0.25,0,0.2,0.142857,1
5184,96999,2,0,2791,0,0,0,0.25,0,0.2,0.142857,1
5185,96992,5,0,2791,0,0,0,0.25,0,0.2,0.142857,1
5186,96993,5,0,2791,0,0,0,0.25,0,0.2,0.142857,1
5187,96993,5,0,2791,0,0,0,0.25,0,0.2,0.142857,1
5188,96996,4,1,2791,0,0,0,0.25,0,0.2,0.142857,1
5189,96992,4,1,2790,0,0,0,0.25,0,0.2,0.142857,1
5190,96992,4,1,2790,0,0,0,0.25,0,0.2,0.142857,1
5191,96991,3,2,2790,0,0,0,0.25,0,0.2,0.142857,1
5192,96989,4,2,2790,0,0,0,0.25,0,0.2,0.142857,1
5193,96991,4,2,2791,0,1,0,0.25,0,0.2,0.142857,1
5194,96986,3,2,2793,0,2,2,0.25,0,0.2,0.142857,1
5195,96987,3,2,2793,0,0,0,0.25,0,0.2,0.142857,1
5196,96988,3,2,2793,0,0,0,0.25,0,0.2,0.142857,1
5197,96987,3,2,2793,0,0,0,0.25,0,0.2,0.142857,1
5198,96989,2,3,2793,0,0,0,0.25,0,0.2,0.142857,1
5199,96992,2,3,2793,0,0,0,0.25,0,0.2,0.142857,1
5200,96995,2,4,2793,0,0,0,0.25,0,0.2,0.142857,1
5201,96991,2,5,2793,0,0,0,0.25,0,0.2,0.142857,1
5202,96992,1,4,2795,0,2,0,0.25,0,0.2,0.142857,1
5203,96992,2,4,2795,0,0,0,0.25,0,0.2,0.142857,1
5204,96992,2,4,2795,0,0,0,0.25,0,0.2,0.142857,1
5205,96993,3,4,2795,0,0,0,0.25,0,0.2,0.142857,1
5206,96990,3,4,2794,0,0,0,0.25,0,0.2,0.142857,1
5207,96989,3,3,2795,0,1,0,0.25,0,0.2,0.142857,1
5208,96987,3,4,2795,0,0,0,0.25,0,0.2,0.142857,1
5209,96987,3,4,2795,0,0,0,0.25,0,0.2,0.142857,1
5210,96987,3,1,2798,0,3,0,0.25,0,0.2,0.142857,1
5211,96986,3,1,2798,0,0,0,0.25,0,0.2,0.142857,1
5212,96990,3,1,2798,0,0,0,0.25,0,0.2,0.142857,1
5213,96990,4,2,2798,0,0,0,0.25,0,0.2,0.142857,1
5214,96995,2,3,2799,0,1,0,0.25,0,0.2,0.142857,1
5215,96996,2,2,2800,0,1,0,0.25,0,0.2,0.142857,1
5216,96993,1,2,2801,0,1,3,0.25,0,0.2,0.142857,1
5217,96994,0,3,2801,0,0,0,0.25,0,0.2,0.142857,1
5218,96993,0,3,2801,0,0,0,0.25,0,0.2,0.142857,1
5219,96996,0,2,2802,0,1,0,0.25,0,0.2,0.142857,1
5220,96997,0,1,2803,0,1,0,0.25,0,0.2,0.142857,1
5221,96999,0,0,2803,0,1,0,0.25,0,0.2,0.142857,1
5222,97005,0,0,2803,0,0,0,0.25,0,0.2,0.142857,1
5223,97009,0,0,2803,0,0,0,0.25,0,0.2,0.142857,1
5224,97008,0,0,2803,0,0,0,0.25,0,0.2,0.142857,1
5225,97007,0,0,2803,0,0,0,0.25,0,0.2,0.142857,1
5226,97007,0,0,2803,0,0,0,0.25,0,0.2,0.142857,1
5227,97002,0,0,2803,0,0,0,0.25,0,0.2,0.142857,1
5228,97000,0,0,2803,0,0,0,0.25,0,0.2,0.142857,1
5229,97000,0,0,2803,0,0,0,0.25,0,0.2,0.142857,1
5230,96997,0,0,2803,0,0,0,0.25,0,0.2,0.142857,1
5231,96998,0,0,2803,0,0,0,0.25,0,0.2,0.142857,1
5232,96994,0,0,2802,0,0,0,0.25,0,0.2,0.142857,1
5233,96994,0,0,2802,0,0,0,0.25,0,0.2,0.142857,1
5234,96995,0,0,2802,0,0,0,0.25,0,0.2,0.142857,1
5235,96996,1,0,2802,0,0,0,0.25,0,0.2,0.142857,1
5236,96996,1,0,2802,0,0,0,0.25,0,0.2,0.142857,1
5237,96997,1,0,2802,0,0,0,0.25,0,0.2,0.142857,1
5238,96995,0,1,2802,0,0,0,0.25,0,0.2,0.142857,1
5239,97000,0,1,2802,0,0,0,0.25,0,0.2,0.142857,1
5240,97001,0,1,2801,0,0,0,0.25,0,0.2,0.142857,1
5241,97002,0,1,2801,0,0,0,0.25,0,0.2,0.142857,1
5242,97003,1,1,2801,0,0,0,0.25,0,0.2,0.142857,1
5243,97002,1,1,2801,0,0,0,0.25,0,0.2,0.142857,1
5244,97002,1,0,2802,0,1,0,0.25,0,0.2,0.142857,1
5245,97003,1,0,2801,0,0,0,0.25,0,0.2,0.142857,1
5246,96998,1,0,2801,0,0,0,0.25,0,0.2,0.142857,1
5247,96994,1,0,2801,0,0,0,0.25,0,0.2,0.142857,1
5248,96997,1,0,2801,0,0,0,0.25,0,0.2,0.142857,1
5249,97001,1,0,2801,0,0,0,0.25,0,0.2,0.142857,1
5250,97001,1,0,2801,0,0,0,0.25,0,0.2,0.142857,1
5251,96999,1,0,2801,0,0,0,0.25,0,0.2,0.142857,1
5252,96999,2,0,2801,0,0,0,0.25,0,0.2,0.142857,1
5253,97002,2,0,2801,0,0,0,0.25,0,0.2,0.142857,1
5254,97002,2,0,2801,0,0,0,0.25,0,0.2,0.142857,1
5255,96999,1,1,2801,0,0,0,0.25,0,0.2,0.142857,1
5256,96999,1,0,2802,0,1,0,0.25,0,0.2,0.142857,1
5257,97001,1,0,2802,0,0,0,0.25,0,0.2,0.142857,1
5258,96998,1,0,2802,0,0,0,0.25,0,0.2,0.142857,1
5259,97004,1,0,2802,0,0,0,0.25,0,0.2,0.142857,1
5260,97008,1,0,2802,0,0,0,0.25,0,0.2,0.142857,1
5261,97007,0,1,2802,0,0,0,0.25,0,0.2,0.142857,1
5262,97011,0,1,2802,0,0,0,0.25,0,0.2,0.142857,1
5263,97011,1,1,2802,0,0,0,0.25,0,0.2,0.142857,1
5264,97012,1,1,2802,0,0,0,0.25,0,0.2,0.142857,1
5265,97019,1,0,2803,0,1,0,0.25,0,0.2,0.142857,1
5266,97019,1,1,2802,0,0,0,0.25,0,0.2,0.142857,1
5267,97020,1,1,2802,0,0,0,0.25,0,0.2,0.142857,1
5268,97020,1,1,2802,0,0,0,0.25,0,0.2,0.142857,1
5269,97021,1,1,2801,0,0,0,0.25,0,0.2,0.142857,1
5270,97023,1,1,2801,0,0,0,0.25,0,0.2,0.142857,1
5271,97025,0,2,2801,0,0,0,0.25,0,0.2,0.142857,1
5272,97021,0,1,2802,0,1,2,0.25,0,0.2,0.142857,1
5273,97020,0,0,2803,0,1,0,0.25,0,0.2,0.142857,1
5274,97028,0,0,2803,0,0,0,0.25,0,0.2,0.142857,1
5275,97025,0,0,2803,0,0,0,0.25,0,0.2,0.142857,1
5276,97021,1,0,2803,0,0,0,0.25,0,0.2,0.142857,1
5277,97023,1,0,2803,0,0,0,0.25,0,0.2,0.142857,1
5278,97023,2,0,2803,0,0,0,0.25,0,0.2,0.142857,1
5279,97023,4,0,2803,0,0,0,0.25,0,0.2,0.142857,1
5280,97027,3,1,2802,0,0,0,0.25,0,0.2,0.142857,1
5281,97031,3,1,2802,0,0,0,0.25,0,0.2,0.142857,1
5282,97030,3,1,2802,0,0,0,0.25,0,0.2,0.142857,1
5283,97025,2,3,2802,0,0,0,0.25,0,0.2,0.142857,1
5284,97018,3,1,2803,0,2,0,0.25,0,0.2,0.142857,1
5285,97022,2,2,2803,0,0,0,0.25,0,0.2,0.142857,1
5286,97025,1,3,2803,0,0,0,0.25,0,0.2,0.142857,1
5287,97025,1,3,2802,0,0,0,0.25,0,0.2,0.142857,1
5288,97024,1,3,2802,0,0,0,0.25,0,0.2,0.142857,1
5289,97028,1,3,2802,0,0,0,0.25,0,0.2,0.142857,1
5290,97027,1,3,2802,0,0,0,0.25,0,0.2,0.142857,1
5291,97027,2,2,2803,0,1,0,0.25,0,0.2,0.142857,1
5292,97026,2,2,2803,0,0,0,0.25,0,0.2,0.142857,1
5293,97030,2,1,2804,0,1,0,0.25,0,0.2,0.142857,1
5294,97038,2,0,2805,0,1,0,0.25,0,0.2,0.142857,1
5295,97039,2,0,2805,0,0,0,0.25,0,0.2,0.142857,1
5296,97034,1,1,2805,0,0,0,0.25,0,0.2,0.142857,1
5297,97037,1,0,2806,0,1,0,0.25,0,0.2,0.142857,1
5298,97041,1,0,2806,0,0,0,0.25,0,0.2,0.142857,1
5299,97039,1,0,2806,0,0,0,0.25,0,0.2,0.142857,1
5300,97046,1,0,2806,0,0,0,0.25,0,0.2,0.142857,1
5301,97051,1,0,2806,0,0,0,0.25,0,0.2,0.142857,1
5302,97055,2,0,2806,0,0,0,0.25,0,0.2,0.142857,1
5303,97056,1,2,2806,0,0,0,0.25,0,0.2,0.142857,1
5304,97057,1,2,2805,0,0,0,0.25,0,0.2,0.142857,1
5305,97056,1,2,2805,0,0,0,0.25,0,0.2,0.142857,1
5306,97054,0,2,2806,0,1,0,0.25,0,0.2,0.142857,1
5307,97056,0,2,2806,0,0,0,0.25,0,0.2,0.142857,1
5308,97055,0,1,2807,0,1,0,0.25,0,0.2,0.142857,1
5309,97056,0,1,2807,0,0,0,0.25,0,0.2,0.142857,1
5310,97055,0,1,2807,0,0,0,0.25,0,0.2,0.142857,1
5311,97056,0,1,2807,0,0,0,0.25,0,0.2,0.142857,1
5312,97057,0,1,2806,0,0,0,0.25,0,0.2,0.142857,1
5313,97059,0,0,2806,0,1,1,0.25,0,0.2,0.142857,1
5314,97061,1,0,2806,0,0,0,0.25,0,0.2,0.142857,1
5315,97060,1,0,2806,0,0,0,0.25,0,0.2,0.142857,1
5316,97060,1,0,2806,0,0,0,0.25,0,0.2,0.142857,1
5317,97063,1,0,2806,0,0,0,0.25,0,0.2,0.142857,1
5318,97064,0,1,2806,0,0,0,0.25,0,0.2,0.142857,1
5319,97067,0,1,2806,0,0,0,0.25,0,0.2,0.142857,1
5320,97070,0,0,2807,0,1,0,0.25,0,0.2,0.142857,1
5321,97065,0,0,2807,0,0,0,0.25,0,0.2,0.142857,1
5322,97066,0,0,2806,0,0,0,0.25,0,0.2,0.142857,1
5323,97068,0,0,2806,0,0,0,0.25,0,0.2,0.142857,1
5324,97069,0,0,2806,0,0,0,0.25,0,0.2,0.142857,1
5325,97069,1,0,2806,0,0,0,0.25,0,0.2,0.142857,1
5326,97070,1,0,2805,0,0,0,0.25,0,0.2,0.142857,1
5327,97071,1,0,2805,0,0,0,0.25,0,0.2,0.142857,1
5328,97069,1,0,2805,0,0,0,0.25,0,0.2,0.142857,1
5329,97069,1,0,2805,0,0,0,0.25,0,0.2,0.142857,1
5330,97067,1,0,2805,0,0,0,0.25,0,0.2,0.142857,1
5331,97064,0,2,2805,0,0,0,0.25,0,0.2,0.142857,1
5332,97062,0,2,2805,0,0,0,0.25,0,0.2,0.142857,1
5333,97063,0,1,2806,0,1,0,0.25,0,0.2,0.142857,1
5334,97063,0,1,2806,0,0,0,0.25,0,0.2,0.142857,1
5335,97063,0,0,2807,0,1,0,0.25,0,0.2,0.142857,1
5336,97062,0,0,2806,0,0,0,0.25,0,0.2,0.142857,1
5337,97064,0,0,2804,0,0,0,0.25,0,0.2,0.142857,1
5338,97068,0,0,2804,0,0,0,0.25,0,0.2,0.142857,1
5339,97066,0,0,2804,0,0,0,0.25,0,0.2,0.142857,1
5340,97069,0,0,2804,0,0,0,0.25,0,0.2,0.142857,1
5341,97074,0,0,2804,0,0,0,0.25,0,0.2,0.142857,1
5342,97072,1,0,2804,0,0,0,0.25,0,0.2,0.142857,1
5343,97072,1,0,2803,0,0,0,0.25,0,0.2,0.142857,1
5344,97072,1,0,2803,0,0,0,0.25,0,0.2,0.142857,1
5345,97070,1,0,2803,0,0,0,0.25,0,0.2,0.142857,1
5346,97070,2,0,2802,0,0,0,0.25,0,0.2,0.142857,1
5347,97067,1,1,2802,0,0,0,0.25,0,0.2,0.142857,1
5348,97065,2,0,2803,0,1,1,0.25,0,0.2,0.142857,1
5349,97064,2,0,2803,0,0,0,0.25,0,0.2,0.142857,1
5350,97065,2,0,2803,0,0,0,0.25,0,0.2,0.142857,1
5351,97063,1,1,2803,0,0,0,0.25,0,0.2,0.142857,1
5352,97063,1,1,2803,0,0,0,0.25,0,0.2,0.142857,1
5353,97066,1,1,2803,0,0,0,0.25,0,0.2,0.142857,1
5354,97066,1,1,2803,0,0,0,0.25,0,0.2,0.142857,1
5355,97066,1,0,2803,0,1,0,0.25,0,0.2,0.142857,1
5356,97064,1,0,2802,0,0,0,0.25,0,0.2,0.142857,1
5357,97063,0,1,2802,0,0,0,0.25,0,0.2,0.142857,1
5358,97062,0,1,2802,0,0,0,0.25,0,0.2,0.142857,1
5359,97062,0,1,2802,0,0,0,0.25,0,0.2,0.142857,1
5360,97063,1,1,2802,0,0,0,0.25,0,0.2,0.142857,1
5361,97062,1,1,2802,0,0,0,0.25,0,0.2,0.142857,1
5362,97063,1,1,2802,0,0,0,0.25,0,0.2,0.142857,1
5363,97063,1,1,2802,0,0,0,0.25,0,0.2,0.142857,1
5364,97063,1,1,2802,0,0,0,0.25,0,0.2,0.142857,1
5365,97063,1,1,2802,0,0,0,0.25,0,0.2,0.142857,1
5366,97064,1,1,2802,0,0,0,0.25,0,0.2,0.142857,1
5367,97058,1,2,2802,0,0,0,0.25,0,0.2,0.142857,1
5368,97061,1,2,2802,0,0,0,0.25,0,0.2,0.142857,1
5369,97061,1,2,2803,0,1,2,0.25,0,0.2,0.142857,1
5370,97061,1,2,2803,0,0,0,0.25,0,0.2,0.142857,1
5371,97059,2,2,2803,0,0,0,0.25,0,0.2,0.142857,1
5372,97058,2,2,2803,0,0,0,0.25,0,0.2,0.142857,1
5373,97061,2,2,2803,0,0,0,0.25,0,0.2,0.142857,1
5374,97059,2,2,2803,0,0,0,0.25,0,0.2,0.142857,1
5375,97061,2,1,2804,0,1,0,0.25,0,0.2,0.142857,1
5376,97061,2,1,2804,0,0,0,0.25,0,0.2,0.142857,1
5377,97059,1,2,2804,0,0,0,0.25,0,0.2,0.142857,1
5378,97060,1,1,2805,0,1,0,0.25,0,0.2,0.142857,1
5379,97062,1,1,2805,0,0,0,0.25,0,0.2,0.142857,1
5380,97065,2,1,2805,0,0,0,0.25,0,0.2,0.142857,1
5381,97061,2,0,2806,0,1,0,0.25,0,0.2,0.142857,1
5382,97060,2,0,2806,0,0,0,0.25,0,0.2,0.142857,1
5383,97067,2,0,2806,0,0,0,0.25,0,0.2,0.142857,1
5384,97069,2,0,2806,0,0,0,0.25,0,0.2,0.142857,1
5385,97066,2,0,2806,0,0,0,0.25,0,0.2,0.142857,1
5386,97068,1,1,2806,0,0,0,0.25,0,0.2,0.142857,1
5387,97071,2,1,2806,0,0,0,0.25,0,0.2,0.142857,1
5388,97073,2,1,2805,0,0,0,0.25,0,0.2,0.142857,1
5389,97076,2,1,2805,0,0,0,0.25,0,0.2,0.142857,1
5390,97077,1,2,2805,0,0,0,0.25,0,0.2,0.142857,1
5391,97080,1,2,2805,0,0,0,0.25,0,0.2,0.142857,1
5392,97077,1,1,2806,0,1,1,0.25,0,0.2,0.142857,1
5393,97082,1,1,2806,0,0,0,0.25,0,0.2,0.142857,1
5394,97077,1,1,2806,0,0,0,0.25,0,0.2,0.142857,1
5395,97077,1,1,2806,0,0,0,0.25,0,0.2,0.142857,1
5396,97076,2,1,2806,0,0,0,0.25,0,0.2,0.142857,1
5397,97075,2,1,2806,0,0,0,0.25,0,0.2,0.142857,1
5398,97079,2,2,2806,0,0,0,0.25,0,0.2,0.142857,1
5399,97080,2,2,2806,0,0,0,0.25,0,0.2,0.142857,1
5400,97074,3,2,2806,0,0,0,0.25,0,0.2,0.142857,1
5401,97074,3,2,2806,0,0,0,0.25,0,0.2,0.142857,1
5402,97066,2,1,2807,0,1,0,0.25,0,0.2,0.142857,1
5403,97071,1,2,2807,0,0,0,0.25,0,0.2,0.142857,1
5404,97075,1,1,2808,0,1,0,0.25,0,0.2,0.142857,1
5405,97074,1,1,2808,0,0,0,0.25,0,0.2,0.142857,1
5406,97071,1,0,2809,0,1,0,0.25,0,0.2,0.142857,1
5407,97067,1,0,2809,0,0,0,0.25,0,0.2,0.142857,1
5408,97069,1,0,2809,0,0,0,0.25,0,0.2,0.142857,1
5409,97069,1,0,2809,0,0,0,0.25,0,0.2,0.142857,1
5410,97075,0,0,2810,0,1,0,0.25,0,0.2,0.142857,1
5411,97073,0,0,2810,0,0,0,0.25,0,0.2,0.142857,1
5412,97078,0,0,2810,0,0,0,0.25,0,0.2,0.142857,1
5413,97079,0,0,2810,0,0,0,0.25,0,0.2,0.142857,1
5414,97080,0,0,2810,0,0,0,0.25,0,0.2,0.142857,1
5415,97075,0,0,2809,0,0,0,0.25,0,0.2,0.142857,1
5416,97076,0,0,2809,0,0,0,0.25,0,0.2,0.142857,1
5417,97078,0,0,2809,0,0,0,0.25,0,0.2,0.142857,1
5418,97080,0,0,2809,0,0,0,0.25,0,0.2,0.142857,1
5419,97082,0,0,2809,0,0,0,0.25,0,0.2,0.142857,1
5420,97081,0,0,2809,0,0,0,0.25,0,0.2,0.142857,1
5421,97079,0,0,2809,0,0,0,0.25,0,0.2,0.142857,1
5422,97080,0,0,2809,0,0,0,0.25,0,0.2,0.142857,1
5423,97077,0,0,2809,0,0,0,0.25,0,0.2,0.142857,1
5424,97080,0,0,2809,0,0,0,0.25,0,0.2,0.142857,1
5425,97079,0,0,2809,0,0,0,0.25,0,0.2,0.142857,1
5426,97075,0,0,2809,0,0,0,0.25,0,0.2,0.142857,1
5427,97073,0,0,2809,0,0,0,0.25,0,0.2,0.142857,1
5428,97074,0,0,2809,0,0,0,0.25,0,0.2,0.142857,1
5429,97074,0,0,2809,0,0,0,0.25,0,0.2,0.142857,1
5430,97076,0,0,2809,0,0,0,0.25,0,0.2,0.142857,1
5431,97074,0,0,2809,0,0,0,0.25,0,0.2,0.142857,1
5432,97077,0,0,2809,0,0,0,0.25,0,0.2,0.142857,1
5433,97080,0,0,2809,0,0,0,0.25,0,0.2,0.142857,1
5434,97081,0,0,2809,0,0,0,0.25,0,0.2,0.142857,1
5435,97080,0,0,2809,0,0,0,0.25,0,0.2,0.142857,1
5436,97082,0,0,2809,0,0,0,0.25,0,0.2,0.142857,1
5437,97078,0,0,2808,0,0,0,0.25,0,0.2,0.142857,1
5438,97077,0,0,2808,0,0,0,0.25,0,0.2,0.142857,1
5439,97075,0,0,2808,0,0,0,0.25,0,0.2,0.142857,1
5440,97072,0,0,2808,0,0,0,0.25,0,0.2,0.142857,1
5441,97073,0,0,2808,0,0,0,0.25,0,0.2,0.142857,1
5442,97068,0,0,2808,0,0,0,0.25,0,0.2,0.142857,1
5443,97070,0,0,2808,0,0,0,0.25,0,0.2,0.142857,1
5444,97072,0,0,2808,0,0,0,0.25,0,0.2,0.142857,1
5445,97071,0,0,2807,0,0,0,0.25,0,0.2,0.142857,1
5446,97071,0,0,2807,0,0,0,0.25,0,0.2,0.142857,1
5447,97073,0,0,2807,0,0,0,0.25,0,0.2,0.142857,1
5448,97071,1,0,2807,0,0,0,0.25,0,0.2,0.142857,1
5449,97070,1,0,2806,0,0,0,0.25,0,0.2,0.142857,1
5450,97070,0,1,2806,0,0,0,0.25,0,0.2,0.142857,1
5451,97072,0,0,2807,0,1,0,0.25,0,0.2,0.142857,1
5452,97071,0,0,2807,0,0,0,0.25,0,0.2,0.142857,1
5453,97070,1,0,2807,0,0,0,0.25,0,0.2,0.142857,1
5454,97066,1,0,2807,0,0,0,0.25,0,0.2,0.142857,1
5455,97071,1,0,2807,0,0,0,0.25,0,0.2,0.142857,1
5456,97065,1,0,2807,0,0,0,0.25,0,0.2,0.142857,1
5457,97070,2,0,2807,0,0,0,0.25,0,0.2,0.142857,1
5458,97076,2,0,2806,0,0,0,0.25,0,0.2,0.142857,1
5459,97079,2,0,2806,0,0,0,0.25,0,0.2,0.142857,1
5460,97079,2,0,2806,0,0,0,0.25,0,0.2,0.142857,1
5461,97076,2,0,2806,0,0,0,0.25,0,0.2,0.142857,1
5462,97073,2,0,2806,0,0,0,0.25,0,0.2,0.142857,1
5463,97073,1,1,2806,0,0,0,0.25,0,0.2,0.142857,1
5464,97066,1,1,2806,0,0,0,0.25,0,0.2,0.142857,1
5465,97067,1,1,2806,0,0,0,0.25,0,0.2,0.142857,1
5466,97069,1,1,2806,0,0,0,0.25,0,0.2,0.142857,1
5467,97069,1,1,2806,0,0,0,0.25,0,0.2,0.142857,1
5468,97069,2,0,2807,0,1,0,0.25,0,0.2,0.142857,1
5469,97069,2,0,2807,0,0,0,0.25,0,0.2,0.142857,1
5470,97070,2,0,2807,0,0,0,0.25,0,0.2,0.142857,1
5471,97068,2,0,2807,0,0,0,0.25,0,0.2,0.142857,1
5472,97061,2,0,2806,0,0,0,0.25,0,0.2,0.142857,1
5473,97062,1,1,2806,0,0,0,0.25,0,0.2,0.142857,1
5474,97066,1,1,2806,0,0,0,0.25,0,0.2,0.142857,1
5475,97069,1,0,2807,0,1,1,0.25,0,0.2,0.142857,1
5476,97068,1,0,2807,0,0,0,0.25,0,0.2,0.142857,1
5477,97069,2,0,2807,0,0,0,0.25,0,0.208183,0.142857,1
5478,97072,2,0,2807,0,0,0,0.25,0,0.218283,0.142857,1
5479,97074,3,0,2807,0,0,0,0.25,0,0.218695,0.142857,1
5480,97074,3,0,2807,0,0,0,0.25,0,0.21818,0.142857,1
5481,97073,2,2,2807,0,0,0,0.25,0,0.206545,0.142857,1
5482,97071,2,2,2807,0,0,0,0.25,0,0.207349,0.142857,1
5483,97071,2,1,2808,0,1,0,0.25,0,0.199362,0.142857,1
5484,97067,2,1,2808,0,0,0,0.25,0,0.198796,0.142857,1
5485,97073,2,1,2808,0,0,0,0.25,0,0.208807,0.142857,1
5486,97075,2,1,2808,0,0,0,0.25,0,0.18825,0.142857,1
5487,97076,2,1,2808,0,0,0,0.25,0,0.183043,0.142857,1
5488,97075,2,1,2808,0,0,0,0.25,0,0.195296,0.142857,1
5489,97074,2,0,2809,0,1,0,0.25,0,0.185704,0.142857,1
5490,97072,2,0,2809,0,0,0,0.25,0,0.184594,0.142857,1
5491,97068,3,0,2809,0,0,0,0.25,0,0.177768,0.142857,1
5492,97065,4,0,2809,0,0,0,0.25,0,0.172566,0.142857,1
5493,97066,4,0,2809,0,0,0,0.25,0,0.178705,0.142857,1
5494,97065,4,0,2809,0,0,0,0.25,0,0.186081,0.142857,1
5495,97065,4,1,2808,0,0,0,0.25,0,0.182769,0.142857,1
5496,97066,3,2,2808,0,0,0,0.25,0,0.181087,0.142857,1
5497,97063,3,2,2808,0,0,0,0.25,0,0.184771,0.142857,1
5498,97064,3,2,2808,0,0,0,0.25,0,0.190739,0.142857,1
5499,97063,3,0,2810,0,2,1,0.25,0,0.191211,0.142857,1
5500,97066,4,0,2810,0,0,0,0.25,0,0.18784,0.142857,1
5501,97063,3,1,2810,0,0,0,0.25,0,0.191128,0.142857,1
5502,97059,3,1,2811,0,1,1,0.25,0,0.19694,0.142857,1
5503,97060,3,1,2811,0,0,0,0.25,0,0.196961,0.142857,1
5504,97058,3,0,2812,0,1,0,0.25,0,0.179158,0.142857,1
5505,97055,3,1,2812,0,0,0,0.25,0,0.177811,0.142857,1
5506,97051,2,2,2812,0,0,0,0.25,0,0.187124,0.142857,1
5507,97050,2,2,2812,0,0,0,0.25,0,0.188738,0.142857,1
5508,97056,2,1,2813,0,1,0,0.25,0,0.18108,0.142857,1
5509,97057,3,1,2814,0,1,0,0.25,0,0.177143,0.142857,1
5510,97052,3,0,2815,0,1,0,0.25,0,0.163793,0.142857,1
5511,97050,3,0,2815,0,0,0,0.25,0,0.170032,0.142857,1
5512,97043,3,0,2815,0,0,0,0.25,0,0.172954,0.142857,1
5513,97044,3,0,2815,0,0,0,0.25,0,0.181123,0.142857,1
5514,97044,2,1,2815,0,0,0,0.25,0,0.1759,0.142857,1
5515,97043,1,2,2815,0,0,0,0.25,0,0.176872,0.142857,1
5516,97046,1,2,2815,0,0,0,0.25,0,0.180026,0.142857,1
5517,97048,1,0,2817,0,2,1,0.25,0,0.170356,0.142857,1
5518,97048,1,0,2817,0,0,0,0.25,0,0.177445,0.142857,1
5519,97042,1,0,2817,0,0,0,0.25,0,0.167097,0.142857,1
5520,97046,1,0,2817,0,0,0,0.25,0,0.179243,0.142857,1
5521,97045,1,0,2817,0,0,0,0.25,0,0.178368,0.142857,1
5522,97046,2,0,2817,0,0,0,0.25,0,0.18174,0.142857,1
5523,97045,2,0,2816,0,0,0,0.25,0,0.167246,0.142857,1
5524,97045,2,0,2816,0,0,0,0.25,0,0.163869,0.142857,1
5525,97045,1,1,2816,0,0,0,0.25,0,0.176478,0.142857,1
5526,97044,1,0,2817,0,1,0,0.25,0,0.180653,0.142857,1
5527,97045,2,0,2817,0,0,0,0.25,0,0.184142,0.142857,1
5528,97046,2,0,2817,0,0,0,0.25,0,0.167639,0.142857,1
5529,97053,3,0,2817,0,0,0,0.25,0,0.169434,0.142857,1
5530,97052,4,0,2817,0,0,0,0.25,0,0.160559,0.142857,1
5531,97052,5,0,2817,0,0,0,0.25,0,0.166425,0.142857,1
5532,97049,5,0,2817,0,0,0,0.25,0,0.156882,0.142857,1
5533,97054,3,2,2817,0,0,0,0.25,0,0.166538,0.142857,1
5534,97052,3,2,2817,0,0,0,0.25,0,0.177376,0.142857,1
5535,97057,3,2,2818,0,1,0,0.25,0,0.187596,0.142857,1
5536,97058,3,2,2818,0,0,0,0.25,0,0.199655,0.142857,1
5537,97059,3,1,2819,0,1,0,0.25,0,0.193131,0.142857,1
5538,97058,1,3,2819,0,0,0,0.25,0,0.207575,0.142857,1
5539,97056,1,3,2819,0,0,0,0.25,0,0.198127,0.142857,1
5540,97057,1,3,2818,0,0,0,0.25,0,0.202075,0.142857,1
5541,97063,2,3,2817,0,0,0,0.25,0,0.199355,0.142857,1
5542,97060,2,2,2818,0,1,0,0.25,0,0.203035,0.142857,1
5543,97062,2,2,2818,0,0,0,0.25,0,0.225349,0.142857,1
5544,97062,1,2,2819,0,1,0,0.25,0,0.233482,0.142857,1
5545,97061,1,2,2819,0,0,0,0.25,0,0.236314,0.142857,1
5546,97061,1,2,2819,0,0,0,0.25,0,0.22185,0.142857,1
5547,97057,0,3,2819,0,0,0,0.25,0,0.215401,0.142857,1
5548,97058,0,2,2820,0,1,0,0.25,0,0.22017,0.142857,1
5549,97058,0,1,2821,0,1,0,0.25,0,0.231829,0.142857,1
5550,97062,0,1,2821,0,0,0,0.25,0,0.222269,0.142857,1
5551,97062,0,1,2820,0,0,0,0.25,0,0.24504,0.142857,1
5552,97065,0,1,2820,0,0,0,0.25,0,0.240328,0.142857,1
5553,97060,1,1,2820,0,0,0,0.25,0,0.240365,0.142857,1
5554,97057,1,0,2821,0,1,0,0.25,0,0.234186,0.142857,1
5555,97055,1,0,2821,0,0,0,0.25,0,0.246566,0.142857,1
5556,97057,1,0,2821,0,0,0,0.25,0,0.245343,0.142857,1
5557,97061,1,0,2821,0,0,0,0.25,0,0.232128,0.142857,1
5558,97061,1,0,2820,0,0,0,0.25,0,0.220766,0.142857,1
5559,97064,0,1,2820,0,0,0,0.25,0,0.228921,0.142857,1
5560,97061,1,0,2821,0,1,0,0.25,0,0.225375,0.142857,1
5561,97061,0,1,2821,0,0,0,0.25,0,0.220035,0.142857,1
5562,97063,0,0,2821,0,1,0,0.25,0,0.218652,0.142857,1
5563,97065,0,0,2820,0,0,0,0.25,0,0.224223,0.142857,1
5564,97067,0,0,2820,0,0,0,0.25,0,0.225992,0.142857,1
5565,97068,0,0,2820,0,0,0,0.25,0,0.238107,0.142857,1
5566,97070,0,0,2820,0,0,0,0.25,0,0.240941,0.142857,1
5567,97067,0,0,2818,0,0,0,0.25,0,0.238131,0.142857,1
5568,97068,0,0,2818,0,0,0,0.25,0,0.221387,0.142857,1
5569,97062,0,0,2818,0,0,0,0.25,0,0.241204,0.142857,1
5570,97063,0,0,2817,0,0,0,0.25,0,0.248064,0.142857,1
5571,97061,0,0,2817,0,0,0,0.25,0,0.249947,0.142857,1
5572,97063,0,0,2816,0,0,0,0.25,0,0.266786,0.142857,1
5573,97065,0,0,2816,0,0,0,0.25,0,0.268873,0.142857,1
5574,97066,0,0,2816,0,0,0,0.25,0,0.275538,0.142857,1
5575,97063,0,0,2816,0,0,0,0.25,0,0.273356,0.142857,1
5576,97064,0,0,2816,0,0,0,0.25,0,0.251996,0.142857,1
5577,97068,0,0,2816,0,0,0,0.25,0,0.237618,0.142857,1
5578,97069,0,0,2816,0,0,0,0.25,0,0.231043,0.142857,1
5579,97075,0,0,2816,0,0,0,0.25,0,0.241993,0.142857,1
5580,97072,0,0,2816,0,0,0,0.25,0,0.239371,0.142857,1
5581,97073,0,0,2815,0,0,0,0.25,0,0.241369,0.142857,1
5582,97073,0,0,2815,0,0,0,0.25,0,0.246133,0.142857,1
5583,97072,1,0,2815,0,0,0,0.25,0,0.246806,0.142857,1
5584,97069,1,0,2815,0,0,0,0.25,0,0.251503,0.142857,1
5585,97070,1,0,2814,0,0,0,0.25,0,0.22225,0.142857,1
5586,97069,1,0,2814,0,0,0,0.25,0,0.230516,0.142857,1
5587,97065,1,0,2814,0,0,0,0.25,0,0.227712,0.142857,1
5588,97068,2,1,2814,0,0,0,0.25,0,0.241621,0.142857,1
5589,97071,3,1,2814,0,0,0,0.25,0,0.25059,0.142857,1
5590,97067,3,1,2814,0,0,0,0.25,0,0.248077,0.142857,1
5591,97063,3,2,2814,0,0,0,0.25,0,0.248135,0.142857,1
5592,97066,1,4,2814,0,0,0,0.25,0,0.25095,0.142857,1
5593,97064,1,3,2815,0,1,0,0.25,0,0.255692,0.142857,1
5594,97062,1,2,2816,0,1,0,0.25,0,0.268181,0.142857,1
5595,97064,1,2,2816,0,0,0,0.25,0,0.271957,0.142857,1
5596,97063,1,2,2817,0,1,0,0.25,0,0.25894,0.142857,1
5597,97065,1,3,2817,0,0,0,0.25,0,0.266331,0.142857,1
5598,97066,1,3,2817,0,0,0,0.25,0,0.271486,0.142857,1
5599,97064,0,3,2818,0,1,0,0.25,0,0.280949,0.142857,1
5600,97060,0,3,2818,0,0,0,0.25,0,0.286633,0.142857,1
5601,97061,0,2,2819,0,1,0,0.25,0,0.286453,0.142857,1
5602,97057,0,2,2819,0,0,0,0.25,0,0.279361,0.142857,1
5603,97056,0,2,2819,0,0,0,0.25,0,0.272507,0.142857,1
5604,97063,0,2,2818,0,0,0,0.25,0,0.276459,0.142857,1
5605,97068,0,2,2818,0,0,0,0.25,0,0.275617,0.142857,1
5606,97068,0,1,2819,0,1,0,0.25,0,0.272279,0.142857,1
5607,97067,0,1,2819,0,0,0,0.25,0,0.261526,0.142857,1
5608,97071,0,1,2819,0,0,0,0.25,0,0.271562,0.142857,1
5609,97070,0,1,2819,0,0,0,0.25,0,0.26674,0.142857,1
5610,97071,0,1,2819,0,0,0,0.25,0,0.264149,0.142857,1
5611,97071,0,1,2819,0,0,0,0.25,0,0.254814,0.142857,1
5612,97068,0,1,2819,0,0,0,0.25,0,0.249115,0.142857,1
5613,97069,0,1,2819,0,0,0,0.25,0,0.251277,0.142857,1
5614,97065,0,1,2819,0,0,0,0.25,0,0.246151,0.142857,1
5615,97063,0,1,2819,0,0,0,0.25,0,0.254032,0.142857,1
5616,97063,0,1,2819,0,0,0,0.25,0,0.263077,0.142857,1
5617,97066,0,1,2819,0,0,0,0.25,0,0.269041,0.142857,1
5618,97068,0,1,2819,0,0,0,0.25,0,0.277041,0.142857,1
5619,97068,0,1,2819,0,0,0,0.25,0,0.284541,0.142857,1
5620,97068,0,1,2819,0,0,0,0.25,0,0.278947,0.142857,1
5621,97070,1,1,2819,0,0,0,0.25,0,0.271976,0.142857,1
5622,97071,3,0,2820,0,1,0,0.25,0,0.264943,0.142857,1
5623,97077,3,0,2820,0,0,0,0.25,0,0.276458,0.142857,1
5624,97078,2,1,2820,0,0,0,0.25,0,0.27311,0.142857,1
5625,97080,1,2,2820,0,0,0,0.25,0,0.282594,0.142857,1
5626,97084,1,2,2820,0,0,0,0.25,0,0.288312,0.142857,1
5627,97086,1,1,2821,0,1,0,0.25,0,0.280059,0.142857,1
5628,97086,2,1,2821,0,0,0,0.25,0,0.27482,0.142857,1
5629,97086,2,1,2821,0,0,0,0.25,0,0.27538,0.142857,1
5630,97084,2,1,2821,0,0,0,0.25,0,0.276355,0.142857,1
5631,97086,2,1,2821,0,0,0,0.25,0,0.278525,0.142857,1
5632,97086,2,1,2821,0,0,0,0.25,0,0.273314,0.142857,1
5633,97082,2,1,2821,0,0,0,0.25,0,0.278929,0.142857,1
5634,97080,2,1,2821,0,0,0,0.25,0,0.281454,0.142857,1
5635,97081,2,1,2821,0,0,0,0.25,0,0.285312,0.142857,1
5636,97079,2,0,2822,0,1,0,0.25,0,0.290967,0.142857,1
5637,97078,2,0,2822,0,0,0,0.25,0,0.299125,0.142857,1
5638,97076,2,0,2822,0,0,0,0.25,0,0.309682,0.142857,1
5639,97071,1,1,2822,0,0,0,0.25,0,0.310389,0.142857,1
5640,97071,1,1,2822,0,0,0,0.25,0,0.307434,0.142857,1
5641,97071,1,1,2821,0,0,0,0.25,0,0.290554,0.142857,1
5642,97065,1,0,2822,0,1,0,0.25,0,0.270114,0.142857,1
5643,97063,2,0,2822,0,0,0,0.25,0,0.28289,0.142857,1
5644,97062,2,0,2822,0,0,0,0.25,0,0.294017,0.142857,1
5645,97065,2,0,2822,0,0,0,0.25,0,0.308353,0.142857,1
5646,97063,2,0,2822,0,0,0,0.25,0,0.319326,0.142857,1
5647,97064,2,0,2822,0,0,0,0.25,0,0.324851,0.142857,1
5648,97065,2,0,2822,0,0,0,0.25,0,0.332087,0.142857,1
5649,97064,2,0,2822,0,0,0,0.25,0,0.334423,0.142857,1
5650,97063,2,0,2822,0,0,0,0.25,0,0.326398,0.142857,1
5651,97059,2,0,2822,0,0,0,0.25,0,0.338966,0.142857,1
5652,97060,2,0,2822,0,0,0,0.25,0,0.353849,0.142857,1
5653,97061,2,0,2821,0,0,0,0.25,0,0.346825,0.142857,1
5654,97063,2,0,2821,0,0,0,0.25,0,0.35354,0.142857,1
5655,97069,2,0,2821,0,0,0,0.25,0,0.343696,0.142857,1
5656,97070,1,1,2821,0,0,0,0.25,0,0.335179,0.142857,1
5657,97071,1,1,2821,0,0,0,0.25,0,0.341637,0.142857,1
5658,97072,1,1,2821,0,0,0,0.25,0,0.345503,0.142857,1
5659,97070,1,1,2821,0,0,0,0.25,0,0.341967,0.142857,1
5660,97072,1,1,2820,0,0,0,0.25,0,0.348049,0.142857,1
5661,97071,1,1,2820,0,0,0,0.25,0,0.349321,0.142857,1
5662,97069,1,1,2820,0,0,0,0.25,0,0.342723,0.142857,1
5663,97070,1,1,2820,0,0,0,0.25,0,0.338685,0.142857,1
5664,97073,1,0,2821,0,1,0,0.25,0,0.332597,0.142857,1
5665,97071,1,0,2821,0,0,0,0.25,0,0.338922,0.142857,1
5666,97069,0,1,2821,0,0,0,0.25,0,0.328442,0.142857,1
5667,97070,0,0,2822,0,1,0,0.25,0,0.335798,0.142857,1
5668,97071,0,0,2822,0,0,0,0.25,0,0.328474,0.142857,1
5669,97076,1,0,2822,0,0,0,0.25,0,0.3396,0.142857,1
5670,97077,0,1,2822,0,0,0,0.25,0,0.339942,0.142857,1
5671,97075,0,1,2822,0,0,0,0.25,0,0.338285,0.142857,1
5672,97076,0,1,2822,0,0,0,0.25,0,0.334483,0.142857,1
5673,97073,1,1,2822,0,0,0,0.25,0,0.337577,0.142857,1
5674,97073,1,1,2822,0,0,0,0.25,0,0.343798,0.142857,1
5675,97071,1,1,2822,0,0,0,0.25,0,0.349701,0.142857,1
5676,97067,1,0,2823,0,1,5,0.25,0,0.3502,0.142857,1
5677,97068,0,0,2823,0,1,0,0.25,0,0.334494,0.142857,1
5678,97068,0,0,2823,0,0,0,0.25,0,0.33537,0.142857,1
5679,97068,0,0,2823,0,0,0,0.25,0,0.315499,0.142857,1
5680,97066,0,0,2823,0,0,0,0.25,0,0.320236,0.142857,1
5681,97066,0,0,2823,0,0,0,0.25,0,0.324696,0.142857,1
5682,97066,0,0,2823,0,0,0,0.25,0,0.310436,0.142857,1
5683,97066,0,0,2823,0,0,0,0.25,0,0.299276,0.142857,1
5684,97070,0,0,2823,0,0,0,0.25,0,0.289966,0.142857,1
5685,97071,0,0,2823,0,0,0,0.25,0,0.271364,0.142857,1
5686,97074,0,0,2823,0,0,0,0.25,0,0.270782,0.142857,1
5687,97077,0,0,2823,0,0,0,0.25,0,0.266877,0.142857,1
5688,97076,0,0,2823,0,0,0,0.25,0,0.258374,0.142857,1
5689,97078,0,0,2823,0,0,0,0.25,0,0.244002,0.142857,1
5690,97081,0,0,2823,0,0,0,0.25,0,0.244978,0.142857,1
5691,97080,0,0,2822,0,0,0,0.25,0,0.247255,0.142857,1
5692,97079,0,0,2822,0,0,0,0.25,0,0.241573,0.142857,1
5693,97080,0,0,2822,0,0,0,0.25,0,0.230653,0.142857,1
5694,97079,0,0,2822,0,0,0,0.25,0,0.226392,0.142857,1
5695,97078,0,0,2822,0,0,0,0.25,0,0.213865,0.142857,1
5696,97079,0,0,2822,0,0,0,0.25,0,0.230211,0.142857,1
5697,97078,0,0,2821,0,0,0,0.25,0,0.228367,0.142857,1
5698,97070,0,0,2821,0,0,0,0.25,0,0.230951,0.142857,1
5699,97076,0,0,2821,0,0,0,0.25,0,0.233447,0.142857,1
5700,97073,0,0,2821,0,0,0,0.25,0,0.237494,0.142857,1
5701,97073,0,0,2821,0,0,0,0.25,0,0.229855,0.142857,1
5702,97075,0,0,2820,0,0,0,0.25,0,0.254015,0.142857,1
5703,97077,0,0,2820,0,0,0,0.25,0,0.232748,0.142857,1
5704,97077,1,0,2820,0,0,0,0.25,0,0.21889,0.142857,1
5705,97075,1,0,2820,0,0,0,0.25,0,0.228124,0.142857,1
5706,97080,1,0,2820,0,0,0,0.25,0,0.223227,0.142857,1
5707,97078,1,0,2820,0,0,0,0.25,0,0.211105,0.142857,1
5708,97073,1,0,2819,0,0,0,0.25,0,0.230641,0.142857,1
5709,97073,1,0,2819,0,0,0,0.25,0,0.243082,0.142857,1
5710,97076,0,0,2820,0,1,0,0.25,0,0.257579,0.142857,1
5711,97075,0,0,2820,0,0,0,0.25,0,0.251502,0.142857,1
5712,97071,0,0,2820,0,0,0,0.25,0,0.254479,0.142857,1
5713,97076,0,0,2820,0,0,0,0.25,0,0.254617,0.142857,1
5714,97077,1,0,2820,0,0,0,0.25,0,0.255036,0.142857,1
5715,97078,0,1,2820,0,0,0,0.25,0,0.255953,0.142857,1
5716,97079,0,1,2820,0,0,0,0.25,0,0.252427,0.142857,1
5717,97083,0,1,2820,0,0,0,0.25,0,0.247248,0.142857,1
5718,97083,0,0,2821,0,1,1,0.25,0,0.242287,0.142857,1
5719,97086,0,0,2821,0,0,0,0.25,0,0.244973,0.142857,1
5720,97085,0,0,2821,0,0,0,0.25,0,0.244025,0.142857,1
5721,97089,0,0,2821,0,0,0,0.25,0,0.251778,0.142857,1
5722,97088,0,0,2821,0,0,0,0.25,0,0.255422,0.142857,1
5723,97086,0,0,2821,0,0,0,0.25,0,0.263221,0.142857,1
5724,97087,0,0,2821,0,0,0,0.25,0,0.267779,0.142857,1
5725,97089,0,0,2821,0,0,0,0.25,0,0.267748,0.142857,1
5726,97090,0,0,2821,0,0,0,0.25,0,0.253711,0.142857,1
5727,97090,0,0,2821,0,0,0,0.25,0,0.277559,0.142857,1
5728,97091,0,0,2821,0,0,0,0.25,0,0.261316,0.142857,1
5729,97091,0,1,2821,0,0,0,0.25,0,0.271871,0.142857,1
5730,97094,0,1,2821,0,0,0,0.25,0,0.278008,0.142857,1
5731,97096,0,1,2821,0,0,0,0.25,0,0.283527,0.142857,1
5732,97092,0,1,2820,0,0,0,0.25,0,0.269113,0.142857,1
5733,97090,1,1,2820,0,0,0,0.25,0,0.26531,0.142857,1
5734,97092,1,1,2820,0,0,0,0.25,0,0.271958,0.142857,1
5735,97091,1,1,2820,0,0,0,0.25,0,0.271151,0.142857,1
5736,97098,2,1,2820,0,0,0,0.25,0,0.263566,0.142857,1
5737,97098,1,2,2820,0,0,0,0.25,0,0.264534,0.142857,1
5738,97100,1,2,2820,0,0,0,0.25,0,0.25554,0.142857,1
5739,97100,1,1,2821,0,1,0,0.25,0,0.253439,0.142857,1
5740,97103,1,1,2821,0,0,0,0.25,0,0.261615,0.142857,1
5741,97101,1,1,2821,0,0,0,0.25,0,0.24467,0.142857,1
5742,97102,1,1,2820,0,0,0,0.25,0,0.248566,0.142857,1
5743,97103,1,1,2819,0,0,0,0.25,0,0.246446,0.142857,1
5744,97101,1,1,2819,0,0,0,0.25,0,0.255112,0.142857,1
5745,97102,1,1,2819,0,0,0,0.25,0,0.264711,0.142857,1
5746,97100,1,2,2818,0,0,0,0.25,0,0.253208,0.142857,1
5747,97097,1,2,2818,0,0,0,0.25,0,0.257522,0.142857,1
5748,97097,1,3,2817,0,0,0,0.25,0,0.266438,0.142857,1
5749,97098,1,3,2816,0,0,0,0.25,0,0.26577,0.142857,1
5750,97100,2,2,2817,0,1,0,0.25,0,0.262612,0.142857,1
5751,97101,1,3,2817,0,0,0,0.25,0,0.264127,0.142857,1
5752,97104,0,4,2815,0,0,0,0.25,0,0.260506,0.142857,1
5753,97105,1,3,2816,0,1,1,0.25,0,0.25453,0.142857,1
5754,97105,1,1,2818,0,2,0,0.25,0,0.247166,0.142857,1
5755,97102,1,1,2818,0,0,0,0.25,0,0.238864,0.142857,1
5756,97097,1,1,2818,0,0,0,0.25,0,0.250635,0.142857,1
5757,97101,1,1,2818,0,0,0,0.25,0,0.247228,0.142857,1
5758,97097,1,0,2819,0,1,0,0.25,0,0.232293,0.142857,1
5759,97097,1,0,2819,0,0,0,0.25,0,0.235713,0.142857,1
5760,97098,1,0,2819,0,0,0,0.25,0,0.228928,0.142857,1
5761,97101,1,0,2819,0,0,0,0.25,0,0.236502,0.142857,1
5762,97099,2,0,2819,0,0,0,0.25,0,0.246307,0.142857,1
5763,97099,2,0,2819,0,0,0,0.25,0,0.242033,0.142857,1
5764,97100,1,1,2818,0,0,0,0.25,0,0.258583,0.142857,1
5765,97098,1,0,2819,0,1,2,0.25,0,0.254787,0.142857,1
5766,97104,1,0,2819,0,0,0,0.25,0,0.263381,0.142857,1
5767,97104,1,0,2819,0,0,0,0.25,0,0.254558,0.142857,1
5768,97104,1,0,2819,0,0,0,0.25,0,0.262625,0.142857,1
5769,97104,1,0,2819,0,0,0,0.25,0,0.268708,0.142857,1
5770,97106,1,0,2819,0,0,0,0.25,0,0.27693,0.142857,1
5771,97102,1,0,2819,0,0,0,0.25,0,0.268123,0.142857,1
5772,97102,1,0,2819,0,0,0,0.25,0,0.271148,0.142857,1
5773,97102,0,1,2819,0,0,0,0.25,0,0.281306,0.142857,1
5774,97103,0,0,2819,0,1,0,0.25,0,0.292945,0.142857,1
5775,97102,0,0,2819,0,0,0,0.25,0,0.292174,0.142857,1
5776,97102,0,0,2819,0,0,0,0.25,0,0.283877,0.142857,1
5777,97100,0,0,2819,0,0,0,0.25,0,0.286518,0.142857,1
5778,97098,0,0,2819,0,0,0,0.25,0,0.284598,0.142857,1
5779,97094,0,0,2819,0,0,0,0.25,0,0.263142,0.142857,1
5780,97097,0,0,2819,0,0,0,0.25,0,0.280901,0.142857,1
5781,97095,1,0,2819,0,0,0,0.25,0,0.269696,0.142857,1
5782,97094,1,0,2819,0,0,0,0.25,0,0.275538,0.142857,1
5783,97090,2,0,2819,0,0,0,0.25,0,0.284623,0.142857,1
5784,97098,2,0,2819,0,0,0,0.25,0,0.278074,0.142857,1
5785,97095,2,0,2819,0,0,0,0.25,0,0.255812,0.142857,1
5786,97095,2,0,2819,0,0,0,0.25,0,0.252295,0.142857,1
5787,97097,1,0,2820,0,1,1,0.25,0,0.256842,0.142857,1
5788,97097,1,0,2820,0,0,0,0.25,0,0.263863,0.142857,1
5789,97099,0,1,2820,0,0,0,0.25,0,0.266128,0.142857,1
5790,97099,0,1,2820,0,0,0,0.25,0,0.269496,0.142857,1
5791,97101,0,1,2820,0,0,0,0.25,0,0.258153,0.142857,1
5792,97104,0,1,2819,0,0,0,0.25,0,0.27132,0.142857,1
5793,97111,0,1,2818,0,0,0,0.25,0,0.261985,0.142857,1
5794,97109,0,1,2818,0,0,0,0.25,0,0.266286,0.142857,1
5795,97106,0,1,2818,0,0,0,0.25,0,0.261146,0.142857,1
5796,97102,1,1,2818,0,0,0,0.25,0,0.26153,0.142857,1
5797,97100,1,0,2819,0,1,1,0.25,0,0.257003,0.142857,1
5798,97095,1,0,2819,0,0,0,0.25,0,0.261379,0.142857,1
5799,97094,1,0,2818,0,0,0,0.25,0,0.270539,0.142857,1
5800,97095,1,0,2818,0,0,0,0.25,0,0.272861,0.142857,1
5801,97094,2,0,2818,0,0,0,0.25,0,0.274971,0.142857,1
5802,97096,2,0,2818,0,0,0,0.25,0,0.276003,0.142857,1
5803,97099,2,0,2818,0,0,0,0.25,0,0.274411,0.142857,1
5804,97097,2,0,2818,0,0,0,0.25,0,0.278742,0.142857,1
5805,97100,2,0,2818,0,0,0,0.25,0,0.274574,0.142857,1
5806,97096,2,0,2818,0,0,0,0.25,0,0.281156,0.142857,1
5807,97092,3,0,2818,0,0,0,0.25,0,0.28114,0.142857,1
5808,97092,2,1,2818,0,0,0,0.25,0,0.276301,0.142857,1
5809,97094,1,2,2818,0,0,0,0.25,0,0.282749,0.142857,1
5810,97093,1,2,2818,0,0,0,0.25,0,0.286063,0.142857,1
5811,97093,1,2,2818,0,0,0,0.25,0,0.280476,0.142857,1
5812,97092,1,1,2819,0,1,0,0.25,0,0.284047,0.142857,1
5813,97091,1,1,2819,0,0,0,0.25,0,0.28749,0.142857,1
5814,97090,1,1,2819,0,0,0,0.25,0,0.283413,0.142857,1
5815,97090,2,0,2820,0,1,0,0.25,0,0.277157,0.142857,1
5816,97087,3,0,2820,0,0,0,0.25,0,0.273003,0.142857,1
5817,97083,2,1,2820,0,0,0,0.25,0,0.265816,0.142857,1
5818,97085,2,1,2820,0,0,0,0.25,0,0.248311,0.142857,1
5819,97084,2,1,2820,0,0,0,0.25,0,0.252098,0.142857,1
5820,97085,3,1,2820,0,0,0,0.25,0,0.263531,0.142857,1
5821,97086,3,1,2820,0,0,0,0.25,0,0.268065,0.142857,1
5822,97081,3,1,2820,0,0,0,0.25,0,0.264763,0.142857,1
5823,97081,3,1,2820,0,0,0,0.25,0,0.26429,0.142857,1
5824,97079,2,3,2819,0,0,0,0.25,0,0.263063,0.142857,1
5825,97081,2,2,2820,0,1,0,0.25,0,0.254001,0.142857,1
5826,97080,1,2,2821,0,1,1,0.25,0,0.25686,0.142857,1
5827,97083,1,2,2821,0,0,0,0.25,0,0.249481,0.142857,1
5828,97086,2,2,2821,0,0,0,0.25,0,0.232761,0.142857,1
5829,97087,1,2,2822,0,1,0,0.25,0,0.228671,0.142857,1
5830,97090,2,2,2821,0,0,0,0.25,0,0.228107,0.142857,1
5831,97086,3,2,2821,0,0,0,0.25,0,0.23076,0.142857,1
5832,97084,2,3,2821,0,0,0,0.25,0,0.226057,0.142857,1
5833,97082,2,3,2820,0,0,0,0.25,0,0.23072,0.142857,1
5834,97081,3,2,2820,0,1,1,0.25,0,0.225776,0.142857,1
5835,97080,3,2,2819,0,0,0,0.25,0,0.223616,0.142857,1
5836,97083,3,2,2819,0,0,0,0.25,0,0.228116,0.142857,1
5837,97086,3,2,2819,0,0,0,0.25,0,0.21988,0.142857,1
5838,97087,3,2,2819,0,0,0,0.25,0,0.222684,0.142857,1
5839,97085,3,2,2819,0,0,0,0.25,0,0.228313,0.142857,1
5840,97087,3,2,2819,0,0,0,0.25,0,0.240299,0.142857,1
5841,97091,4,2,2819,0,0,0,0.25,0,0.247432,0.142857,1
5842,97087,4,1,2820,0,1,0,0.25,0,0.259279,0.142857,1
5843,97081,5,0,2820,0,1,0,0.25,0,0.267658,0.142857,1
5844,97077,5,1,2819,0,0,0,0.25,0,0.268809,0.142857,1
5845,97078,4,2,2819,0,0,0,0.25,0,0.261241,0.142857,1
5846,97082,2,3,2820,0,1,0,0.25,0,0.263759,0.142857,1
5847,97080,2,4,2820,0,0,0,0.25,0,0.261105,0.142857,1
5848,97076,2,3,2821,0,1,0,0.25,0,0.26188,0.142857,1
5849,97083,2,0,2823,0,3,5,0.25,0,0.260152,0.142857,1
5850,97085,2,0,2823,0,0,0,0.25,0,0.24399,0.142857,1
5851,97088,2,1,2823,0,0,0,0.25,0,0.239913,0.142857,1
5852,97082,2,1,2823,0,0,0,0.25,0,0.2503,0.142857,1
5853,97085,2,0,2824,0,1,0,0.25,0,0.250114,0.142857,1
5854,97084,2,0,2824,0,0,0,0.25,0,0.252567,0.142857,1
5855,97084,2,0,2824,0,0,0,0.25,0,0.263242,0.142857,1
5856,97083,1,1,2824,0,0,0,0.25,0,0.260999,0.142857,1
5857,97081,1,1,2824,0,0,0,0.25,0,0.253794,0.142857,1
5858,97078,1,1,2824,0,0,0,0.25,0,0.251419,0.142857,1
5859,97081,1,1,2823,0,0,0,0.25,0,0.25805,0.142857,1
5860,97077,2,1,2823,0,0,0,0.25,0,0.276044,0.142857,1
5861,97080,1,2,2823,0,0,0,0.25,0,0.277269,0.142857,1
5862,97075,2,2,2823,0,0,0,0.25,0,0.273451,0.142857,1
5863,97074,2,2,2823,0,1,1,0.25,0,0.277522,0.142857,1
5864,97067,2,2,2823,0,0,0,0.25,0,0.284795,0.142857,1
5865,97067,2,2,2823,0,0,0,0.25,0,0.28034,0.142857,1
5866,97067,2,1,2824,0,1,0,0.25,0,0.278172,0.142857,1
5867,97069,2,0,2825,0,1,2,0.25,0,0.261487,0.142857,1
5868,97068,2,1,2825,0,0,0,0.25,0,0.261138,0.142857,1
5869,97067,2,1,2825,0,0,0,0.25,0,0.266084,0.142857,1
5870,97066,2,1,2825,0,0,0,0.25,0,0.263941,0.142857,1
5871,97074,2,1,2825,0,0,0,0.25,0,0.265939,0.142857,1
5872,97077,1,2,2825,0,0,0,0.25,0,0.280879,0.142857,1
5873,97075,1,3,2825,0,0,0,0.25,0,0.279874,0.142857,1
5874,97078,1,2,2826,0,1,0,0.25,0,0.292112,0.142857,1
5875,97076,1,2,2826,0,0,0,0.25,0,0.295716,0.142857,1
5876,97069,1,2,2826,0,0,0,0.25,0,0.299224,0.142857,1
5877,97072,1,2,2826,0,0,0,0.25,0,0.287718,0.142857,1
5878,97068,1,2,2826,0,0,0,0.25,0,0.282042,0.142857,1
5879,97063,1,2,2826,0,0,0,0.25,0,0.273216,0.142857,1
5880,97059,1,2,2826,0,0,0,0.25,0,0.278065,0.142857,1
5881,97059,1,2,2826,0,0,0,0.25,0,0.270724,0.142857,1
5882,97059,1,0,2828,0,2,0,0.25,0,0.271043,0.142857,1
5883,97059,1,0,2828,0,0,0,0.25,0,0.268163,0.142857,1
5884,97055,0,1,2828,0,0,0,0.25,0,0.27567,0.142857,1
5885,97053,0,1,2828,0,0,0,0.25,0,0.277342,0.142857,1
5886,97056,0,1,2828,0,0,0,0.25,0,0.273408,0.142857,1
5887,97055,0,0,2829,0,1,0,0.25,0,0.263736,0.142857,1
5888,97054,0,0,2829,0,0,0,0.25,0,0.26831,0.142857,1
5889,97058,0,0,2829,0,0,0,0.25,0,0.261172,0.142857,1
5890,97055,1,0,2829,0,0,0,0.25,0,0.266354,0.142857,1
5891,97056,0,1,2829,0,0,0,0.25,0,0.262408,0.142857,1
5892,97057,0,1,2828,0,0,0,0.25,0,0.26452,0.142857,1
5893,97059,0,1,2828,0,0,0,0.25,0,0.266176,0.142857,1
5894,97060,0,1,2827,0,0,0,0.25,0,0.269982,0.142857,1
5895,97061,0,1,2827,0,0,0,0.25,0,0.260357,0.142857,1
5896,97063,0,1,2826,0,0,0,0.25,0,0.24612,0.142857,1
5897,97061,0,1,2826,0,0,0,0.25,0,0.254998,0.142857,1
5898,97062,0,0,2827,0,1,0,0.25,0,0.247951,0.142857,1
5899,97063,0,0,2827,0,0,0,0.25,0,0.255683,0.142857,1
5900,97058,1,0,2827,0,0,0,0.25,0,0.248632,0.142857,1
5901,97052,1,0,2826,0,0,0,0.25,0,0.246012,0.142857,1
5902,97048,3,0,2825,0,0,0,0.25,0,0.25218,0.142857,1
5903,97041,2,1,2825,0,0,0,0.25,0,0.259469,0.142857,1
5904,97040,2,1,2825,0,0,0,0.25,0,0.249235,0.142857,1
5905,97040,2,1,2825,0,0,0,0.25,0,0.251144,0.142857,1
5906,97035,2,1,2825,0,0,0,0.25,0,0.243526,0.142857,1
5907,97034,2,0,2826,0,1,0,0.25,0,0.246331,0.142857,1
5908,97028,1,1,2826,0,0,0,0.25,0,0.241808,0.142857,1
5909,97026,1,1,2826,0,0,0,0.25,0,0.244313,0.142857,1
5910,97025,1,0,2827,0,1,1,0.25,0,0.234772,0.142857,1
5911,97025,0,1,2827,0,0,0,0.25,0,0.227775,0.142857,1
5912,97019,1,1,2827,0,0,0,0.25,0,0.23582,0.142857,1
5913,97019,1,1,2827,0,0,0,0.25,0,0.244577,0.142857,1
5914,97020,0,2,2826,0,0,0,0.25,0,0.236431,0.142857,1
5915,97024,0,2,2826,0,0,0,0.25,0,0.245244,0.142857,1
5916,97025,0,1,2827,0,1,0,0.25,0,0.233248,0.142857,1
5917,97026,0,1,2827,0,0,0,0.25,0,0.240785,0.142857,1
5918,97026,0,1,2827,0,0,0,0.25,0,0.234393,0.142857,1
5919,97028,0,1,2827,0,0,0,0.25,0,0.244871,0.142857,1
5920,97028,0,1,2827,0,0,0,0.25,0,0.249707,0.142857,1
5921,97026,0,1,2827,0,0,0,0.25,0,0.240509,0.142857,1
5922,97025,1,1,2827,0,0,0,0.25,0,0.234886,0.142857,1
5923,97020,3,1,2827,0,0,0,0.25,0,0.231668,0.142857,1
5924,97022,4,1,2827,0,0,0,0.25,0,0.230178,0.142857,1
5925,97022,4,1,2827,0,0,0,0.25,0,0.229285,0.142857,1
5926,97027,4,1,2827,0,0,0,0.25,0,0.242021,0.142857,1
5927,97026,5,0,2828,0,1,0,0.25,0,0.242282,0.142857,1
5928,97021,3,2,2828,0,0,0,0.25,0,0.246204,0.142857,1
5929,97020,3,2,2829,0,1,1,0.25,0,0.264151,0.142857,1
5930,97020,1,3,2830,0,1,0,0.25,0,0.268995,0.142857,1
5931,97018,1,2,2831,0,1,0,0.25,0,0.276566,0.142857,1
5932,97021,1,2,2831,0,0,0,0.25,0,0.271537,0.142857,1
5933,97021,2,2,2831,0,0,0,0.25,0,0.266725,0.142857,1
5934,97019,2,2,2831,0,0,0,0.25,0,0.263892,0.142857,1
5935,97019,2,1,2832,0,1,0,0.25,0,0.264459,0.142857,1
5936,97019,2,1,2832,0,0,0,0.25,0,0.268285,0.142857,1
5937,97020,2,1,2832,0,0,0,0.25,0,0.271731,0.142857,1
5938,97021,2,1,2832,0,0,0,0.25,0,0.268328,0.142857,1
5939,97022,1,2,2832,0,0,0,0.25,0,0.277897,0.142857,1
5940,97020,0,3,2831,0,0,0,0.25,0,0.307743,0.142857,1
5941,97018,1,2,2832,0,1,0,0.25,0,0.324318,0.142857,1
5942,97018,1,2,2832,0,0,0,0.25,0,0.31211,0.142857,1
5943,97017,1,2,2832,0,0,0,0.25,0,0.314674,0.142857,1
5944,97018,1,2,2832,0,0,0,0.25,0,0.312494,0.142857,1
5945,97018,1,2,2831,0,0,0,0.25,0,0.325937,0.142857,1
5946,97016,1,1,2831,0,1,0,0.25,0,0.318214,0.142857,1
5947,97016,1,1,2831,0,0,0,0.25,0,0.332617,0.142857,1
5948,97017,0,1,2832,0,1,1,0.25,0,0.317288,0.142857,1
5949,97016,0,1,2832,0,0,0,0.25,0,0.321154,0.142857,1
5950,97020,0,1,2832,0,0,0,0.25,0,0.327671,0.142857,1
5951,97017,0,1,2831,0,0,0,0.25,0,0.330654,0.142857,1
5952,97016,0,1,2830,0,0,0,0.25,0,0.32569,0.142857,1
5953,97017,0,1,2830,0,0,0,0.25,0,0.315209,0.142857,1
5954,97015,1,1,2829,0,0,0,0.25,0,0.310531,0.142857,1
5955,97018,1,0,2830,0,1,0,0.25,0,0.303811,0.142857,1
5956,97021,1,0,2830,0,0,0,0.25,0,0.315572,0.142857,1
5957,97025,0,1,2830,0,0,0,0.25,0,0.314919,0.142857,1
5958,97021,0,1,2830,0,0,0,0.25,0,0.328682,0.142857,1
5959,97018,1,1,2830,0,0,0,0.25,0,0.328576,0.142857,1
5960,97014,1,1,2830,0,0,0,0.25,0,0.317277,0.142857,1
5961,97012,3,1,2829,0,0,0,0.25,0,0.30259,0.142857,1
5962,97011,3,1,2829,0,0,0,0.25,0,0.288858,0.142857,1
5963,97010,3,0,2830,0,1,1,0.25,0,0.289303,0.142857,1
5964,97009,2,1,2829,0,0,0,0.25,0,0.290512,0.142857,1
5965,97010,2,0,2830,0,1,0,0.25,0,0.298344,0.142857,1
5966,97005,2,0,2830,0,0,0,0.25,0,0.294904,0.142857,1
5967,97004,2,0,2830,0,0,0,0.25,0,0.287341,0.142857,1
5968,97005,2,1,2830,0,0,0,0.25,0,0.284983,0.142857,1
5969,97006,2,1,2830,0,0,0,0.25,0,0.296063,0.142857,1
5970,97003,3,2,2830,0,0,0,0.25,0,0.300057,0.142857,1
5971,97005,4,1,2831,0,1,0,0.25,0,0.310934,0.142857,1
5972,97001,3,2,2831,0,0,0,0.25,0,0.309191,0.142857,1
5973,97002,3,2,2831,0,0,0,0.25,0,0.295337,0.142857,1
5974,97001,4,2,2831,0,0,0,0.25,0,0.296677,0.142857,1
5975,97000,4,1,2832,0,1,1,0.25,0,0.282605,0.142857,1
5976,96999,4,0,2833,0,1,0,0.25,0,0.307431,0.142857,1
5977,97000,3,1,2833,0,0,0,0.25,0,0.309597,0.142857,1
5978,97000,3,1,2833,0,0,0,0.25,0,0.31699,0.142857,1
5979,96995,2,2,2833,0,0,0,0.25,0,0.307068,0.142857,1
5980,96996,2,1,2834,0,1,1,0.25,0,0.301425,0.142857,1
5981,96994,4,2,2834,0,0,0,0.25,0,0.299988,0.142857,1
5982,96995,4,2,2834,0,0,0,0.25,0,0.301608,0.142857,1
5983,96993,4,1,2835,0,1,1,0.25,0,0.3031,0.142857,1
5984,96992,5,1,2835,0,0,0,0.25,0,0.309377,0.142857,1
5985,96994,3,2,2836,0,1,0,0.25,0,0.305479,0.142857,1
5986,96992,3,2,2836,0,0,0,0.25,0,0.300094,0.142857,1
5987,96989,3,1,2837,0,1,1,0.25,0,0.299573,0.142857,1
5988,96992,3,1,2837,0,0,0,0.25,0,0.306638,0.142857,1
5989,96995,2,2,2837,0,0,0,0.25,0,0.307015,0.142857,1
5990,97001,2,2,2837,0,0,0,0.25,0,0.292189,0.142857,1
5991,97000,3,3,2837,0,0,0,0.25,0,0.288989,0.142857,1
5992,97000,3,3,2837,0,0,0,0.25,0,0.293738,0.142857,1
5993,97000,3,3,2837,0,0,0,0.25,0,0.303793,0.142857,1
5994,97000,3,2,2838,0,1,0,0.25,0,0.312042,0.142857,1
5995,97003,3,1,2839,0,1,0,0.25,0,0.302178,0.142857,1
5996,97003,2,2,2839,0,0,0,0.25,0,0.3037,0.142857,1
5997,97002,2,2,2839,0,0,0,0.25,0,0.30153,0.142857,1
5998,97003,2,1,2840,0,1,0,0.25,0,0.310104,0.142857,1
5999,97005,2,0,2841,0,1,0,0.25,0,0.307096,0.142857,1
6000,97009,2,0,2841,0,0,0,0.25,0,0.300644,0.142857,1
6001,97010,2,1,2841,0,0,0,0.25,0,0.288772,0.142857,1
6002,97007,1,2,2841,0,0,0,0.25,0,0.296679,0.142857,1
6003,97004,0,3,2841,0,0,0,0.25,0,0.296244,0.142857,1
6004,97000,0,3,2841,0,0,0,0.25,0,0.286721,0.142857,1
6005,97004,0,3,2841,0,0,0,0.25,0,0.275263,0.142857,1
6006,97006,1,3,2841,0,0,0,0.25,0,0.272826,0.142857,1
6007,97008,1,1,2843,0,2,1,0.25,0,0.275808,0.142857,1
6008,97007,1,1,2843,0,0,0,0.25,0,0.250874,0.142857,1
6009,97007,1,1,2843,0,0,0,0.25,0,0.264125,0.142857,1
6010,97002,1,1,2843,0,0,0,0.25,0,0.269921,0.142857,1
6011,97003,1,1,2843,0,0,0,0.25,0,0.262707,0.142857,1
6012,97008,1,1,2842,0,0,0,0.25,0,0.281665,0.142857,1
6013,97007,1,0,2843,0,1,0,0.25,0,0.266402,0.142857,1
6014,97005,1,0,2843,0,0,0,0.25,0,0.249765,0.142857,1
6015,96999,1,0,2842,0,0,0,0.25,0,0.259268,0.142857,1
6016,96998,0,1,2842,0,0,0,0.25,0,0.26166,0.142857,1
6017,96997,0,0,2843,0,1,0,0.25,0,0.250082,0.142857,1
6018,96998,0,0,2842,0,0,0,0.25,0,0.251718,0.142857,1
6019,96996,0,0,2842,0,0,0,0.25,0,0.254127,0.142857,1
6020,96997,0,0,2842,0,0,0,0.25,0,0.261679,0.142857,1
6021,96998,0,0,2841,0,0,0,0.25,0,0.238608,0.142857,1
6022,96998,0,0,2840,0,0,0,0.25,0,0.251098,0.142857,1
6023,96999,0,0,2840,0,0,0,0.25,0,0.245004,0.142857,1
6024,97001,0,0,2840,0,0,0,0.25,0,0.232632,0.142857,1
6025,97008,0,0,2840,0,0,0,0.25,0,0.2467,0.142857,1
6026,97009,0,0,2840,0,0,0,0.25,0,0.248858,0.142857,1
6027,97002,0,0,2840,0,0,0,0.25,0,0.236303,0.142857,1
6028,96999,1,0,2840,0,0,0,0.25,0,0.252492,0.142857,1
6029,96996,0,1,2840,0,0,0,0.25,0,0.249733,0.142857,1
6030,97001,0,0,2841,0,1,0,0.25,0,0.261722,0.142857,1
6031,97003,0,0,2841,0,0,0,0.25,0,0.264842,0.142857,1
6032,96999,0,0,2841,0,0,0,0.25,0,0.27213,0.142857,1
6033,96999,0,0,2841,0,0,0,0.25,0,0.265923,0.142857,1
6034,96997,0,0,2841,0,0,0,0.25,0,0.261462,0.142857,1
6035,96995,0,0,2841,0,0,0,0.25,0,0.262109,0.142857,1
6036,96999,0,0,2841,0,0,0,0.25,0,0.269254,0.142857,1
6037,96998,1,0,2841,0,0,0,0.25,0,0.273943,0.142857,1
6038,96995,1,0,2841,0,0,0,0.25,0,0.285696,0.142857,1
6039,96991,1,0,2841,0,0,0,0.25,0,0.286613,0.142857,1
6040,96993,0,1,2840,0,0,0,0.25,0,0.291981,0.142857,1
6041,96990,1,1,2840,0,0,0,0.25,0,0.276213,0.142857,1
6042,96988,1,1,2839,0,0,0,0.25,0,0.294239,0.142857,1
6043,96984,2,1,2839,0,0,0,0.25,0,0.289838,0.142857,1
6044,96985,0,3,2839,0,0,0,0.25,0,0.286857,0.142857,1
6045,96983,0,3,2839,0,0,0,0.25,0,0.288092,0.142857,1
6046,96983,0,2,2840,0,1,0,0.25,0,0.291673,0.142857,1
6047,96978,1,2,2840,0,0,0,0.25,0,0.286379,0.142857,1
6048,96977,2,1,2841,0,1,0,0.25,0,0.297335,0.142857,1
6049,96976,1,2,2841,0,0,0,0.25,0,0.289275,0.142857,1
6050,96974,1,2,2841,0,0,0,0.25,0,0.26164,0.142857,1
6051,96971,1,2,2841,0,0,0,0.25,0,0.252717,0.142857,1
6052,96975,2,3,2841,0,0,0,0.25,0,0.247424,0.142857,1
6053,96972,2,2,2842,0,1,0,0.25,0,0.241896,0.142857,1
6054,96970,3,1,2843,0,1,0,0.25,0,0.251489,0.142857,1
6055,96970,3,0,2843,0,1,0,0.25,0,0.252503,0.142857,1
6056,96973,2,1,2843,0,0,0,0.25,0,0.251256,0.142857,1
6057,96978,2,1,2843,0,0,0,0.25,0,0.250656,0.142857,1
6058,96980,2,1,2843,0,0,0,0.25,0,0.255177,0.142857,1
6059,96980,2,1,2843,0,0,0,0.25,0,0.245675,0.142857,1
6060,96978,2,2,2843,0,0,0,0.25,0,0.244856,0.142857,1
6061,96979,2,2,2843,0,0,0,0.25,0,0.246851,0.142857,1
6062,96979,2,2,2843,0,0,0,0.25,0,0.252556,0.142857,1
6063,96981,2,2,2843,0,0,0,0.25,0,0.256531,0.142857,1
6064,96977,2,2,2843,0,0,0,0.25,0,0.267799,0.142857,1
6065,96975,4,1,2844,0,1,0,0.25,0,0.269027,0.142857,1
6066,96972,3,2,2844,0,0,0,0.25,0,0.262854,0.142857,1
6067,96973,3,2,2844,0,0,0,0.25,0,0.255059,0.142857,1
6068,96976,3,1,2845,0,1,1,0.25,0,0.260339,0.142857,1
6069,96972,3,1,2845,0,0,0,0.25,0,0.259885,0.142857,1
6070,96974,2,2,2845,0,0,0,0.25,0,0.262556,0.142857,1
6071,96977,3,4,2845,0,0,0,0.25,0,0.258758,0.142857,1
6072,96972,4,3,2846,0,1,0,0.25,0,0.251505,0.142857,1
6073,96975,3,3,2847,0,1,0,0.25,0,0.25568,0.142857,1
6074,96980,2,4,2847,0,0,0,0.25,0,0.268465,0.142857,1
6075,96982,2,3,2848,0,1,0,0.25,0,0.268641,0.142857,1
6076,96980,2,3,2848,0,0,0,0.25,0,0.274233,0.142857,1
6077,96980,2,2,2849,0,1,0,0.25,0,0.281727,0.142857,1
6078,96984,1,3,2849,0,0,0,0.25,0,0.290887,0.142857,1
6079,96983,1,3,2848,0,0,0,0.25,0,0.311603,0.142857,1
6080,96982,0,3,2849,0,1,0,0.25,0,0.329609,0.142857,1
6081,96982,0,1,2851,0,2,0,0.25,0,0.324019,0.142857,1
6082,96984,0,0,2851,0,1,0,0.25,0,0.310322,0.142857,1
6083,96983,0,0,2851,0,0,0,0.25,0,0.321756,0.142857,1
6084,96982,1,0,2851,0,0,0,0.25,0,0.329303,0.142857,1
6085,96984,0,1,2851,0,0,0,0.25,0,0.314242,0.142857,1
6086,96985,0,1,2851,0,0,0,0.25,0,0.316672,0.142857,1
6087,96985,0,1,2851,0,0,0,0.25,0,0.332262,0.142857,1
6088,96983,0,1,2851,0,0,0,0.25,0,0.322506,0.142857,1
6089,96982,0,1,2850,0,0,0,0.25,0,0.323862,0.142857,1
6090,96983,0,1,2850,0,0,0,0.25,0,0.318508,0.142857,1
6091,96987,1,1,2850,0,0,0,0.25,0,0.325774,0.142857,1
6092,96988,1,1,2850,0,0,0,0.25,0,0.33359,0.142857,1
6093,96986,0,2,2850,0,0,0,0.25,0,0.322674,0.142857,1
6094,96984,0,1,2851,0,1,0,0.25,0,0.335288,0.142857,1
6095,96984,0,1,2851,0,0,0,0.25,0,0.317862,0.142857,1
6096,96983,1,1,2851,0,0,0,0.25,0,0.317644,0.142857,1
6097,96978,1,1,2851,0,0,0,0.25,0,0.307756,0.142857,1
6098,96977,1,1,2851,0,0,0,0.25,0,0.314633,0.142857,1
6099,96976,1,1,2851,0,0,0,0.25,0,0.3146,0.142857,1
6100,96977,1,1,2851,0,0,0,0.25,0,0.310099,0.142857,1
6101,96977,1,0,2852,0,1,0,0.25,0,0.295718,0.142857,1
6102,96974,0,0,2852,0,1,0,0.25,0,0.296369,0.142857,1
6103,96972,1,0,2852,0,0,0,0.25,0,0.299118,0.142857,1
6104,96969,1,0,2852,0,0,0,0.25,0,0.298696,0.142857,1
6105,96969,1,0,2852,0,0,0,0.25,0,0.311897,0.142857,1
6106,96970,1,0,2851,0,0,0,0.25,0,0.310986,0.142857,1
6107,96971,2,0,2851,0,0,0,0.25,0,0.317282,0.142857,1
6108,96973,2,0,2851,0,0,0,0.25,0,0.316061,0.142857,1
6109,96972,2,0,2851,0,0,0,0.25,0,0.313922,0.142857,1
6110,96973,2,0,2851,0,0,0,0.25,0,0.329203,0.142857,1
6111,96969,2,0,2851,0,0,0,0.25,0,0.31801,0.142857,1
6112,96968,1,1,2851,0,0,0,0.25,0,0.331928,0.142857,1
6113,96968,1,1,2851,0,0,0,0.25,0,0.335329,0.142857,1
6114,96967,1,1,2851,0,0,0,0.25,0,0.327269,0.142857,1
6115,96969,1,0,2852,0,1,0,0.25,0,0.319225,0.142857,1
6116,96968,0,1,2852,0,0,0,0.25,0,0.319644,0.142857,1
6117,96965,0,1,2852,0,0,0,0.25,0,0.318131,0.142857,1
6118,96962,1,1,2852,0,0,0,0.25,0,0.31225,0.142857,1
6119,96961,1,1,2852,0,0,0,0.25,0,0.306572,0.142857,1
6120,96955,2,1,2852,0,0,0,0.25,0,0.30613,0.142857,1
6121,96956,3,1,2852,0,0,0,0.25,0,0.296014,0.142857,1
6122,96957,4,1,2852,0,0,0,0.25,0,0.308152,0.142857,1
6123,96954,4,0,2853,0,1,0,0.25,0,0.308844,0.142857,1
6124,96954,3,1,2853,0,0,0,0.25,0,0.304991,0.142857,1
6125,96951,4,1,2853,0,0,0,0.25,0,0.291842,0.142857,1
6126,96953,4,2,2853,0,0,0,0.25,0,0.292234,0.142857,1
6127,96952,2,3,2854,0,1,1,0.25,0,0.297746,0.142857,1
6128,96948,3,3,2854,0,0,0,0.25,0,0.293641,0.142857,1
6129,96944,1,4,2855,0,1,0,0.25,0,0.298909,0.142857,1
6130,96945,2,2,2857,0,2,1,0.25,0,0.305482,0.142857,1
6131,96948,2,2,2857,0,0,0,0.25,0,0.309386,0.142857,1
6132,96941,2,2,2857,0,0,0,0.25,0,0.306173,0.142857,1
6133,96944,2,2,2857,0,0,0,0.25,0,0.31364,0.142857,1
6134,96939,1,3,2857,0,0,0,0.25,0,0.306943,0.142857,1
6135,96941,0,4,2857,0,0,0,0.25,0,0.30654,0.142857,1
6136,96946,0,3,2856,0,1,0,0.25,0,0.307619,0.142857,1
6137,96947,0,1,2858,0,2,0,0.25,0,0.308313,0.142857,1
6138,96947,0,1,2858,0,0,0,0.25,0,0.301354,0.142857,1
6139,96949,0,1,2858,0,0,0,0.25,0,0.306039,0.142857,1
6140,96953,1,1,2858,0,0,0,0.25,0,0.297514,0.142857,1
6141,96960,1,1,2858,0,0,0,0.25,0,0.290529,0.142857,1
6142,96959,1,0,2859,0,1,0,0.25,0,0.287992,0.142857,1
6143,96960,1,0,2859,0,0,0,0.25,0,0.28983,0.142857,1
6144,96958,0,1,2859,0,0,0,0.25,0,0.305999,0.142857,1
6145,96960,1,1,2859,0,0,0,0.25,0,0.307947,0.142857,1
6146,96961,3,1,2859,0,0,0,0.25,0,0.302683,0.142857,1
6147,96958,3,1,2859,0,0,0,0.25,0,0.301389,0.142857,1
6148,96961,2,1,2859,0,1,0,0.25,0,0.295802,0.142857,1
6149,96959,2,0,2860,0,1,0,0.25,0,0.297755,0.142857,1
6150,96959,2,0,2860,0,0,0,0.25,0,0.306683,0.142857,1
6151,96959,2,0,2860,0,0,0,0.25,0,0.290556,0.142857,1
6152,96959,1,1,2860,0,0,0,0.25,0,0.299777,0.142857,1
6153,96961,1,1,2860,0,0,0,0.25,0,0.303506,0.142857,1
6154,96956,1,0,2860,0,1,0,0.25,0,0.304357,0.142857,1
6155,96959,2,0,2860,0,0,0,0.25,0,0.30028,0.142857,1
6156,96956,2,1,2859,0,0,0,0.25,0,0.300059,0.142857,1
6157,96958,2,1,2859,0,0,0,0.25,0,0.30621,0.142857,1
6158,96957,3,1,2858,0,0,0,0.25,0,0.298464,0.142857,1
6159,96958,3,1,2858,0,0,0,0.25,0,0.294853,0.142857,1
6160,96957,3,1,2858,0,0,0,0.25,0,0.29811,0.142857,1
6161,96957,3,1,2857,0,0,0,0.25,0,0.305387,0.142857,1
6162,96953,3,0,2858,0,1,0,0.25,0,0.301362,0.142857,1
6163,96955,3,0,2857,0,0,0,0.25,0,0.319758,0.142857,1
6164,96952,3,0,2857,0,0,0,0.25,0,0.316195,0.142857,1
6165,96955,2,1,2857,0,0,0,0.25,0,0.314633,0.142857,1
6166,96953,2,0,2858,0,1,0,0.25,0,0.316075,0.142857,1
6167,96951,2,0,2858,0,0,0,0.25,0,0.317842,0.142857,1
6168,96945,2,1,2858,0,0,0,0.25,0,0.315497,0.142857,1
6169,96944,2,0,2859,0,1,0,0.25,0,0.318931,0.142857,1
6170,96948,2,0,2859,0,0,0,0.25,0,0.307209,0.142857,1
6171,96951,2,0,2859,0,0,0,0.25,0,0.315898,0.142857,1
6172,96953,2,0,2859,0,0,0,0.25,0,0.330574,0.142857,1
6173,96955,2,0,2858,0,0,0,0.25,0,0.336167,0.142857,1
6174,96957,2,0,2858,0,0,0,0.25,0,0.340555,0.142857,1
6175,96957,3,0,2858,0,0,0,0.25,0,0.344197,0.142857,1
6176,96961,3,0,2858,0,0,0,0.25,0,0.347977,0.142857,1
6177,96963,3,0,2858,0,0,0,0.25,0,0.349576,0.142857,1
6178,96958,3,0,2858,0,0,0,0.25,0,0.37389,0.142857,1
6179,96958,3,0,2858,0,0,0,0.25,0,0.368175,0.142857,1
6180,96958,3,0,2858,0,0,0,0.25,0,0.361475,0.142857,1
6181,96957,4,1,2858,0,0,0,0.25,0,0.361097,0.142857,1
6182,96960,4,1,2858,0,0,0,0.25,0,0.375511,0.142857,1
6183,96959,4,1,2858,0,0,0,0.25,0,0.38707,0.142857,1
6184,96959,3,1,2859,0,1,0,0.25,0,0.40691,0.142857,1
6185,96961,4,1,2859,0,0,0,0.25,0,0.416184,0.142857,1
6186,96962,3,2,2859,0,0,0,0.25,0,0.423459,0.142857,1
6187,96963,3,1,2860,0,1,0,0.25,0,0.431057,0.142857,1
6188,96962,4,1,2860,0,0,0,0.25,0,0.43332,0.142857,1
6189,96960,3,1,2861,0,1,1,0.25,0,0.453042,0.142857,1
6190,96962,2,2,2861,0,0,0,0.25,0,0.449223,0.142857,1
6191,96960,2,1,2862,0,1,2,0.25,0,0.449834,0.142857,1
6192,96956,4,1,2862,0,0,0,0.25,0,0.457091,0.142857,1
6193,96956,5,1,2862,0,0,0,0.25,0,0.463909,0.142857,1
6194,96958,5,1,2861,0,0,0,0.25,0,0.465681,0.142857,1
6195,96962,5,1,2861,0,0,0,0.25,0,0.477685,0.142857,1
6196,96964,4,2,2861,0,0,0,0.25,0,0.492115,0.142857,1
6197,96959,3,3,2861,0,0,0,0.25,0,0.485246,0.142857,1
6198,96957,2,4,2861,0,0,0,0.25,0,0.483815,0.142857,1
6199,96959,2,4,2861,0,0,0,0.25,0,0.468965,0.142857,1
6200,96956,2,4,2861,0,0,0,0.25,0,0.471172,0.142857,1
6201,96957,2,3,2862,0,1,0,0.25,0,0.483261,0.142857,1
6202,96957,2,1,2864,0,2,0,0.25,0,0.476865,0.142857,1
6203,96961,2,1,2862,0,0,0,0.25,0,0.474532,0.142857,1
6204,96965,2,1,2862,0,0,0,0.25,0,0.47889,0.142857,1
6205,96967,3,0,2863,0,1,0,0.25,0,0.484137,0.142857,1
6206,96961,4,0,2863,0,0,0,0.25,0,0.47143,0.142857,1
6207,96960,4,1,2863,0,0,0,0.25,0,0.456566,0.142857,1
6208,96962,4,1,2863,0,0,0,0.25,0,0.475468,0.142857,1
6209,96953,3,2,2863,0,0,0,0.25,0,0.466786,0.142857,1
6210,96955,3,2,2863,0,0,0,0.25,0,0.483826,0.142857,1
6211,96958,3,1,2864,0,1,0,0.25,0,0.477659,0.142857,1
6212,96954,2,2,2864,0,0,0,0.25,0,0.473544,0.142857,1
6213,96955,2,0,2866,0,2,0,0.25,0,0.484349,0.142857,1
6214,96953,2,0,2866,0,0,0,0.25,0,0.487202,0.142857,1
6215,96954,2,0,2866,0,0,0,0.25,0,0.496057,0.142857,1
6216,96954,2,0,2866,0,0,0,0.25,0,0.498819,0.142857,1
6217,96952,2,0,2866,0,0,0,0.25,0,0.494024,0.142857,1
6218,96949,3,0,2866,0,0,0,0.25,0,0.49549,0.142857,1
6219,96943,3,1,2866,0,0,0,0.25,0,0.501162,0.142857,1
6220,96942,3,0,2867,0,1,0,0.25,0,0.483293,0.142857,1
6221,96942,2,1,2865,0,0,0,0.25,0,0.493218,0.142857,1
6222,96942,2,1,2865,0,0,0,0.25,0,0.498732,0.142857,1
6223,96946,2,1,2865,0,0,0,0.25,0,0.496026,0.142857,1
6224,96946,2,1,2865,0,0,0,0.25,0,0.496143,0.142857,1
6225,96943,3,1,2865,0,0,0,0.25,0,0.497163,0.142857,1
6226,96939,4,1,2865,0,0,0,0.25,0,0.491528,0.142857,1
6227,96943,4,1,2865,0,0,0,0.25,0,0.503618,0.142857,1
6228,96943,2,3,2864,0,0,0,0.25,0,0.487107,0.142857,1
6229,96940,3,2,2865,0,1,0,0.25,0,0.489521,0.142857,1
6230,96934,4,2,2865,0,0,0,0.25,0,0.477626,0.142857,1
6231,96934,5,2,2865,0,0,0,0.25,0,0.485246,0.142857,1
6232,96933,6,2,2865,0,0,0,0.25,0,0.476445,0.142857,1
6233,96929,8,2,2865,0,0,0,0.25,0,0.473961,0.142857,1
6234,96929,6,4,2865,0,0,0,0.25,0,0.477087,0.142857,1
6235,96925,6,2,2867,0,2,5,0.25,0,0.483355,0.142857,1
6236,96924,6,1,2868,0,1,0,0.25,0,0.472698,0.142857,1
6237,96922,5,1,2869,0,1,1,0.25,0,0.474362,0.142857,1
6238,96922,5,0,2870,0,1,0,0.25,0,0.470714,0.142857,1
6239,96920,3,2,2870,0,0,0,0.25,0,0.466503,0.142857,1
6240,96919,3,2,2870,0,0,0,0.25,0,0.465648,0.142857,1
6241,96913,4,1,2871,0,1,1,0.25,0,0.467342,0.142857,1
6242,96916,4,1,2871,0,0,0,0.25,0,0.467361,0.142857,1
6243,96923,4,1,2871,0,0,0,0.25,0,0.458761,0.142857,1
6244,96922,4,1,2871,0,0,0,0.25,0,0.452068,0.142857,1
6245,96926,4,1,2871,0,0,0,0.25,0,0.444758,0.142857,1
6246,96925,3,1,2872,0,1,0,0.25,0,0.46318,0.142857,1
6247,96925,2,2,2872,0,0,0,0.25,0,0.475368,0.142857,1
6248,96930,2,2,2872,0,0,0,0.25,0,0.477787,0.142857,1
6249,96931,2,3,2872,0,0,0,0.25,0,0.494489,0.142857,1
6250,96929,3,1,2873,0,2,1,0.25,0,0.495819,0.142857,1
6251,96927,3,1,2873,0,0,0,0.25,0,0.49155,0.142857,1
6252,96924,5,1,2873,0,0,0,0.25,0,0.484165,0.142857,1
6253,96931,5,1,2872,0,0,0,0.25,0,0.490501,0.142857,1
6254,96932,3,3,2872,0,0,0,0.25,0,0.485102,0.142857,1
6255,96931,2,4,2872,0,0,0,0.25,0,0.471144,0.142857,1
6256,96929,3,3,2872,0,1,0,0.25,0,0.491088,0.142857,1
6257,96930,2,3,2873,0,1,0,0.25,0,0.485148,0.142857,1
6258,96928,2,1,2875,0,2,1,0.25,0,0.492387,0.142857,1
6259,96926,2,1,2875,0,0,0,0.25,0,0.4745,0.142857,1
6260,96928,1,2,2875,0,0,0,0.25,0,0.470825,0.142857,1
6261,96925,1,1,2876,0,1,2,0.25,0,0.462678,0.142857,1
6262,96922,1,1,2876,0,0,0,0.25,0,0.472362,0.142857,1
6263,96923,1,1,2875,0,0,0,0.25,0,0.479555,0.142857,1
6264,96922,1,1,2875,0,0,0,0.25,0,0.482592,0.142857,1
6265,96923,1,1,2875,0,0,0,0.25,0,0.504333,0.142857,1
6266,96920,1,1,2875,0,0,0,0.25,0,0.506203,0.142857,1
6267,96923,1,0,2876,0,1,0,0.25,0,0.50577,0.142857,1
6268,96925,1,0,2876,0,0,0,0.25,0,0.507236,0.142857,1
6269,96926,1,0,2876,0,0,0,0.25,0,0.502009,0.142857,1
6270,96926,1,0,2876,0,0,0,0.25,0,0.508442,0.142857,1
6271,96922,1,0,2876,0,0,0,0.25,0,0.496924,0.142857,1
6272,96915,2,0,2875,0,0,0,0.25,0,0.498129,0.142857,1
6273,96915,2,0,2875,0,0,0,0.25,0,0.484665,0.142857,1
6274,96917,2,0,2875,0,0,0,0.25,0,0.484742,0.142857,1
6275,96918,2,0,2875,0,0,0,0.25,0,0.498955,0.142857,1
6276,96918,2,0,2875,0,0,0,0.25,0,0.492925,0.142857,1
6277,96917,2,0,2875,0,0,0,0.25,0,0.490363,0.142857,1
6278,96915,2,0,2875,0,0,0,0.25,0,0.502858,0.142857,1
6279,96914,2,0,2875,0,0,0,0.25,0,0.502344,0.142857,1
6280,96911,2,0,2875,0,0,0,0.25,0,0.486094,0.142857,1
6281,96910,2,0,2875,0,0,0,0.25,0,0.491469,0.142857,1
6282,96911,2,0,2875,0,0,0,0.25,0,0.47355,0.142857,1
6283,96916,2,0,2875,0,0,0,0.25,0,0.46935,0.142857,1
6284,96912,2,0,2875,0,0,0,0.25,0,0.487197,0.142857,1
6285,96911,2,0,2875,0,0,0,0.25,0,0.481842,0.142857,1
6286,96916,2,0,2874,0,0,0,0.25,0,0.50009,0.142857,1
6287,96919,0,2,2874,0,0,0,0.25,0,0.499269,0.142857,1
6288,96920,0,2,2874,0,0,0,0.25,0,0.501556,0.142857,1
6289,96923,0,1,2875,0,1,0,0.25,0,0.497128,0.142857,1
6290,96920,1,0,2876,0,1,2,0.25,0,0.500023,0.142857,1
6291,96919,0,1,2876,0,0,0,0.25,0,0.508859,0.142857,1
6292,96916,0,1,2876,0,0,0,0.25,0,0.517961,0.142857,1
6293,96919,1,0,2877,0,1,0,0.25,0,0.511852,0.142857,1
6294,96916,0,1,2877,0,0,0,0.25,0,0.504734,0.142857,1
6295,96914,0,1,2877,0,0,0,0.25,0,0.511877,0.142857,1
6296,96913,0,1,2877,0,0,0,0.25,0,0.518621,0.142857,1
6297,96914,1,0,2878,0,1,0,0.25,0,0.505549,0.142857,1
6298,96915,2,0,2878,0,0,0,0.25,0,0.50713,0.142857,1
6299,96918,1,1,2878,0,0,0,0.25,0,0.515071,0.142857,1
6300,96921,1,1,2878,0,0,0,0.25,0,0.515183,0.142857,1
6301,96917,1,2,2878,0,0,0,0.25,0,0.514811,0.142857,1
6302,96919,1,2,2878,0,0,0,0.25,0,0.517378,0.142857,1
6303,96915,1,2,2878,0,0,0,0.25,0,0.509597,0.142857,1
6304,96916,1,1,2880,0,2,0,0.25,0,0.50449,0.142857,1
6305,96916,1,1,2878,0,0,0,0.25,0,0.50291,0.142857,1
6306,96915,1,1,2878,0,0,0,0.25,0,0.51003,0.142857,1
6307,96911,1,1,2878,0,0,0,0.25,0,0.506005,0.142857,1
6308,96908,1,1,2878,0,0,0,0.25,0,0.489127,0.142857,1
6309,96913,1,0,2879,0,1,0,0.25,0,0.490773,0.142857,1
6310,96915,1,0,2879,0,0,0,0.25,0,0.49833,0.142857,1
6311,96918,1,0,2879,0,0,0,0.25,0,0.48778,0.142857,1
6312,96917,1,0,2879,0,0,0,0.25,0,0.500755,0.142857,1
6313,96916,1,0,2879,0,0,0,0.25,0,0.487163,0.142857,1
6314,96918,1,0,2879,0,0,0,0.25,0,0.470738,0.142857,1
6315,96916,1,0,2879,0,0,0,0.25,0,0.462985,0.142857,1
6316,96917,1,0,2879,0,0,0,0.25,0,0.470687,0.142857,1
6317,96918,2,0,2879,0,0,0,0.25,0,0.462855,0.142857,1
6318,96921,1,1,2878,0,0,0,0.25,0,0.454083,0.142857,1
6319,96922,1,1,2878,0,0,0,0.25,0,0.456227,0.142857,1
6320,96914,1,2,2878,0,0,0,0.25,0,0.446138,0.142857,1
6321,96910,3,2,2878,0,0,0,0.25,0,0.442047,0.142857,1
6322,96908,4,2,2878,0,0,0,0.25,0,0.44142,0.142857,1
6323,96908,4,2,2878,0,0,0,0.25,0,0.439982,0.142857,1
6324,96905,4,2,2878,0,0,0,0.25,0,0.436793,0.142857,1
6325,96905,3,3,2877,0,0,0,0.25,0,0.442355,0.142857,1
6326,96907,2,4,2878,0,1,0,0.25,0,0.449791,0.142857,1
6327,96907,2,2,2880,0,2,0,0.25,0,0.438951,0.142857,1
6328,96911,1,3,2880,0,0,0,0.25,0,0.442962,0.142857,1
6329,96910,1,2,2881,0,1,0,0.25,0,0.440808,0.142857,1
6330,96905,2,2,2881,0,0,0,0.25,0,0.441459,0.142857,1
6331,96907,2,1,2882,0,1,1,0.25,0,0.44502,0.142857,1
6332,96908,2,1,2882,0,0,0,0.25,0,0.426905,0.142857,1
6333,96908,2,1,2882,0,0,0,0.25,0,0.430432,0.142857,1
6334,96905,1,2,2882,0,0,0,0.25,0,0.428031,0.142857,1
6335,96910,1,2,2882,0,0,0,0.25,0,0.430817,0.142857,1
6336,96911,1,2,2882,0,0,0,0.25,0,0.434857,0.142857,1
6337,96911,1,1,2883,0,1,0,0.25,0,0.442747,0.142857,1
6338,96909,2,1,2883,0,0,0,0.25,0,0.475031,0.142857,1
6339,96907,2,1,2883,0,0,0,0.25,0,0.465749,0.142857,1
6340,96905,1,1,2883,0,1,0,0.25,0,0.469137,0.142857,1
6341,96906,1,1,2883,0,0,0,0.25,0,0.468533,0.142857,1
6342,96909,1,2,2883,0,0,0,0.25,0,0.486378,0.142857,1
6343,96911,1,1,2884,0,1,0,0.25,0,0.47738,0.142857,1
6344,96910,2,2,2883,0,0,0,0.25,0,0.485342,0.142857,1
6345,96912,1,3,2883,0,0,0,0.25,0,0.489887,0.142857,1
6346,96914,2,3,2883,0,0,0,0.25,0,0.498437,0.142857,1
6347,96913,2,3,2883,0,0,0,0.25,0,0.509551,0.142857,1
6348,96912,3,3,2883,0,0,0,0.25,0,0.504608,0.142857,1
6349,96907,3,3,2884,0,1,1,0.25,0,0.509549,0.142857,1
6350,96910,3,3,2884,0,0,0,0.25,0,0.511969,0.142857,1
6351,96910,3,3,2884,0,0,0,0.25,0,0.513744,0.142857,1
6352,96909,2,4,2884,0,0,0,0.25,0,0.504196,0.142857,1
6353,96913,3,3,2885,0,1,1,0.25,0,0.499358,0.142857,1
6354,96910,4,2,2886,0,1,0,0.25,0,0.497005,0.142857,1
6355,96911,5,2,2886,0,0,0,0.25,0,0.516464,0.142857,1
6356,96917,5,1,2887,0,1,0,0.25,0,0.532769,0.142857,1
6357,96914,5,1,2887,0,0,0,0.25,0,0.538568,0.142857,1
6358,96914,6,1,2887,0,0,0,0.25,0,0.531493,0.142857,1
6359,96914,6,0,2888,0,1,1,0.25,0,0.540646,0.142857,1
6360,96915,5,1,2888,0,0,0,0.25,0,0.543179,0.142857,1
6361,96919,5,1,2888,0,0,0,0.25,0,0.531203,0.142857,1
6362,96922,5,1,2888,0,0,0,0.25,0,0.51906,0.142857,1
6363,96926,5,1,2888,0,0,0,0.25,0,0.519938,0.142857,1
6364,96928,3,2,2888,0,1,0,0.25,0,0.515605,0.142857,1
6365,96924,3,3,2888,0,0,0,0.25,0,0.523301,0.142857,1
6366,96924,4,3,2888,0,0,0,0.25,0,0.521414,0.142857,1
6367,96922,4,3,2888,0,0,0,0.25,0,0.522635,0.142857,1
6368,96924,5,3,2888,0,0,0,0.25,0,0.524202,0.142857,1
6369,96924,5,4,2888,0,0,0,0.25,0,0.53759,0.142857,1
6370,96915,3,6,2887,0,0,0,0.25,0,0.53278,0.142857,1
6371,96912,5,5,2887,0,1,0,0.25,0,0.522868,0.142857,1
6372,96914,5,4,2888,0,1,1,0.25,0,0.509465,0.142857,1
6373,96918,6,4,2888,0,0,0,0.25,0,0.502525,0.142857,1
6374,96918,6,4,2888,0,0,0,0.25,0,0.504667,0.142857,1
6375,96908,10,4,2888,0,0,0,0.25,0,0.518366,0.142857,1
6376,96905,10,4,2889,0,1,0,0.25,0,0.508075,0.142857,1
6377,96909,10,5,2889,0,0,0,0.25,0,0.511629,0.142857,1
6378,96911,10,5,2890,0,1,0,0.25,0,0.518581,0.142857,1
6379,96911,11,4,2891,0,1,0,0.25,0,0.528496,0.142857,1
6380,96910,11,3,2892,0,1,0,0.25,0,0.523661,0.142857,1
6381,96912,10,3,2893,0,1,0,0.25,0,0.509086,0.142857,1
6382,96909,10,3,2894,0,1,0,0.25,0,0.518278,0.142857,1
6383,96911,10,6,2894,0,0,0,0.25,0,0.514489,0.142857,1
6384,96913,9,3,2898,0,4,0,0.25,0,0.514038,0.142857,1
6385,96913,8,4,2898,0,0,0,0.25,0,0.504886,0.142857,1
6386,96907,7,4,2899,0,1,0,0.25,0,0.509091,0.142857,1
6387,96907,7,4,2900,0,1,0,0.25,0,0.498261,0.142857,1
6388,96912,6,5,2900,0,0,0,0.25,0,0.501601,0.142857,1
6389,96910,6,3,2902,0,2,0,0.25,0,0.486598,0.142857,1
6390,96912,6,3,2902,0,0,0,0.25,0,0.483676,0.142857,1
6391,96906,7,2,2903,0,1,0,0.25,0,0.481912,0.142857,1
6392,96909,6,3,2903,0,0,0,0.25,0,0.490829,0.142857,1
6393,96909,6,3,2904,0,1,1,0.25,0,0.489358,0.142857,1
6394,96905,7,3,2904,0,0,0,0.25,0,0.495559,0.142857,1
6395,96904,7,3,2905,0,1,2,0.25,0,0.499768,0.142857,1
6396,96903,7,3,2904,0,0,0,0.25,0,0.490865,0.142857,1
6397,96908,6,3,2905,0,1,2,0.25,0,0.48458,0.142857,1
6398,96906,5,4,2904,0,0,0,0.25,0,0.489696,0.142857,1
6399,96906,4,5,2904,0,0,0,0.25,0,0.48339,0.142857,1
6400,96909,5,5,2904,0,0,0,0.25,0,0.49808,0.142857,1
6401,96905,4,5,2906,0,2,1,0.25,0,0.515607,0.142857,1
6402,96909,3,3,2909,0,3,0,0.25,0,0.509685,0.142857,1
6403,96908,3,3,2909,0,0,0,0.25,0,0.518758,0.142857,1
6404,96907,3,3,2908,0,0,0,0.25,0,0.517584,0.142857,1
6405,96910,3,2,2909,0,1,0,0.25,0,0.520844,0.142857,1
6406,96906,3,2,2909,0,0,0,0.25,0,0.522861,0.142857,1
6407,96907,4,1,2909,0,1,1,0.25,0,0.539382,0.142857,1
6408,96908,3,2,2909,0,0,0,0.25,0,0.544956,0.142857,1
6409,96906,3,2,2909,0,0,0,0.25,0,0.540728,0.142857,1
6410,96906,4,2,2909,0,0,0,0.25,0,0.530411,0.142857,1
6411,96906,4,2,2909,0,0,0,0.25,0,0.532785,0.142857,1
6412,96910,4,4,2909,0,0,0,0.25,0,0.547892,0.142857,1
6413,96911,5,4,2909,0,0,0,0.25,0,0.544723,0.142857,1
6414,96907,5,4,2909,0,0,0,0.25,0,0.543538,0.142857,1
6415,96905,7,4,2908,0,0,0,0.25,0,0.540277,0.142857,1
6416,96909,9,4,2908,0,0,0,0.25,0,0.527311,0.142857,1
6417,96908,9,2,2910,0,2,0,0.25,0,0.523005,0.142857,1
6418,96905,8,3,2911,0,1,0,0.25,0,0.515513,0.142857,1
6419,96907,8,2,2911,0,1,0,0.25,0,0.499114,0.142857,1
6420,96902,9,2,2911,0,0,0,0.25,0,0.50097,0.142857,1
6421,96900,9,2,2911,0,0,0,0.25,0,0.505605,0.142857,1
6422,96897,9,2,2911,0,0,0,0.25,0,0.516837,0.142857,1
6423,96898,8,3,2912,0,1,0,0.25,0,0.518859,0.142857,1
6424,96898,6,5,2912,0,0,0,0.25,0,0.513619,0.142857,1
6425,96903,7,4,2913,0,1,0,0.25,0,0.511163,0.142857,1
6426,96900,8,3,2913,0,1,0,0.25,0,0.489605,0.142857,1
6427,96900,7,3,2915,0,2,1,0.25,0,0.477204,0.142857,1
6428,96899,6,4,2915,0,0,0,0.25,0,0.478745,0.142857,1
6429,96896,5,5,2915,0,0,0,0.25,0,0.47019,0.142857,1
6430,96896,4,5,2918,0,3,1,0.25,0,0.468579,0.142857,1
6431,96893,3,5,2919,0,1,1,0.25,0,0.473154,0.142857,1
6432,96892,3,5,2919,0,0,0,0.25,0,0.482872,0.142857,1
6433,96895,3,4,2920,0,1,0,0.25,0,0.483097,0.142857,1
6434,96896,4,3,2921,0,1,0,0.25,0,0.482846,0.142857,1
6435,96895,3,4,2921,0,0,0,0.25,0,0.479023,0.142857,1
6436,96894,4,4,2921,0,0,0,0.25,0,0.477908,0.142857,1
6437,96891,3,5,2921,0,0,0,0.25,0,0.463996,0.142857,1
6438,96890,3,4,2922,0,1,0,0.25,0,0.469137,0.142857,1
6439,96889,2,4,2923,0,1,1,0.25,0,0.465855,0.142857,1
6440,96889,2,4,2924,0,1,0,0.25,0,0.474231,0.142857,1
6441,96884,4,4,2924,0,0,0,0.25,0,0.467759,0.142857,1
6442,96881,5,2,2926,0,2,0,0.25,0,0.449638,0.142857,1
6443,96876,5,2,2926,0,0,0,0.25,0,0.462617,0.142857,1
6444,96874,4,3,2926,0,0,0,0.25,0,0.456926,0.142857,1
6445,96878,3,3,2927,0,1,0,0.25,0,0.464329,0.142857,1
6446,96876,3,3,2927,0,0,0,0.25,0,0.46401,0.142857,1
6447,96873,2,4,2926,0,0,0,0.25,0,0.468297,0.142857,1
6448,96875,2,4,2926,0,0,0,0.25,0,0.462733,0.142857,1
6449,96881,2,5,2925,0,0,0,0.25,0,0.459092,0.142857,1
6450,96881,3,5,2925,0,0,0,0.25,0,0.446319,0.142857,1
6451,96882,3,3,2927,0,2,0,0.25,0,0.448717,0.142857,1
6452,96886,3,2,2928,0,1,0,0.25,0,0.44905,0.142857,1
6453,96887,2,3,2928,0,0,0,0.25,0,0.452315,0.142857,1
6454,96892,2,3,2928,0,0,0,0.25,0,0.447088,0.142857,1
6455,96894,2,2,2929,0,1,0,0.25,0,0.425172,0.142857,1
6456,96891,3,2,2929,0,0,0,0.25,0,0.432636,0.142857,1
6457,96890,3,2,2929,0,0,0,0.25,0,0.422434,0.142857,1
6458,96889,2,3,2929,0,0,0,0.25,0,0.42844,0.142857,1
6459,96893,2,3,2930,0,1,0,0.25,0,0.42051,0.142857,1
6460,96891,2,2,2931,0,1,1,0.25,0,0.438799,0.142857,1
6461,96890,2,0,2932,0,2,1,0.25,0,0.462056,0.142857,1
6462,96887,1,1,2932,0,0,0,0.25,0,0.463607,0.142857,1
6463,96887,2,1,2932,0,0,0,0.25,0,0.45495,0.142857,1
6464,96879,2,1,2932,0,0,0,0.25,0,0.449808,0.142857,1
6465,96880,2,1,2932,0,0,0,0.25,0,0.455738,0.142857,1
6466,96880,3,1,2932,0,0,0,0.25,0,0.466765,0.142857,1
6467,96882,3,0,2933,0,1,2,0.25,0,0.477548,0.142857,1
6468,96883,1,2,2933,0,0,0,0.25,0,0.478094,0.142857,1
6469,96882,2,2,2933,0,0,0,0.25,0,0.486179,0.142857,1
6470,96878,2,1,2935,0,2,2,0.25,0,0.483986,0.142857,1
6471,96878,2,1,2935,0,0,0,0.25,0,0.472141,0.142857,1
6472,96878,2,1,2935,0,0,0,0.25,0,0.478757,0.142857,1
6473,96874,2,1,2936,0,1,1,0.25,0,0.470406,0.142857,1
6474,96872,2,1,2935,0,0,0,0.25,0,0.467274,0.142857,1
6475,96877,2,1,2935,0,0,0,0.25,0,0.452179,0.142857,1
6476,96876,2,1,2935,0,0,0,0.25,0,0.450956,0.142857,1
6477,96880,2,1,2935,0,0,0,0.25,0,0.430388,0.142857,1
6478,96881,2,1,2934,0,0,0,0.25,0,0.42665,0.142857,1
6479,96881,2,0,2935,0,1,1,0.25,0,0.429338,0.142857,1
6480,96883,2,0,2935,0,0,0,0.25,0,0.423951,0.142857,1
6481,96887,2,0,2934,0,0,0,0.25,0,0.418189,0.142857,1
6482,96886,2,0,2934,0,0,0,0.25,0,0.408816,0.142857,1
6483,96883,2,0,2934,0,0,0,0.25,0,0.39331,0.142857,1
6484,96886,1,1,2934,0,0,0,0.25,0,0.401596,0.142857,1
6485,96888,1,1,2934,0,0,0,0.25,0,0.384519,0.142857,1
6486,96889,0,2,2933,0,0,0,0.25,0,0.397307,0.142857,1
6487,96886,0,2,2933,0,0,0,0.25,0,0.413545,0.142857,1
6488,96885,0,1,2933,0,1,0,0.25,0,0.412905,0.142857,1
6489,96880,0,1,2933,0,0,0,0.25,0,0.409559,0.142857,1
6490,96879,0,1,2933,0,0,0,0.25,0,0.411764,0.142857,1
6491,96874,1,1,2933,0,0,0,0.25,0,0.418042,0.142857,1
6492,96874,2,1,2932,0,0,0,0.25,0,0.41926,0.142857,1
6493,96870,2,0,2933,0,1,0,0.25,0,0.417683,0.142857,1
6494,96864,2,1,2933,0,0,0,0.25,0,0.422498,0.142857,1
6495,96862,2,1,2933,0,0,0,0.25,0,0.417805,0.142857,1
6496,96866,2,1,2933,0,0,0,0.25,0,0.401982,0.142857,1
6497,96863,4,1,2933,0,0,0,0.25,0,0.394586,0.142857,1
6498,96865,4,1,2933,0,0,0,0.25,0,0.378141,0.142857,1
6499,96864,4,1,2932,0,0,0,0.25,0,0.37705,0.142857,1
6500,96868,4,1,2932,0,0,0,0.25,0,0.356521,0.142857,1
6501,96867,3,2,2932,0,0,0,0.25,0,0.353988,0.142857,1
6502,96866,3,3,2930,0,0,0,0.25,0,0.353038,0.142857,1
6503,96868,2,3,2930,0,1,0,0.25,0,0.359953,0.142857,1
6504,96867,2,2,2931,0,1,0,0.25,0,0.36017,0.142857,1
6505,96864,3,2,2931,0,0,0,0.25,0,0.353122,0.142857,1
6506,96864,3,3,2931,0,0,0,0.25,0,0.354181,0.142857,1
6507,96866,3,1,2933,0,2,0,0.25,0,0.372143,0.142857,1
6508,96867,3,2,2933,0,0,0,0.25,0,0.362468,0.142857,1
6509,96865,5,2,2933,0,0,0,0.25,0,0.366276,0.142857,1
6510,96868,5,2,2933,0,0,0,0.25,0,0.360827,0.142857,1
6511,96868,4,2,2934,0,1,0,0.25,0,0.356914,0.142857,1
6512,96868,3,3,2934,0,0,0,0.25,0,0.358899,0.142857,1
6513,96865,3,2,2935,0,1,0,0.25,0,0.345294,0.142857,1
6514,96862,3,3,2935,0,0,0,0.25,0,0.34737,0.142857,1
6515,96859,4,3,2935,0,0,0,0.25,0,0.343838,0.142857,1
6516,96862,4,3,2935,0,0,0,0.25,0,0.33721,0.142857,1
6517,96859,3,4,2935,0,0,0,0.25,0,0.340801,0.142857,1
6518,96854,3,5,2934,0,0,0,0.25,0,0.358268,0.142857,1
6519,96854,2,5,2936,0,2,4,0.25,0,0.347524,0.142857,1
6520,96855,2,3,2937,0,2,2,0.25,0,0.364048,0.142857,1
6521,96856,3,3,2937,0,0,0,0.25,0,0.35801,0.142857,1
6522,96858,2,3,2938,0,1,0,0.25,0,0.355528,0.142857,1
6523,96857,2,3,2938,0,0,0,0.25,0,0.353878,0.142857,1
6524,96858,2,3,2938,0,0,0,0.25,0,0.348175,0.142857,1
6525,96856,1,3,2939,0,1,0,0.25,0,0.356344,0.142857,1
6526,96855,1,3,2940,0,1,0,0.25,0,0.362521,0.142857,1
6527,96857,2,3,2939,0,0,0,0.25,0,0.368772,0.142857,1
6528,96858,2,2,2940,0,1,1,0.25,0,0.370213,0.142857,1
6529,96861,2,0,2942,0,2,1,0.25,0,0.374333,0.142857,1
6530,96856,2,0,2941,0,0,0,0.25,0,0.38044,0.142857,1
6531,96856,2,0,2941,0,0,0,0.25,0,0.384952,0.142857,1
6532,96860,2,0,2941,0,0,0,0.25,0,0.395371,0.142857,1
6533,96858,1,1,2941,0,0,0,0.25,0,0.396541,0.142857,1
6534,96859,1,1,2941,0,0,0,0.25,0,0.396449,0.142857,1
6535,96860,1,0,2942,0,1,0,0.25,0,0.392437,0.142857,1
6536,96863,0,1,2942,0,0,0,0.25,0,0.391772,0.142857,1
6537,96866,0,1,2942,0,0,0,0.25,0,0.391905,0.142857,1
6538,96870,0,1,2942,0,0,0,0.25,0,0.392736,0.142857,1
6539,96869,0,1,2942,0,0,0,0.25,0,0.403408,0.142857,1
6540,96872,0,1,2941,0,0,0,0.25,0,0.406991,0.142857,1
6541,96875,0,0,2941,0,1,0,0.25,0,0.393403,0.142857,1
6542,96873,0,0,2941,0,0,0,0.25,0,0.387245,0.142857,1
6543,96871,0,0,2941,0,0,0,0.25,0,0.401873,0.142857,1
6544,96870,0,0,2941,0,0,0,0.25,0,0.399827,0.142857,1
6545,96869,0,0,2941,0,0,0,0.25,0,0.399459,0.142857,1
6546,96868,0,0,2941,0,0,0,0.25,0,0.392168,0.142857,1
6547,96871,0,0,2941,0,0,0,0.25,0,0.383818,0.142857,1
6548,96870,0,0,2941,0,0,0,0.25,0,0.381736,0.142857,1
6549,96868,0,0,2941,0,0,0,0.25,0,0.389242,0.142857,1
6550,96870,0,0,2941,0,0,0,0.25,0,0.392253,0.142857,1
6551,96869,0,0,2941,0,0,0,0.25,0,0.421081,0.142857,1
6552,96866,1,0,2941,0,0,0,0.25,0,0.407381,0.142857,1
6553,96870,1,0,2941,0,0,0,0.25,0,0.406614,0.142857,1
6554,96867,1,0,2941,0,0,0,0.25,0,0.396172,0.142857,1
6555,96871,0,1,2941,0,0,0,0.25,0,0.400873,0.142857,1
6556,96870,0,1,2941,0,0,0,0.25,0,0.388719,0.142857,1
6557,96870,0,1,2941,0,0,0,0.25,0,0.385308,0.142857,1
6558,96871,0,1,2941,0,0,0,0.25,0,0.370268,0.142857,1
6559,96865,0,1,2941,0,0,0,0.25,0,0.36532,0.142857,1
6560,96865,0,1,2941,0,0,0,0.25,0,0.368163,0.142857,1
6561,96861,0,1,2941,0,0,0,0.25,0,0.382621,0.142857,1
6562,96861,1,1,2940,0,0,0,0.25,0,0.379384,0.142857,1
6563,96863,1,1,2940,0,0,0,0.25,0,0.380439,0.142857,1
6564,96864,1,1,2940,0,0,0,0.25,0,0.383447,0.142857,1
6565,96863,2,1,2940,0,0,0,0.25,0,0.377402,0.142857,1
6566,96865,2,2,2940,0,0,0,0.25,0,0.373459,0.142857,1
6567,96866,2,2,2940,0,0,0,0.25,0,0.379217,0.142857,1
6568,96865,2,2,2939,0,0,0,0.25,0,0.38712,0.142857,1
6569,96865,2,2,2939,0,0,0,0.25,0,0.402214,0.142857,1
6570,96864,3,1,2940,0,1,1,0.25,0,0.403417,0.142857,1
6571,96866,3,0,2941,0,1,0,0.25,0,0.409641,0.142857,1
6572,96867,2,1,2941,0,0,0,0.25,0,0.407817,0.142857,1
6573,96868,2,1,2941,0,0,0,0.25,0,0.401138,0.142857,1
6574,96865,2,0,2942,0,1,0,0.25,0,0.396648,0.142857,1
6575,96858,0,2,2942,0,0,0,0.25,0,0.411406,0.142857,1
6576,96861,0,2,2942,0,0,0,0.25,0,0.403219,0.142857,1
6577,96858,0,2,2942,0,0,0,0.25,0,0.399893,0.142857,1
6578,96858,0,2,2941,0,0,0,0.25,0,0.407722,0.142857,1
6579,96854,0,2,2941,0,0,0,0.25,0,0.399061,0.142857,1
6580,96850,1,1,2942,0,1,0,0.25,0,0.385616,0.142857,1
6581,96851,2,1,2942,0,0,0,0.25,0,0.376746,0.142857,1
6582,96852,1,1,2943,0,1,0,0.25,0,0.380616,0.142857,1
6583,96851,1,1,2943,0,0,0,0.25,0,0.378601,0.142857,1
6584,96850,1,1,2943,0,0,0,0.25,0,0.365317,0.142857,1
6585,96849,1,1,2943,0,0,0,0.25,0,0.365608,0.142857,1
6586,96846,1,1,2943,0,0,0,0.25,0,0.35559,0.142857,1
6587,96845,1,1,2943,0,0,0,0.25,0,0.355221,0.142857,1
6588,96845,0,2,2943,0,0,0,0.25,0,0.363835,0.142857,1
6589,96842,0,2,2943,0,0,0,0.25,0,0.36888,0.142857,1
6590,96842,0,1,2944,0,1,0,0.25,0,0.380963,0.142857,1
6591,96843,1,1,2944,0,0,0,0.25,0,0.386833,0.142857,1
6592,96839,1,2,2944,0,0,0,0.25,0,0.37536,0.142857,1
6593,96843,1,2,2944,0,0,0,0.25,0,0.393625,0.142857,1
6594,96839,1,2,2944,0,0,0,0.25,0,0.392172,0.142857,1
6595,96837,1,2,2944,0,0,0,0.25,0,0.384923,0.142857,1
6596,96836,1,2,2944,0,0,0,0.25,0,0.389337,0.142857,1
6597,96835,2,2,2943,0,0,0,0.25,0,0.387439,0.142857,1
6598,96829,1,1,2945,0,2,0,0.25,0,0.388837,0.142857,1
6599,96830,1,0,2946,0,1,0,0.25,0,0.382481,0.142857,1
6600,96832,1,0,2946,0,0,0,0.25,0,0.396229,0.142857,1
6601,96834,2,0,2946,0,0,0,0.25,0,0.41014,0.142857,1
6602,96830,1,1,2945,0,0,0,0.25,0,0.406633,0.142857,1
6603,96830,1,0,2946,0,1,0,0.25,0,0.40817,0.142857,1
6604,96826,1,0,2946,0,0,0,0.25,0,0.421929,0.142857,1
6605,96829,1,0,2946,0,0,0,0.25,0,0.429054,0.142857,1
6606,96833,1,0,2946,0,0,0,0.25,0,0.43635,0.142857,1
6607,96834,1,0,2946,0,0,0,0.25,0,0.428512,0.142857,1
6608,96829,1,0,2946,0,0,0,0.25,0,0.425038,0.142857,1
6609,96832,1,0,2946,0,0,0,0.25,0,0.431165,0.142857,1
6610,96831,1,0,2946,0,0,0,0.25,0,0.416661,0.142857,1
6611,96832,1,0,2945,0,0,0,0.25,0,0.425197,0.142857,1
6612,96828,2,0,2945,0,0,0,0.25,0,0.435003,0.142857,1
6613,96831,2,0,2945,0,0,0,0.25,0,0.432976,0.142857,1
6614,96832,3,0,2945,0,0,0,0.25,0,0.428591,0.142857,1
6615,96835,1,2,2945,0,0,0,0.25,0,0.436114,0.142857,1
6616,96837,1,1,2946,0,1,0,0.25,0,0.43647,0.142857,1
6617,96837,1,1,2946,0,0,0,0.25,0,0.435984,0.142857,1
6618,96836,1,0,2947,0,1,0,0.25,0,0.419427,0.142857,1
6619,96839,1,0,2947,0,0,0,0.25,0,0.415039,0.142857,1
6620,96843,1,0,2947,0,0,0,0.25,0,0.408803,0.142857,1
6621,96844,1,0,2947,0,0,0,0.25,0,0.380648,0.142857,1
6622,96842,0,1,2947,0,0,0,0.25,0,0.366005,0.142857,1
6623,96844,0,0,2948,0,1,0,0.25,0,0.37111,0.142857,1
6624,96846,0,0,2948,0,0,0,0.25,0,0.379134,0.142857,1
6625,96838,0,0,2948,0,0,0,0.25,0,0.382471,0.142857,1
6626,96837,0,0,2948,0,0,0,0.25,0,0.39141,0.142857,1
6627,96838,0,0,2948,0,0,0,0.25,0,0.387975,0.142857,1
6628,96838,0,0,2948,0,0,0,0.25,0,0.393189,0.142857,1
6629,96839,0,0,2948,0,0,0,0.25,0,0.387619,0.142857,1
6630,96843,0,0,2948,0,0,0,0.25,0,0.394819,0.142857,1
6631,96842,0,0,2948,0,0,0,0.25,0,0.400082,0.142857,1
6632,96843,0,0,2947,0,0,0,0.25,0,0.40194,0.142857,1
6633,96843,0,0,2947,0,0,0,0.25,0,0.40215,0.142857,1
6634,96848,0,0,2947,0,0,0,0.25,0,0.400304,0.142857,1
6635,96850,0,0,2947,0,0,0,0.25,0,0.395935,0.142857,1
6636,96850,0,0,2946,0,0,0,0.25,0,0.39505,0.142857,1
6637,96849,1,0,2946,0,0,0,0.25,0,0.377817,0.142857,1
6638,96847,1,0,2946,0,0,0,0.25,0,0.382894,0.142857,1
6639,96843,1,0,2944,0,0,0,0.25,0,0.390622,0.142857,1
6640,96845,1,0,2944,0,0,0,0.25,0,0.396672,0.142857,1
6641,96844,1,0,2944,0,0,0,0.25,0,0.394652,0.142857,1
6642,96841,1,0,2944,0,0,0,0.25,0,0.403502,0.142857,1
6643,96842,2,0,2944,0,0,0,0.25,0,0.4077,0.142857,1
6644,96843,1,1,2944,0,0,0,0.25,0,0.404263,0.142857,1
6645,96844,0,2,2944,0,0,0,0.25,0,0.406942,0.142857,1
6646,96843,0,1,2945,0,1,0,0.25,0,0.396616,0.142857,1
6647,96844,0,1,2944,0,0,0,0.25,0,0.394715,0.142857,1
6648,96847,0,0,2945,0,1,0,0.25,0,0.402587,0.142857,1
6649,96849,1,0,2945,0,0,0,0.25,0,0.408265,0.142857,1
6650,96849,0,1,2945,0,0,0,0.25,0,0.409656,0.142857,1
6651,96848,0,1,2945,0,0,0,0.25,0,0.420409,0.142857,1
6652,96849,0,0,2946,0,1,1,0.25,0,0.425499,0.142857,1
6653,96846,0,0,2946,0,0,0,0.25,0,0.427431,0.142857,1
6654,96844,0,0,2945,0,0,0,0.25,0,0.445117,0.142857,1
6655,96842,0,0,2945,0,0,0,0.25,0,0.43479,0.142857,1
6656,96845,1,0,2945,0,0,0,0.25,0,0.448193,0.142857,1
6657,96844,1,0,2945,0,0,0,0.25,0,0.443651,0.142857,1
6658,96842,0,1,2945,0,0,0,0.25,0,0.415204,0.142857,1
6659,96841,0,1,2945,0,0,0,0.25,0,0.432536,0.142857,1
6660,96841,1,0,2946,0,1,3,0.25,0,0.427257,0.142857,1
6661,96840,0,1,2946,0,0,0,0.25,0,0.425609,0.142857,1
6662,96841,0,0,2947,0,1,0,0.25,0,0.417614,0.142857,1
6663,96839,0,0,2947,0,0,0,0.25,0,0.450338,0.142857,1
6664,96835,0,0,2947,0,0,0,0.25,0,0.431855,0.142857,1
6665,96831,0,0,2947,0,0,0,0.25,0,0.431543,0.142857,1
6666,96831,0,0,2947,0,0,0,0.25,0,0.423462,0.142857,1
6667,96829,0,0,2945,0,0,0,0.25,0,0.417194,0.142857,1
6668,96829,0,0,2945,0,0,0,0.25,0,0.423434,0.142857,1
6669,96830,0,0,2945,0,0,0,0.25,0,0.425006,0.142857,1
6670,96833,0,0,2945,0,0,0,0.25,0,0.425843,0.142857,1
6671,96830,0,0,2945,0,0,0,0.25,0,0.412332,0.142857,1
6672,96828,0,0,2945,0,0,0,0.25,0,0.427248,0.142857,1
6673,96827,0,0,2945,0,0,0,0.25,0,0.424806,0.142857,1
6674,96829,0,0,2945,0,0,0,0.25,0,0.44694,0.142857,1
6675,96830,0,0,2945,0,0,0,0.25,0,0.443834,0.142857,1
6676,96832,0,0,2945,0,0,0,0.25,0,0.44317,0.142857,1
6677,96829,0,0,2945,0,0,0,0.25,0,0.450444,0.142857,1
6678,96828,0,0,2945,0,0,0,0.25,0,0.437332,0.142857,1
6679,96824,0,0,2945,0,0,0,0.25,0,0.434989,0.142857,1
6680,96823,0,0,2945,0,0,0,0.25,0,0.439409,0.142857,1
6681,96821,0,0,2945,0,0,0,0.25,0,0.431853,0.142857,1
6682,96820,0,0,2945,0,0,0,0.25,0,0.443293,0.142857,1
6683,96818,0,0,2945,0,0,0,0.25,0,0.43852,0.142857,1
6684,96819,0,0,2945,0,0,0,0.25,0,0.449016,0.142857,1
6685,96817,0,0,2945,0,0,0,0.25,0,0.469134,0.142857,1
6686,96815,0,0,2945,0,0,0,0.25,0,0.474349,0.142857,1
6687,96815,0,1,2944,0,0,0,0.25,0,0.475537,0.142857,1
6688,96818,0,1,2944,0,0,0,0.25,0,0.463878,0.142857,1
6689,96815,0,1,2944,0,0,0,0.25,0,0.461448,0.142857,1
6690,96814,1,1,2944,0,0,0,0.25,0,0.464345,0.142857,1
6691,96818,1,1,2943,0,0,0,0.25,0,0.455918,0.142857,1
6692,96811,2,1,2943,0,0,0,0.25,0,0.452282,0.142857,1
6693,96811,2,1,2943,0,0,0,0.25,0,0.444888,0.142857,1
6694,96809,2,1,2943,0,0,0,0.25,0,0.450192,0.142857,1
6695,96810,1,2,2943,0,0,0,0.25,0,0.444307,0.142857,1
6696,96805,1,1,2944,0,1,0,0.25,0,0.454176,0.142857,1
6697,96807,1,0,2945,0,1,0,0.25,0,0.45821,0.142857,1
6698,96809,1,0,2945,0,0,0,0.25,0,0.452985,0.142857,1
6699,96808,1,0,2945,0,0,0,0.25,0,0.441357,0.142857,1
6700,96809,1,0,2945,0,0,0,0.25,0,0.43472,0.142857,1
6701,96812,1,0,2945,0,0,0,0.25,0,0.429476,0.142857,1
6702,96811,2,0,2945,0,0,0,0.25,0,0.428862,0.142857,1
6703,96811,2,0,2945,0,0,0,0.25,0,0.437038,0.142857,1
6704,96809,2,1,2945,0,0,0,0.25,0,0.436696,0.142857,1
6705,96806,1,2,2946,0,1,0,0.25,0,0.444467,0.142857,1
6706,96804,0,3,2945,0,0,0,0.25,0,0.433719,0.142857,1
6707,96797,0,3,2944,0,0,0,0.25,0,0.440271,0.142857,1
6708,96795,1,2,2945,0,1,0,0.25,0,0.426891,0.142857,1
6709,96794,1,2,2945,0,0,0,0.25,0,0.424642,0.142857,1
6710,96796,2,1,2946,0,1,1,0.25,0,0.422733,0.142857,1
6711,96794,2,0,2947,0,1,0,0.25,0,0.42385,0.142857,1
6712,96794,1,1,2946,0,0,0,0.25,0,0.430433,0.142857,1
6713,96794,1,0,2947,0,1,0,0.25,0,0.425226,0.142857,1
6714,96794,1,0,2947,0,0,0,0.25,0,0.438457,0.142857,1
6715,96794,1,0,2947,0,0,0,0.25,0,0.449168,0.142857,1
6716,96793,1,0,2947,0,0,0,0.25,0,0.450052,0.142857,1
6717,96794,1,0,2947,0,0,0,0.25,0,0.463299,0.142857,1
6718,96796,1,0,2947,0,0,0,0.25,0,0.462785,0.142857,1
6719,96800,1,0,2947,0,0,0,0.25,0,0.447683,0.142857,1
6720,96803,0,1,2947,0,0,0,0.25,0,0.458663,0.142857,1
6721,96804,0,1,2947,0,0,0,0.25,0,0.461311,0.142857,1
6722,96803,0,0,2948,0,1,0,0.25,0,0.456158,0.142857,1
6723,96811,0,0,2948,0,0,0,0.25,0,0.444764,0.142857,1
6724,96813,0,0,2948,0,0,0,0.25,0,0.440278,0.142857,1
6725,96808,0,0,2948,0,0,0,0.25,0,0.430658,0.142857,1
6726,96809,0,0,2948,0,0,0,0.25,0,0.42292,0.142857,1
6727,96811,0,0,2947,0,0,0,0.25,0,0.429579,0.142857,1
6728,96810,0,0,2947,0,0,0,0.25,0,0.425383,0.142857,1
6729,96810,0,0,2947,0,0,0,0.25,0,0.417899,0.142857,1
6730,96814,0,0,2947,0,0,0,0.25,0,0.422645,0.142857,1
6731,96812,0,0,2947,0,0,0,0.25,0,0.415862,0.142857,1
6732,96807,0,0,2947,0,0,0,0.25,0,0.412231,0.142857,1
6733,96805,0,0,2947,0,0,0,0.25,0,0.409384,0.142857,1
6734,96805,0,0,2947,0,0,0,0.25,0,0.396751,0.142857,1
6735,96803,1,0,2947,0,0,0,0.25,0,0.402309,0.142857,1
6736,96801,0,1,2947,0,0,0,0.25,0,0.420547,0.142857,1
6737,96799,0,0,2948,0,1,0,0.25,0,0.421276,0.142857,1
6738,96796,0,0,2948,0,0,0,0.25,0,0.413722,0.142857,1
6739,96800,0,0,2948,0,0,0,0.25,0,0.423489,0.142857,1
6740,96797,0,0,2948,0,0,0,0.25,0,0.416514,0.142857,1
6741,96792,0,0,2948,0,0,0,0.25,0,0.414612,0.142857,1
6742,96796,0,0,2947,0,0,0,0.25,0,0.41918,0.142857,1
6743,96802,0,0,2947,0,0,0,0.25,0,0.409998,0.142857,1
6744,96801,0,0,2947,0,0,0,0.25,0,0.404748,0.142857,1
6745,96803,0,0,2947,0,0,0,0.25,0,0.393174,0.142857,1
6746,96804,0,0,2947,0,0,0,0.25,0,0.384247,0.142857,1
6747,96802,0,0,2947,0,0,0,0.25,0,0.37477,0.142857,1
6748,96801,0,0,2947,0,0,0,0.25,0,0.387339,0.142857,1
6749,96806,0,0,2947,0,0,0,0.25,0,0.377424,0.142857,1
6750,96809,0,0,2947,0,0,0,0.25,0,0.37453,0.142857,1
6751,96815,0,0,2947,0,0,0,0.25,0,0.363108,0.142857,1
6752,96813,0,0,2947,0,0,0,0.25,0,0.372039,0.142857,1
6753,96814,0,0,2947,0,0,0,0.25,0,0.374073,0.142857,1
6754,96814,0,0,2947,0,0,0,0.25,0,0.367282,0.142857,1
6755,96809,0,0,2947,0,0,0,0.25,0,0.367989,0.142857,1
6756,96810,0,0,2947,0,0,0,0.25,0,0.3856,0.142857,1
6757,96810,0,0,2947,0,0,0,0.25,0,0.373583,0.142857,1
6758,96810,0,0,2947,0,0,0,0.25,0,0.388277,0.142857,1
6759,96808,0,0,2947,0,0,0,0.25,0,0.391828,0.142857,1
6760,96809,0,0,2947,0,0,0,0.25,0,0.389718,0.142857,1
6761,96815,0,0,2947,0,0,0,0.25,0,0.397288,0.142857,1
6762,96815,0,0,2945,0,0,0,0.25,0,0.406576,0.142857,1
6763,96817,0,0,2945,0,0,0,0.25,0,0.398125,0.142857,1
6764,96821,0,0,2945,0,0,0,0.25,0,0.405717,0.142857,1
6765,96823,0,0,2945,0,0,0,0.25,0,0.398847,0.142857,1
6766,96818,0,0,2945,0,0,0,0.25,0,0.40175,0.142857,1
6767,96816,1,0,2945,0,0,0,0.25,0,0.397387,0.142857,1
6768,96812,1,0,2945,0,0,0,0.25,0,0.392838,0.142857,1
6769,96811,1,0,2945,0,0,0,0.25,0,0.39623,0.142857,1
6770,96812,1,0,2945,0,0,0,0.25,0,0.398367,0.142857,1
6771,96812,1,0,2945,0,0,0,0.25,0,0.406781,0.142857,1
6772,96815,1,0,2944,0,0,0,0.25,0,0.407272,0.142857,1
6773,96814,1,0,2944,0,0,0,0.25,0,0.410896,0.142857,1
6774,96812,1,0,2944,0,0,0,0.25,0,0.408314,0.142857,1
6775,96810,1,0,2943,0,0,0,0.25,0,0.400864,0.142857,1
6776,96810,1,0,2942,0,0,0,0.25,0,0.386721,0.142857,1
6777,96815,1,0,2942,0,0,0,0.25,0,0.382029,0.142857,1
6778,96816,1,0,2942,0,0,0,0.25,0,0.373916,0.142857,1
6779,96819,0,0,2942,0,1,0,0.25,0,0.364515,0.142857,1
6780,96822,0,0,2942,0,0,0,0.25,0,0.362671,0.142857,1
6781,96819,0,0,2942,0,0,0,0.25,0,0.380605,0.142857,1
6782,96823,0,0,2942,0,0,0,0.25,0,0.377937,0.142857,1
6783,96823,0,0,2942,0,0,0,0.25,0,0.370405,0.142857,1
6784,96822,1,1,2941,0,0,0,0.25,0,0.381816,0.142857,1
6785,96819,1,1,2940,0,0,0,0.25,0,0.388705,0.142857,1
6786,96822,1,1,2940,0,0,0,0.25,0,0.403465,0.142857,1
6787,96821,1,1,2940,0,0,0,0.25,0,0.405974,0.142857,1
6788,96818,1,1,2940,0,0,0,0.25,0,0.405083,0.142857,1
6789,96813,1,1,2938,0,0,0,0.25,0,0.405773,0.142857,1
6790,96815,1,0,2939,0,1,0,0.25,0,0.404288,0.142857,1
6791,96817,0,1,2939,0,0,0,0.25,0,0.38575,0.142857,1
6792,96811,0,1,2939,0,0,0,0.25,0,0.394588,0.142857,1
6793,96810,1,1,2939,0,0,0,0.25,0,0.392302,0.142857,1
6794,96808,1,1,2939,0,0,0,0.25,0,0.387726,0.142857,1
6795,96806,2,1,2938,0,0,0,0.25,0,0.380399,0.142857,1
6796,96800,2,0,2939,0,1,1,0.25,0,0.362337,0.142857,1
6797,96798,3,0,2939,0,0,0,0.25,0,0.368007,0.142857,1
6798,96798,3,0,2939,0,0,0,0.25,0,0.382232,0.142857,1
6799,96798,3,0,2939,0,0,0,0.25,0,0.394437,0.142857,1
6800,96801,3,0,2939,0,0,0,0.25,0,0.405881,0.142857,1
6801,96798,3,0,2939,0,0,0,0.25,0,0.391739,0.142857,1
6802,96795,2,1,2939,0,0,0,0.25,0,0.393121,0.142857,1
6803,96796,1,2,2939,0,0,0,0.25,0,0.396579,0.142857,1
6804,96797,0,3,2939,0,0,0,0.25,0,0.390949,0.142857,1
6805,96795,0,2,2939,0,1,1,0.25,0,0.405204,0.142857,1
6806,96791,0,1,2940,0,1,1,0.25,0,0.390477,0.142857,1
6807,96791,1,1,2940,0,0,0,0.25,0,0.394955,0.142857,1
6808,96793,1,1,2940,0,0,0,0.25,0,0.406831,0.142857,1
6809,96792,1,1,2939,0,0,0,0.25,0,0.413703,0.142857,1
6810,96796,1,1,2939,0,0,0,0.25,0,0.425177,0.142857,1
6811,96796,0,2,2939,0,0,0,0.25,0,0.420704,0.142857,1
6812,96795,0,2,2939,0,0,0,0.25,0,0.436558,0.142857,1
6813,96792,0,2,2939,0,0,0,0.25,0,0.434444,0.142857,1
6814,96789,1,2,2938,0,0,0,0.25,0,0.429177,0.142857,1
6815,96790,1,2,2938,0,0,0,0.25,0,0.427817,0.142857,1
6816,96794,1,1,2938,0,1,2,0.25,0,0.440087,0.142857,1
6817,96794,1,1,2938,0,0,0,0.25,0,0.435244,0.142857,1
6818,96795,1,1,2938,0,0,0,0.25,0,0.416638,0.142857,1
6819,96794,1,1,2938,0,0,0,0.25,0,0.412477,0.142857,1
6820,96789,1,1,2937,0,0,0,0.25,0,0.42599,0.142857,1
6821,96787,1,1,2937,0,0,0,0.25,0,0.431343,0.142857,1
6822,96787,1,1,2937,0,0,0,0.25,0,0.441918,0.142857,1
6823,96783,1,1,2937,0,0,0,0.25,0,0.437727,0.142857,1
6824,96784,1,0,2938,0,1,0,0.25,0,0.435657,0.142857,1
6825,96782,2,0,2938,0,0,0,0.25,0,0.426897,0.142857,1
6826,96785,2,0,2937,0,0,0,0.25,0,0.422665,0.142857,1
6827,96788,2,0,2937,0,0,0,0.25,0,0.435337,0.142857,1
6828,96788,2,0,2935,0,0,0,0.25,0,0.430907,0.142857,1
6829,96791,3,0,2935,0,0,0,0.25,0,0.428031,0.142857,1
6830,96791,2,1,2934,0,0,0,0.25,0,0.438457,0.142857,1
6831,96792,2,1,2934,0,0,0,0.25,0,0.454292,0.142857,1
6832,96791,2,0,2935,0,1,1,0.25,0,0.451853,0.142857,1
6833,96792,2,0,2935,0,0,0,0.25,0,0.455742,0.142857,1
6834,96787,2,0,2934,0,0,0,0.25,0,0.45053,0.142857,1
6835,96785,2,0,2934,0,0,0,0.25,0,0.467707,0.142857,1
6836,96785,2,0,2934,0,0,0,0.25,0,0.474011,0.142857,1
6837,96780,2,0,2934,0,0,0,0.25,0,0.481456,0.142857,1
6838,96782,2,0,2934,0,0,0,0.25,0,0.481239,0.142857,1
6839,96779,2,0,2934,0,0,0,0.25,0,0.484536,0.142857,1
6840,96781,1,1,2934,0,0,0,0.25,0,0.468002,0.142857,1
6841,96781,1,1,2934,0,0,0,0.25,0,0.474806,0.142857,1
6842,96780,1,1,2933,0,0,0,0.25,0,0.475663,0.142857,1
6843,96777,1,1,2933,0,0,0,0.25,0,0.463703,0.142857,1
6844,96776,2,0,2933,0,1,0,0.25,0,0.466465,0.142857,1
6845,96775,3,0,2933,0,0,0,0.25,0,0.473989,0.142857,1
6846,96770,3,0,2933,0,0,0,0.25,0,0.472537,0.142857,1
6847,96767,4,0,2933,0,0,0,0.25,0,0.47887,0.142857,1
6848,96767,4,0,2933,0,0,0,0.25,0,0.473176,0.142857,1
6849,96769,2,2,2933,0,0,0,0.25,0,0.463587,0.142857,1
6850,96769,1,3,2933,0,0,0,0.25,0,0.468527,0.142857,1
6851,96767,3,3,2933,0,0,0,0.25,0,0.479142,0.142857,1
6852,96764,2,4,2933,0,0,0,0.25,0,0.479567,0.142857,1
6853,96764,3,3,2934,0,1,0,0.25,0,0.483049,0.142857,1
6854,96763,6,3,2935,0,1,0,0.25,0,0.481966,0.142857,1
6855,96761,5,4,2936,0,1,1,0.25,0,0.488192,0.142857,1
6856,96764,5,3,2938,0,2,0,0.25,0,0.508875,0.142857,1
6857,96771,5,2,2937,0,1,0,0.25,0,0.497772,0.142857,1
6858,96775,5,2,2937,0,0,0,0.25,0,0.501579,0.142857,1
6859,96776,4,2,2938,0,1,0,0.25,0,0.506324,0.142857,1
6860,96781,4,2,2938,0,0,0,0.25,0,0.504444,0.142857,1
6861,96787,3,2,2939,0,1,0,0.25,0,0.508303,0.142857,1
6862,96786,3,2,2939,0,0,0,0.25,0,0.511217,0.142857,1
6863,96781,2,3,2939,0,0,0,0.25,0,0.508786,0.142857,1
6864,96778,3,4,2939,0,0,0,0.25,0,0.495856,0.142857,1
6865,96782,2,4,2938,0,1,0,0.25,0,0.494143,0.142857,1
6866,96775,3,4,2938,0,0,0,0.25,0,0.504077,0.142857,1
6867,96774,5,3,2939,0,1,0,0.25,0,0.49548,0.142857,1
6868,96775,5,3,2940,0,1,0,0.25,0,0.493986,0.142857,1
6869,96777,4,3,2941,0,1,0,0.25,0,0.500736,0.142857,1
6870,96772,4,4,2941,0,0,0,0.25,0,0.511019,0.142857,1
6871,96770,4,4,2942,0,1,0,0.25,0,0.508938,0.142857,1
6872,96768,3,4,2943,0,1,0,0.25,0,0.498779,0.142857,1
6873,96765,6,4,2943,0,0,0,0.25,0,0.507123,0.142857,1
6874,96765,5,5,2943,0,0,0,0.25,0,0.513221,0.142857,1
6875,96769,2,4,2947,0,4,0,0.25,0,0.513516,0.142857,1
6876,96767,2,0,2951,0,4,2,0.25,0,0.507853,0.142857,1
6877,96765,2,0,2951,0,0,0,0.25,0,0.496981,0.142857,1
6878,96765,2,0,2950,0,0,0,0.25,0,0.497986,0.142857,1
6879,96760,3,0,2950,0,0,0,0.25,0,0.485906,0.142857,1
6880,96761,3,0,2950,0,0,0,0.25,0,0.476923,0.142857,1
6881,96754,3,0,2950,0,0,0,0.25,0,0.480642,0.142857,1
6882,96757,2,1,2950,0,0,0,0.25,0,0.480616,0.142857,1
6883,96753,2,3,2950,0,0,0,0.25,0,0.482699,0.142857,1
6884,96755,2,3,2950,0,0,0,0.25,0,0.482272,0.142857,1
6885,96753,2,2,2951,0,1,1,0.25,0,0.485098,0.142857,1
6886,96753,2,1,2952,0,1,2,0.25,0,0.472605,0.142857,1
6887,96753,2,1,2952,0,0,0,0.25,0,0.465029,0.142857,1
6888,96754,1,1,2952,0,1,0,0.25,0,0.47413,0.142857,1
6889,96756,1,1,2952,0,0,0,0.25,0,0.476973,0.142857,1
6890,96750,1,1,2952,0,0,0,0.25,0,0.483131,0.142857,1
6891,96749,1,1,2952,0,0,0,0.25,0,0.473174,0.142857,1
6892,96751,1,0,2953,0,1,0,0.25,0,0.478121,0.142857,1
6893,96749,1,0,2953,0,0,0,0.25,0,0.47499,0.142857,1
6894,96747,2,0,2953,0,0,0,0.25,0,0.475986,0.142857,1
6895,96749,2,1,2953,0,0,0,0.25,0,0.474237,0.142857,1
6896,96750,2,1,2953,0,0,0,0.25,0,0.460819,0.142857,1
6897,96757,1,1,2954,0,1,1,0.25,0,0.47438,0.142857,1
6898,96758,1,1,2954,0,0,0,0.25,0,0.471103,0.142857,1
6899,96754,1,0,2955,0,1,0,0.25,0,0.475487,0.142857,1
6900,96748,2,0,2955,0,0,0,0.25,0,0.472759,0.142857,1
6901,96747,2,0,2955,0,0,0,0.25,0,0.484042,0.142857,1
6902,96745,2,0,2955,0,0,0,0.25,0,0.479123,0.142857,1
6903,96742,1,1,2955,0,0,0,0.25,0,0.496459,0.142857,1
6904,96740,3,1,2955,0,0,0,0.25,0,0.491369,0.142857,1
6905,96744,3,1,2955,0,0,0,0.25,0,0.49534,0.142857,1
6906,96745,3,1,2955,0,0,0,0.25,0,0.49887,0.142857,1
6907,96743,2,2,2955,0,0,0,0.25,0,0.493735,0.142857,1
6908,96745,2,1,2956,0,1,0,0.25,0,0.495609,0.142857,1
6909,96745,2,1,2956,0,0,0,0.25,0,0.497253,0.142857,1
6910,96747,2,1,2956,0,0,0,0.25,0,0.499458,0.142857,1
6911,96752,1,2,2956,0,0,0,0.25,0,0.498486,0.142857,1
6912,96752,1,2,2956,0,0,0,0.25,0,0.514801,0.142857,1
6913,96751,2,2,2956,0,0,0,0.25,0,0.50612,0.142857,1
6914,96752,2,3,2956,0,0,0,0.25,0,0.487348,0.142857,1
6915,96750,2,3,2956,0,0,0,0.25,0,0.507718,0.142857,1
6916,96753,2,3,2956,0,0,0,0.25,0,0.504071,0.142857,1
6917,96751,4,3,2956,0,0,0,0.25,0,0.499741,0.142857,1
6918,96750,4,1,2958,0,2,1,0.25,0,0.487746,0.142857,1
6919,96754,4,2,2958,0,0,0,0.25,0,0.492701,0.142857,1
6920,96757,4,2,2958,0,0,0,0.25,0,0.500032,0.142857,1
6921,96757,4,1,2959,0,1,1,0.25,0,0.503421,0.142857,1
6922,96760,4,1,2959,0,0,0,0.25,0,0.499073,0.142857,1
6923,96759,5,1,2959,0,0,0,0.25,0,0.495975,0.142857,1
6924,96756,5,1,2959,0,0,0,0.25,0,0.490449,0.142857,1
6925,96757,5,1,2959,0,0,0,0.25,0,0.48505,0.142857,1
6926,96755,3,3,2959,0,0,0,0.25,0,0.484044,0.142857,1
6927,96758,3,2,2960,0,1,0,0.25,0,0.480358,0.142857,1
6928,96758,3,1,2961,0,1,0,0.25,0,0.484018,0.142857,1
6929,96759,5,1,2961,0,0,0,0.25,0,0.486651,0.142857,1
6930,96760,4,2,2961,0,0,0,0.25,0,0.475264,0.142857,1
6931,96761,4,2,2961,0,0,0,0.25,0,0.475685,0.142857,1
6932,96761,4,1,2962,0,1,1,0.25,0,0.473096,0.142857,1
6933,96763,3,2,2962,0,0,0,0.25,0,0.473518,0.142857,1
6934,96761,3,2,2962,0,0,0,0.25,0,0.476136,0.142857,1
6935,96764,2,2,2963,0,1,1,0.25,0,0.484675,0.142857,1
6936,96759,2,3,2963,0,0,0,0.25,0,0.487666,0.142857,1
6937,96762,2,3,2963,0,0,0,0.25,0,0.490284,0.142857,1
6938,96762,1,3,2964,0,1,0,0.25,0,0.476519,0.142857,1
6939,96758,1,3,2964,0,0,0,0.25,0,0.481922,0.142857,1
6940,96757,1,3,2964,0,0,0,0.25,0,0.473176,0.142857,1
6941,96758,1,3,2965,0,1,0,0.25,0,0.48588,0.142857,1
6942,96753,1,1,2967,0,2,0,0.25,0,0.483815,0.142857,1
6943,96754,1,1,2967,0,0,0,0.25,0,0.491867,0.142857,1
6944,96755,1,1,2965,0,0,0,0.25,0,0.497569,0.142857,1
6945,96753,1,1,2965,0,0,0,0.25,0,0.485955,0.142857,1
6946,96753,1,0,2966,0,1,0,0.25,0,0.475148,0.142857,1
6947,96755,1,0,2966,0,0,0,0.25,0,0.466001,0.142857,1
6948,96756,1,0,2966,0,0,0,0.25,0,0.462663,0.142857,1
6949,96755,1,0,2966,0,0,0,0.25,0,0.450381,0.142857,1
6950,96754,1,0,2966,0,0,0,0.25,0,0.446096,0.142857,1
6951,96757,1,0,2966,0,0,0,0.25,0,0.445177,0.142857,1
6952,96756,1,0,2966,0,0,0,0.25,0,0.442143,0.142857,1
6953,96755,0,0,2967,0,1,1,0.25,0,0.452803,0.142857,1
6954,96756,0,0,2967,0,0,0,0.25,0,0.449156,0.142857,1
6955,96756,0,0,2967,0,0,0,0.25,0,0.442051,0.142857,1
6956,96759,0,0,2966,0,0,0,0.25,0,0.441934,0.142857,1
6957,96761,0,0,2966,0,0,0,0.25,0,0.430073,0.142857,1
6958,96764,1,0,2966,0,0,0,0.25,0,0.421406,0.142857,1
6959,96764,1,0,2966,0,0,0,0.25,0,0.416248,0.142857,1
6960,96764,1,0,2966,0,0,0,0.25,0,0.399188,0.142857,1
6961,96765,2,0,2966,0,0,0,0.25,0,0.379553,0.142857,1
6962,96763,3,0,2965,0,0,0,0.25,0,0.38421,0.142857,1
6963,96760,3,1,2965,0,0,0,0.25,0,0.373647,0.142857,1
6964,96755,4,0,2966,0,1,0,0.25,0,0.371538,0.142857,1
6965,96754,4,0,2966,0,0,0,0.25,0,0.382575,0.142857,1
6966,96752,3,1,2966,0,0,0,0.25,0,0.383511,0.142857,1
6967,96753,3,1,2966,0,0,0,0.25,0,0.387772,0.142857,1
6968,96758,4,1,2966,0,0,0,0.25,0,0.385131,0.142857,1
6969,96760,4,1,2966,0,0,0,0.25,0,0.378106,0.142857,1
6970,96763,4,0,2967,0,1,0,0.25,0,0.380341,0.142857,1
6971,96767,4,0,2967,0,0,0,0.25,0,0.367918,0.142857,1
6972,96763,4,0,2967,0,0,0,0.25,0,0.371907,0.142857,1
6973,96763,3,1,2967,0,0,0,0.25,0,0.36632,0.142857,1
6974,96765,2,2,2967,0,0,0,0.25,0,0.363222,0.142857,1
6975,96765,2,2,2967,0,0,0,0.25,0,0.363991,0.142857,1
6976,96764,2,3,2967,0,0,0,0.25,0,0.357107,0.142857,1
6977,96763,2,3,2967,0,0,0,0.25,0,0.347978,0.142857,1
6978,96767,1,5,2967,0,0,0,0.25,0,0.347814,0.142857,1
6979,96765,3,5,2967,0,0,0,0.25,0,0.343968,0.142857,1
6980,96761,3,6,2967,0,0,0,0.25,0,0.337606,0.142857,1
6981,96760,4,6,2967,0,0,0,0.25,0,0.343452,0.142857,1
6982,96765,4,6,2967,0,0,0,0.25,0,0.356831,0.142857,1
6983,96763,3,4,2970,0,3,0,0.25,0,0.352622,0.142857,1
6984,96763,3,4,2970,0,0,0,0.25,0,0.350546,0.142857,1
6985,96759,3,4,2970,0,0,0,0.25,0,0.348883,0.142857,1
6986,96758,4,2,2972,0,2,0,0.25,0,0.343375,0.142857,1
6987,96756,3,3,2972,0,0,0,0.25,0,0.341196,0.142857,1
6988,96760,2,4,2971,0,0,0,0.25,0,0.335313,0.142857,1
6989,96764,2,4,2971,0,0,0,0.25,0,0.340259,0.142857,1
6990,96770,1,4,2972,0,1,0,0.25,0,0.33503,0.142857,1
6991,96768,2,3,2973,0,1,0,0.25,0,0.326998,0.142857,1
6992,96768,2,2,2974,0,1,0,0.25,0,0.32901,0.142857,1
6993,96771,1,3,2974,0,0,0,0.25,0,0.337976,0.142857,1
6994,96768,1,4,2974,0,0,0,0.25,0,0.32945,0.142857,1
6995,96770,1,4,2974,0,0,0,0.25,0,0.3247,0.142857,1
6996,96765,1,4,2974,0,0,0,0.25,0,0.337745,0.142857,1
6997,96765,1,4,2974,0,0,0,0.25,0,0.332751,0.142857,1
6998,96762,2,3,2975,0,1,0,0.25,0,0.343818,0.142857,1
6999,96766,2,3,2975,0,0,0,0.25,0,0.349197,0.142857,1
7000,96761,1,4,2975,0,0,0,0.25,0,0.358061,0.142857,1
7001,96762,1,2,2976,0,2,1,0.25,0,0.362487,0.142857,1
7002,96763,1,2,2976,0,0,0,0.25,0,0.359433,0.142857,1
7003,96765,1,2,2976,0,0,0,0.25,0,0.381616,0.142857,1
7004,96773,1,2,2976,0,0,0,0.25,0,0.3762,0.142857,1
7005,96772,1,2,2976,0,0,0,0.25,0,0.36477,0.142857,1
7006,96772,1,2,2976,0,0,0,0.25,0,0.360394,0.142857,1
7007,96768,1,2,2976,0,0,0,0.25,0,0.352676,0.142857,1
7008,96768,1,2,2976,0,0,0,0.25,0,0.363602,0.142857,1
7009,96767,1,2,2976,0,0,0,0.25,0,0.36994,0.142857,1
7010,96769,1,1,2977,0,1,0,0.25,0,0.376466,0.142857,1
7011,96764,1,1,2977,0,0,0,0.25,0,0.384215,0.142857,1
7012,96758,3,1,2976,0,0,0,0.25,0,0.370604,0.142857,1
7013,96751,1,3,2975,0,0,0,0.25,0,0.371488,0.142857,1
7014,96746,3,2,2976,0,1,0,0.25,0,0.377026,0.142857,1
7015,96749,2,2,2977,0,1,0,0.25,0,0.374237,0.142857,1
7016,96747,2,2,2977,0,0,0,0.25,0,0.375951,0.142857,1
7017,96747,3,2,2977,0,0,0,0.25,0,0.373187,0.142857,1
7018,96748,3,2,2977,0,0,0,0.25,0,0.374439,0.142857,1
7019,96746,2,2,2978,0,1,2,0.25,0,0.372518,0.142857,1
7020,96749,2,1,2979,0,1,0,0.25,0,0.367357,0.142857,1
7021,96747,3,0,2980,0,1,1,0.25,0,0.350676,0.142857,1
7022,96748,3,0,2980,0,0,0,0.25,0,0.354288,0.142857,1
7023,96749,3,0,2980,0,0,0,0.25,0,0.350921,0.142857,1
7024,96746,1,2,2980,0,0,0,0.25,0,0.342739,0.142857,1
7025,96747,1,2,2980,0,0,0,0.25,0,0.346062,0.142857,1
7026,96747,1,1,2981,0,1,0,0.25,0,0.350886,0.142857,1
7027,96750,1,1,2981,0,0,0,0.25,0,0.35514,0.142857,1
7028,96749,0,2,2981,0,0,0,0.25,0,0.362475,0.142857,1
7029,96754,0,2,2981,0,0,0,0.25,0,0.357236,0.142857,1
7030,96759,1,2,2979,0,0,0,0.25,0,0.360325,0.142857,1
7031,96760,1,1,2980,0,1,0,0.25,0,0.349577,0.142857,1
7032,96758,1,1,2979,0,0,0,0.25,0,0.348597,0.142857,1
7033,96756,1,1,2979,0,0,0,0.25,0,0.332886,0.142857,1
7034,96756,0,1,2979,0,1,0,0.25,0,0.333682,0.142857,1
7035,96753,0,1,2979,0,0,0,0.25,0,0.331551,0.142857,1
7036,96752,0,1,2979,0,0,0,0.25,0,0.328182,0.142857,1
7037,96753,0,1,2978,0,0,0,0.25,0,0.339269,0.142857,1
7038,96754,1,1,2978,0,0,0,0.25,0,0.350263,0.142857,1
7039,96752,1,1,2978,0,0,0,0.25,0,0.355381,0.142857,1
7040,96751,1,1,2977,0,0,0,0.25,0,0.364645,0.142857,1
7041,96749,1,1,2977,0,0,0,0.25,0,0.355428,0.142857,1
7042,96747,1,1,2977,0,0,0,0.25,0,0.359382,0.142857,1
7043,96746,1,1,2977,0,0,0,0.25,0,0.347436,0.142857,1
7044,96749,1,1,2977,0,0,0,0.25,0,0.345788,0.142857,1
7045,96750,1,0,2978,0,1,1,0.25,0,0.356493,0.142857,1
7046,96750,1,0,2978,0,0,0,0.25,0,0.35137,0.142857,1
7047,96756,1,0,2978,0,0,0,0.25,0,0.348126,0.142857,1
7048,96756,1,0,2978,0,0,0,0.25,0,0.340329,0.142857,1
7049,96763,1,0,2978,0,0,0,0.25,0,0.3477,0.142857,1
7050,96767,2,0,2978,0,0,0,0.25,0,0.358514,0.142857,1
7051,96766,2,0,2978,0,0,0,0.25,0,0.367455,0.142857,1
7052,96767,2,0,2977,0,0,0,0.25,0,0.371483,0.142857,1
7053,96768,2,0,2977,0,0,0,0.25,0,0.352767,0.142857,1
7054,96765,2,0,2977,0,0,0,0.25,0,0.34489,0.142857,1
7055,96765,2,0,2977,0,0,0,0.25,0,0.332107,0.142857,1
7056,96767,2,0,2976,0,0,0,0.25,0,0.344353,0.142857,1
7057,96770,2,0,2976,0,0,0,0.25,0,0.346099,0.142857,1
7058,96766,2,0,2975,0,0,0,0.25,0,0.346685,0.142857,1
7059,96765,2,0,2975,0,0,0,0.25,0,0.347682,0.142857,1
7060,96763,1,0,2976,0,1,0,0.25,0,0.363552,0.142857,1
7061,96767,1,0,2976,0,0,0,0.25,0,0.359744,0.142857,1
7062,96775,1,0,2975,0,0,0,0.25,0,0.356689,0.142857,1
7063,96775,2,0,2975,0,0,0,0.25,0,0.350833,0.142857,1
7064,96774,2,0,2975,0,0,0,0.25,0,0.351115,0.142857,1
7065,96777,1,1,2975,0,0,0,0.25,0,0.345237,0.142857,1
7066,96774,2,1,2975,0,0,0,0.25,0,0.357154,0.142857,1
7067,96772,2,1,2975,0,0,0,0.25,0,0.365907,0.142857,1
7068,96773,1,2,2975,0,0,0,0.25,0,0.371587,0.142857,1
7069,96776,2,2,2975,0,0,0,0.25,0,0.366946,0.142857,1
7070,96777,2,2,2975,0,0,0,0.25,0,0.357546,0.142857,1
7071,96777,3,2,2974,0,0,0,0.25,0,0.350072,0.142857,1
7072,96774,3,2,2974,0,0,0,0.25,0,0.366593,0.142857,1
7073,96773,2,3,2974,0,0,0,0.25,0,0.352767,0.142857,1
7074,96774,2,3,2973,0,0,0,0.25,0,0.346851,0.142857,1
7075,96772,2,3,2973,0,0,0,0.25,0,0.330238,0.142857,1
7076,96770,1,2,2975,0,2,0,0.25,0,0.334284,0.142857,1
7077,96764,1,2,2975,0,0,0,0.25,0,0.310695,0.142857,1
7078,96769,0,2,2976,0,1,0,0.25,0,0.315343,0.142857,1
7079,96772,0,2,2975,0,0,0,0.25,0,0.313585,0.142857,1
7080,96774,0,2,2975,0,0,0,0.25,0,0.311512,0.142857,1
7081,96772,1,0,2977,0,2,1,0.25,0,0.313169,0.142857,1
7082,96772,1,0,2977,0,0,0,0.25,0,0.3181,0.142857,1
7083,96772,1,1,2977,0,0,0,0.25,0,0.306914,0.142857,1
7084,96772,1,1,2976,0,0,0,0.25,0,0.299358,0.142857,1
7085,96773,1,1,2976,0,0,0,0.25,0,0.294885,0.142857,1
7086,96772,1,1,2976,0,0,0,0.25,0,0.307351,0.142857,1
7087,96770,1,1,2976,0,0,0,0.25,0,0.296387,0.142857,1
7088,96770,1,1,2976,0,0,0,0.25,0,0.306466,0.142857,1
7089,96771,0,2,2976,0,0,0,0.25,0,0.326197,0.142857,1
7090,96773,1,2,2976,0,0,0,0.25,0,0.309285,0.142857,1
7091,96774,1,2,2976,0,0,0,0.25,0,0.312107,0.142857,1
7092,96774,1,1,2977,0,1,0,0.25,0,0.302954,0.142857,1
7093,96773,1,1,2977,0,0,0,0.25,0,0.301802,0.142857,1
7094,96768,1,1,2977,0,0,0,0.25,0,0.30926,0.142857,1
7095,96770,1,1,2977,0,0,0,0.25,0,0.312029,0.142857,1
7096,96769,2,1,2976,0,0,0,0.25,0,0.308831,0.142857,1
7097,96768,2,0,2977,0,1,0,0.25,0,0.311647,0.142857,1
7098,96766,2,0,2978,0,1,0,0.25,0,0.313603,0.142857,1
7099,96764,1,1,2978,0,0,0,0.25,0,0.313845,0.142857,1
7100,96766,1,1,2978,0,0,0,0.25,0,0.322518,0.142857,1
7101,96768,0,1,2979,0,1,0,0.25,0,0.319899,0.142857,1
7102,96769,0,1,2979,0,0,0,0.25,0,0.319584,0.142857,1
7103,96776,0,1,2979,0,0,0,0.25,0,0.333018,0.142857,1
7104,96777,1,1,2979,0,0,0,0.25,0,0.329551,0.142857,1
7105,96778,1,1,2979,0,0,0,0.25,0,0.331005,0.142857,1
7106,96779,1,1,2979,0,0,0,0.25,0,0.333931,0.142857,1
7107,96781,1,0,2979,0,1,0,0.25,0,0.332715,0.142857,1
7108,96782,1,0,2979,0,0,0,0.25,0,0.325681,0.142857,1
7109,96785,1,0,2979,0,0,0,0.25,0,0.325714,0.142857,1
7110,96783,1,0,2979,0,0,0,0.25,0,0.324811,0.142857,1
7111,96785,1,0,2979,0,0,0,0.25,0,0.331656,0.142857,1
7112,96779,2,0,2979,0,0,0,0.25,0,0.33216,0.142857,1
7113,96778,2,0,2979,0,0,0,0.25,0,0.335099,0.142857,1
7114,96778,3,0,2979,0,0,0,0.25,0,0.343776,0.142857,1
7115,96782,2,1,2979,0,0,0,0.25,0,0.340373,0.142857,1
7116,96782,3,0,2980,0,1,0,0.25,0,0.331609,0.142857,1
7117,96780,4,0,2979,0,0,0,0.25,0,0.336057,0.142857,1
7118,96775,4,0,2979,0,0,0,0.25,0,0.330791,0.142857,1
7119,96772,5,0,2979,0,0,0,0.25,0,0.327844,0.142857,1
7120,96773,5,0,2979,0,0,0,0.25,0,0.336924,0.142857,1
7121,96776,4,0,2980,0,1,0,0.25,0,0.341262,0.142857,1
7122,96774,4,0,2980,0,0,0,0.25,0,0.334003,0.142857,1
7123,96772,4,0,2980,0,0,0,0.25,0,0.348766,0.142857,1
7124,96771,4,0,2980,0,0,0,0.25,0,0.347152,0.142857,1
7125,96773,3,1,2980,0,0,0,0.25,0,0.344798,0.142857,1
7126,96776,2,3,2980,0,0,0,0.25,0,0.365106,0.142857,1
7127,96773,3,2,2981,0,1,0,0.25,0,0.378638,0.142857,1
7128,96768,5,1,2982,0,1,0,0.25,0,0.365251,0.142857,1
7129,96765,4,2,2982,0,0,0,0.25,0,0.369664,0.142857,1
7130,96761,4,2,2981,0,0,0,0.25,0,0.363438,0.142857,1
7131,96757,4,2,2981,0,0,0,0.25,0,0.3574,0.142857,1
7132,96759,4,2,2981,0,0,0,0.25,0,0.344054,0.142857,1
7133,96757,4,1,2982,0,1,0,0.25,0,0.357378,0.142857,1
7134,96757,4,0,2983,0,1,0,0.25,0,0.367128,0.142857,1
7135,96756,4,0,2983,0,0,0,0.25,0,0.365926,0.142857,1
7136,96758,4,0,2983,0,0,0,0.25,0,0.367739,0.142857,1
7137,96756,4,0,2983,0,0,0,0.25,0,0.377711,0.142857,1
7138,96756,4,0,2982,0,0,0,0.25,0,0.384127,0.142857,1
7139,96749,4,0,2982,0,0,0,0.25,0,0.390111,0.142857,1
7140,96752,3,1,2981,0,0,0,0.25,0,0.38199,0.142857,1
7141,96758,3,1,2981,0,0,0,0.25,0,0.391013,0.142857,1
7142,96759,4,1,2981,0,0,0,0.25,0,0.387219,0.142857,1
7143,96756,4,1,2981,0,0,0,0.25,0,0.378682,0.142857,1
7144,96754,3,2,2981,0,0,0,0.25,0,0.373904,0.142857,1
7145,96757,2,3,2981,0,0,0,0.25,0,0.386116,0.142857,1
7146,96757,1,3,2982,0,1,1,0.25,0,0.377465,0.142857,1
7147,96754,2,3,2982,0,0,0,0.25,0,0.379584,0.142857,1
7148,96752,1,4,2982,0,0,0,0.25,0,0.392956,0.142857,1
7149,96750,2,4,2982,0,0,0,0.25,0,0.403001,0.142857,1
7150,96750,3,3,2983,0,1,0,0.25,0,0.389735,0.142857,1
7151,96749,4,3,2983,0,0,0,0.25,0,0.399594,0.142857,1
7152,96750,4,2,2983,0,1,0,0.25,0,0.389116,0.142857,1
7153,96749,4,2,2983,0,0,0,0.25,0,0.384679,0.142857,1
7154,96742,5,2,2983,0,0,0,0.25,0,0.384378,0.142857,1
7155,96740,5,1,2984,0,1,1,0.25,0,0.398085,0.142857,1
7156,96738,5,1,2984,0,0,0,0.25,0,0.385002,0.142857,1
7157,96740,3,3,2984,0,0,0,0.25,0,0.399472,0.142857,1
7158,96740,3,1,2986,0,2,0,0.25,0,0.399683,0.142857,1
7159,96740,3,1,2986,0,0,0,0.25,0,0.382902,0.142857,1
7160,96741,1,2,2987,0,1,1,0.25,0,0.39635,0.142857,1
7161,96739,1,2,2987,0,0,0,0.25,0,0.402276,0.142857,1
7162,96740,1,2,2987,0,0,0,0.25,0,0.403955,0.142857,1
7163,96741,1,1,2988,0,1,1,0.25,0,0.396303,0.142857,1
7164,96739,3,1,2988,0,0,0,0.25,0,0.399076,0.142857,1
7165,96739,2,2,2988,0,0,0,0.25,0,0.401004,0.142857,1
7166,96741,2,2,2988,0,0,0,0.25,0,0.390833,0.142857,1
7167,96742,2,2,2988,0,0,0,0.25,0,0.388731,0.142857,1
7168,96738,3,2,2988,0,0,0,0.25,0,0.390025,0.142857,1
7169,96737,2,2,2989,0,1,0,0.25,0,0.39797,0.142857,1
7170,96736,2,2,2989,0,0,0,0.25,0,0.413285,0.142857,1
7171,96736,2,2,2988,0,0,0,0.25,0,0.41284,0.142857,1
7172,96738,2,2,2988,0,0,0,0.25,0,0.407643,0.142857,1
7173,96737,2,2,2987,0,0,0,0.25,0,0.411254,0.142857,1
7174,96733,3,2,2986,0,0,0,0.25,0,0.418855,0.142857,1
7175,96731,3,1,2987,0,1,0,0.25,0,0.412612,0.142857,1
7176,96731,2,2,2987,0,0,0,0.25,0,0.412475,0.142857,1
7177,96731,2,1,2988,0,1,0,0.25,0,0.405083,0.142857,1
7178,96731,2,1,2988,0,0,0,0.25,0,0.406754,0.142857,1
7179,96729,2,1,2988,0,0,0,0.25,0,0.396746,0.142857,1
7180,96729,2,1,2988,0,0,0,0.25,0,0.393763,0.142857,1
7181,96731,2,1,2988,0,0,0,0.25,0,0.381258,0.142857,1
7182,96733,2,1,2987,0,0,0,0.25,0,0.3724,0.142857,1
7183,96735,2,1,2987,0,0,0,0.25,0,0.374104,0.142857,1
7184,96737,2,1,2986,0,0,0,0.25,0,0.37974,0.142857,1
7185,96741,2,1,2985,0,0,0,0.25,0,0.383999,0.142857,1
7186,96737,2,2,2985,0,0,0,0.25,0,0.379263,0.142857,1
7187,96736,2,2,2986,0,1,0,0.25,0,0.38469,0.142857,1
7188,96733,2,2,2986,0,0,0,0.25,0,0.383348,0.142857,1
7189,96731,2,2,2986,0,0,0,0.25,0,0.375989,0.142857,1
7190,96732,3,2,2986,0,0,0,0.25,0,0.3739,0.142857,1
7191,96730,4,2,2985,0,0,0,0.25,0,0.376312,0.142857,1
7192,96731,4,2,2984,0,0,0,0.25,0,0.367401,0.142857,1
7193,96734,3,3,2984,0,0,0,0.25,0,0.363069,0.142857,1
7194,96733,3,4,2984,0,0,0,0.25,0,0.359893,0.142857,1
7195,96733,3,3,2985,0,1,0,0.25,0,0.362635,0.142857,1
7196,96736,3,2,2986,0,1,0,0.25,0,0.359498,0.142857,1
7197,96742,4,0,2987,0,2,0,0.25,0,0.353188,0.142857,1
7198,96742,4,0,2987,0,0,0,0.25,0,0.359325,0.142857,1
7199,96743,3,1,2987,0,0,0,0.25,0,0.340883,0.142857,1
7200,96745,3,0,2988,0,1,0,0.25,0,0.333782,0.142857,1
7201,96742,4,0,2988,0,0,0,0.25,0,0.339099,0.142857,1
7202,96744,3,1,2988,0,0,0,0.25,0,0.343212,0.142857,1
7203,96744,3,1,2988,0,0,0,0.25,0,0.334604,0.142857,1
7204,96744,2,2,2988,0,0,0,0.25,0,0.332715,0.142857,1
7205,96743,4,2,2988,0,0,0,0.25,0,0.340359,0.142857,1
7206,96740,3,3,2987,0,0,0,0.25,0,0.332009,0.142857,1
7207,96741,4,3,2987,0,0,0,0.25,0,0.336708,0.142857,1
7208,96742,4,4,2987,0,0,0,0.25,0,0.338893,0.142857,1
7209,96744,4,3,2988,0,1,0,0.25,0,0.338078,0.142857,1
7210,96744,5,3,2988,0,0,0,0.25,0,0.333581,0.142857,1
7211,96742,5,3,2988,0,1,0,0.25,0,0.32583,0.142857,1
7212,96742,3,5,2988,0,0,0,0.25,0,0.340848,0.142857,1
7213,96743,3,6,2988,0,0,0,0.25,0,0.347724,0.142857,1
7214,96744,3,6,2987,0,0,0,0.25,0,0.355677,0.142857,1
7215,96741,3,5,2988,0,1,0,0.25,0,0.349508,0.142857,1
7216,96746,3,4,2989,0,1,1,0.25,0,0.345101,0.142857,1
7217,96746,3,3,2990,0,1,0,0.25,0,0.351013,0.142857,1
7218,96744,3,3,2989,0,0,0,0.25,0,0.347204,0.142857,1
7219,96748,3,4,2989,0,0,0,0.25,0,0.343967,0.142857,1
7220,96745,4,4,2989,0,0,0,0.25,0,0.35252,0.142857,1
7221,96742,5,3,2990,0,1,0,0.25,0,0.353275,0.142857,1
7222,96741,4,3,2991,0,1,1,0.25,0,0.366233,0.142857,1
7223,96742,4,3,2991,0,0,0,0.25,0,0.354648,0.142857,1
7224,96739,5,3,2991,0,0,0,0.25,0,0.362759,0.142857,1
7225,96739,6,3,2990,0,0,0,0.25,0,0.363904,0.142857,1
7226,96736,7,2,2991,0,1,0,0.25,0,0.37092,0.142857,1
7227,96737,6,3,2991,0,0,0,0.25,0,0.374805,0.142857,1
7228,96740,5,3,2992,0,1,1,0.25,0,0.383032,0.142857,1
7229,96741,4,3,2993,0,1,0,0.25,0,0.392502,0.142857,1
7230,96741,3,3,2994,0,1,0,0.25,0,0.393815,0.142857,1
7231,96741,4,3,2994,0,0,0,0.25,0,0.386629,0.142857,1
7232,96740,5,3,2994,0,0,0,0.25,0,0.3812,0.142857,1
7233,96743,6,3,2994,0,0,0,0.25,0,0.378971,0.142857,1
7234,96743,6,2,2995,0,1,0,0.25,0,0.376232,0.142857,1
7235,96746,5,3,2995,0,0,0,0.25,0,0.357269,0.142857,1
7236,96746,6,1,2997,0,2,0,0.25,0,0.365359,0.142857,1
7237,96747,6,1,2997,0,0,0,0.25,0,0.38085,0.142857,1
7238,96746,7,1,2997,0,0,0,0.25,0,0.374588,0.142857,1
7239,96745,6,2,2997,0,0,0,0.25,0,0.384566,0.142857,1
7240,96749,6,2,2997,0,0,0,0.25,0,0.381217,0.142857,1
7241,96750,6,2,2997,0,0,0,0.25,0,0.363245,0.142857,1
7242,96746,6,2,2997,0,0,0,0.25,0,0.371588,0.142857,1
7243,96747,6,2,2997,0,0,0,0.25,0,0.366686,0.142857,1
7244,96746,6,2,2999,0,2,0,0.25,0,0.368367,0.142857,1
7245,96748,5,2,3000,0,1,0,0.25,0,0.365866,0.142857,1
7246,96745,6,1,3001,0,1,0,0.25,0,0.372759,0.142857,1
7247,96746,5,2,3001,0,0,0,0.25,0,0.373986,0.142857,1
7248,96746,6,3,3000,0,0,0,0.25,0,0.367553,0.142857,1
7249,96744,4,6,3000,0,0,0,0.25,0,0.379362,0.142857,1
7250,96742,5,5,3001,0,1,0,0.25,0,0.381615,0.142857,1
7251,96740,6,5,3002,0,1,0,0.25,0,0.399328,0.142857,1
7252,96741,7,3,3004,0,2,0,0.25,0,0.390594,0.142857,1
7253,96739,3,7,3004,0,0,0,0.25,0,0.388986,0.142857,1
7254,96738,3,6,3006,0,2,0,0.25,0,0.400012,0.142857,1
7255,96738,4,5,3007,0,1,0,0.25,0,0.392691,0.142857,1
7256,96737,4,5,3007,0,0,0,0.25,0,0.395887,0.142857,1
7257,96739,4,5,3007,0,0,0,0.25,0,0.408762,0.142857,1
7258,96737,4,5,3008,0,1,0,0.25,0,0.403109,0.142857,1
7259,96732,4,5,3009,0,1,0,0.25,0,0.394493,0.142857,1
7260,96734,4,5,3009,0,0,0,0.25,0,0.374366,0.142857,1
7261,96732,4,5,3010,0,1,0,0.25,0,0.362021,0.142857,1
7262,96732,4,4,3011,0,1,0,0.25,0,0.358753,0.142857,1
7263,96731,7,4,3011,0,0,0,0.25,0,0.357556,0.142857,1
7264,96730,6,3,3013,0,2,1,0.25,0,0.353622,0.142857,1
7265,96733,6,1,3015,0,2,0,0.25,0,0.370368,0.142857,1
7266,96726,6,0,3016,0,1,0,0.25,0,0.364408,0.142857,1
7267,96724,6,2,3016,0,0,0,0.25,0,0.380927,0.142857,1
7268,96724,6,2,3016,0,0,0,0.25,0,0.370052,0.142857,1
7269,96722,6,2,3016,0,0,0,0.25,0,0.368667,0.142857,1
7270,96721,7,2,3016,0,0,0,0.25,0,0.353811,0.142857,1
7271,96719,6,3,3016,0,0,0,0.25,0,0.347445,0.142857,1
7272,96721,4,4,3017,0,1,0,0.25,0,0.344364,0.142857,1
7273,96720,4,3,3018,0,1,0,0.25,0,0.354403,0.142857,1
7274,96718,4,3,3018,0,0,0,0.25,0,0.356141,0.142857,1
7275,96716,4,3,3018,0,0,0,0.25,0,0.354757,0.142857,1
7276,96717,4,3,3018,0,0,0,0.25,0,0.337913,0.142857,1
7277,96718,4,3,3018,0,0,0,0.25,0,0.3477,0.142857,1
7278,96717,3,4,3017,0,0,0,0.25,0,0.345044,0.142857,1
7279,96709,3,3,3018,0,1,0,0.25,0,0.347608,0.142857,1
7280,96712,3,3,3018,0,0,0,0.25,0,0.353269,0.142857,1
7281,96713,2,3,3019,0,1,0,0.25,0,0.339873,0.142857,1
7282,96712,2,1,3020,0,2,1,0.25,0,0.344183,0.142857,1
7283,96711,2,1,3020,0,0,0,0.25,0,0.348767,0.142857,1
7284,96709,2,2,3020,0,0,0,0.25,0,0.346797,0.142857,1
7285,96710,2,2,3020,0,0,0,0.25,0,0.351685,0.142857,1
7286,96709,2,2,3020,0,0,0,0.25,0,0.348885,0.142857,1
7287,96713,2,2,3020,0,0,0,0.25,0,0.354774,0.142857,1
7288,96716,2,2,3020,0,0,0,0.25,0,0.327363,0.142857,1
7289,96718,2,2,3020,0,0,0,0.25,0,0.319891,0.142857,1
7290,96720,3,2,3020,0,0,0,0.25,0,0.325816,0.142857,1
7291,96721,3,2,3020,0,0,0,0.25,0,0.34193,0.142857,1
7292,96719,3,2,3020,0,0,0,0.25,0,0.343389,0.142857,1
7293,96723,2,2,3020,0,1,0,0.25,0,0.349999,0.142857,1
7294,96721,2,2,3020,0,0,0,0.25,0,0.365316,0.142857,1
7295,96724,2,2,3020,0,0,0,0.25,0,0.376468,0.142857,1
7296,96730,1,2,3021,0,1,0,0.25,0,0.381195,0.142857,1
7297,96729,2,2,3021,0,0,0,0.25,0,0.365185,0.142857,1
7298,96729,2,1,3022,0,1,1,0.25,0,0.35683,0.142857,1
7299,96732,2,1,3022,0,0,0,0.25,0,0.359752,0.142857,1
7300,96729,2,1,3022,0,0,0,0.25,0,0.356832,0.142857,1
7301,96725,2,1,3022,0,0,0,0.25,0,0.354144,0.142857,1
7302,96723,2,1,3022,0,0,0,0.25,0,0.341326,0.142857,1
7303,96723,2,1,3022,0,0,0,0.25,0,0.338849,0.142857,1
7304,96721,2,0,3023,0,1,0,0.25,0,0.32618,0.142857,1
7305,96717,4,0,3023,0,0,0,0.25,0,0.316184,0.142857,1
7306,96720,2,2,3023,0,0,0,0.25,0,0.324544,0.142857,1
7307,96722,1,3,3023,0,0,0,0.25,0,0.33148,0.142857,1
7308,96712,3,2,3024,0,1,0,0.25,0,0.334776,0.142857,1
7309,96712,3,2,3025,0,1,0,0.25,0,0.327032,0.142857,1
7310,96709,4,2,3023,0,0,0,0.25,0,0.338573,0.142857,1
7311,96708,4,2,3023,0,0,0,0.25,0,0.346085,0.142857,1
7312,96708,5,2,3023,0,0,0,0.25,0,0.349678,0.142857,1
7313,96707,5,2,3023,0,0,0,0.25,0,0.347343,0.142857,1
7314,96703,4,2,3024,0,1,0,0.25,0,0.342393,0.142857,1
7315,96705,5,1,3025,0,1,0,0.25,0,0.334805,0.142857,1
7316,96703,5,1,3025,0,0,0,0.25,0,0.318312,0.142857,1
7317,96700,4,1,3026,0,1,0,0.25,0,0.320698,0.142857,1
7318,96698,4,1,3026,0,0,0,0.25,0,0.32517,0.142857,1
7319,96697,3,2,3026,0,0,0,0.25,0,0.326344,0.142857,1
7320,96700,2,3,3026,0,0,0,0.25,0,0.325091,0.142857,1
7321,96701,2,2,3026,0,1,0,0.25,0,0.323637,0.142857,1
7322,96702,4,3,3025,0,0,0,0.25,0,0.315108,0.142857,1
7323,96706,4,3,3025,0,0,0,0.25,0,0.312435,0.142857,1
7324,96708,4,2,3026,0,1,0,0.25,0,0.31039,0.142857,1
7325,96708,3,2,3027,0,1,0,0.25,0,0.320852,0.142857,1
7326,96707,4,2,3028,0,1,0,0.25,0,0.314116,0.142857,1
7327,96709,2,3,3028,0,1,0,0.25,0,0.317763,0.142857,1
7328,96707,2,3,3028,0,0,0,0.25,0,0.330737,0.142857,1
7329,96708,2,3,3028,0,0,0,0.25,0,0.322426,0.142857,1
7330,96704,2,3,3028,0,0,0,0.25,0,0.319038,0.142857,1
7331,96705,3,4,3028,0,0,0,0.25,0,0.322554,0.142857,1
7332,96709,3,2,3030,0,2,1,0.25,0,0.312899,0.142857,1
7333,96715,2,1,3032,0,2,0,0.25,0,0.312609,0.142857,1
7334,96715,2,1,3033,0,1,1,0.25,0,0.324083,0.142857,1
7335,96715,3,0,3034,0,1,0,0.25,0,0.314931,0.142857,1
7336,96717,3,0,3033,0,0,0,0.25,0,0.2889,0.142857,1
7337,96713,2,1,3033,0,0,0,0.25,0,0.298457,0.142857,1
7338,96709,1,2,3033,0,0,0,0.25,0,0.303416,0.142857,1
7339,96713,1,2,3033,0,0,0,0.25,0,0.30284,0.142857,1
7340,96715,1,2,3034,0,1,1,0.25,0,0.294178,0.142857,1
7341,96712,2,2,3034,0,0,0,0.25,0,0.304273,0.142857,1
7342,96707,3,1,3035,0,1,0,0.25,0,0.299855,0.142857,1
7343,96710,3,1,3035,0,0,0,0.25,0,0.295212,0.142857,1
7344,96716,2,1,3036,0,1,0,0.25,0,0.308255,0.142857,1
7345,96718,2,1,3035,0,0,0,0.25,0,0.307381,0.142857,1
7346,96717,2,1,3035,0,0,0,0.25,0,0.304212,0.142857,1
7347,96718,2,1,3035,0,0,0,0.25,0,0.315687,0.142857,1
7348,96715,3,1,3035,0,0,0,0.25,0,0.319723,0.142857,1
7349,96716,3,1,3035,0,0,0,0.25,0,0.319494,0.142857,1
7350,96712,3,1,3035,0,0,0,0.25,0,0.329559,0.142857,1
7351,96713,3,1,3035,0,0,0,0.25,0,0.32708,0.142857,1
7352,96713,3,1,3035,0,0,0,0.25,0,0.328414,0.142857,1
7353,96709,2,2,3035,0,0,0,0.25,0,0.321925,0.142857,1
7354,96708,3,2,3034,0,0,0,0.25,0,0.325256,0.142857,1
7355,96714,2,2,3035,0,1,0,0.25,0,0.322438,0.142857,1
7356,96715,2,2,3035,0,0,0,0.25,0,0.32054,0.142857,1
7357,96713,1,3,3035,0,0,0,0.25,0,0.325189,0.142857,1
7358,96710,2,3,3035,0,0,0,0.25,0,0.33794,0.142857,1
7359,96707,3,3,3034,0,0,0,0.25,0,0.321962,0.142857,1
7360,96707,3,3,3034,0,0,0,0.25,0,0.332806,0.142857,1
7361,96709,4,1,3036,0,2,2,0.25,0,0.344937,0.142857,1
7362,96711,4,1,3035,0,0,0,0.25,0,0.342272,0.142857,1
7363,96709,3,3,3035,0,0,0,0.25,0,0.330369,0.142857,1
7364,96709,2,4,3035,0,0,0,0.25,0,0.334092,0.142857,1
7365,96709,3,4,3035,0,0,0,0.25,0,0.334365,0.142857,1
7366,96711,2,4,3036,0,1,0,0.25,0,0.358254,0.142857,1
7367,96706,5,3,3037,0,1,1,0.25,0,0.356898,0.142857,1
7368,96707,5,4,3037,0,0,0,0.25,0,0.363398,0.142857,1
7369,96708,5,4,3037,0,0,0,0.25,0,0.363606,0.142857,1
7370,96709,6,3,3038,0,1,0,0.25,0,0.364264,0.142857,1
7371,96713,6,4,3038,0,0,0,0.25,0,0.360477,0.142857,1
7372,96715,6,4,3038,0,0,0,0.25,0,0.372489,0.142857,1
7373,96714,7,3,3039,0,1,0,0.25,0,0.350823,0.142857,1
7374,96716,8,3,3038,0,0,0,0.25,0,0.342251,0.142857,1
7375,96714,7,3,3039,0,1,0,0.25,0,0.355299,0.142857,1
7376,96713,6,3,3040,0,1,1,0.25,0,0.353262,0.142857,1
7377,96718,6,2,3041,0,1,0,0.25,0,0.357833,0.142857,1
7378,96717,7,2,3041,0,0,0,0.25,0,0.355064,0.142857,1
7379,96716,8,1,3042,0,1,0,0.25,0,0.351314,0.142857,1
7380,96717,8,0,3043,0,1,0,0.25,0,0.346768,0.142857,1
7381,96718,7,1,3043,0,0,0,0.25,0,0.347295,0.142857,1
7382,96719,7,2,3042,0,0,0,0.25,0,0.344054,0.142857,1
7383,96715,7,2,3042,0,0,0,0.25,0,0.324399,0.142857,1
7384,96715,5,4,3042,0,0,0,0.25,0,0.329201,0.142857,1
7385,96711,3,4,3044,0,2,1,0.25,0,0.328302,0.142857,1
7386,96712,4,4,3043,0,0,0,0.25,0,0.324087,0.142857,1
7387,96714,4,3,3044,0,1,0,0.25,0,0.322005,0.142857,1
7388,96708,4,2,3045,0,1,0,0.25,0,0.332121,0.142857,1
7389,96705,4,2,3044,0,0,0,0.25,0,0.343051,0.142857,1
7390,96705,3,3,3044,0,0,0,0.25,0,0.336403,0.142857,1
7391,96701,4,2,3046,0,2,1,0.25,0,0.346324,0.142857,1
7392,96701,5,1,3047,0,1,0,0.25,0,0.354113,0.142857,1
7393,96700,7,1,3045,0,0,0,0.25,0,0.357393,0.142857,1
7394,96702,7,1,3045,0,0,0,0.25,0,0.360871,0.142857,1
7395,96699,5,3,3045,0,0,0,0.25,0,0.374852,0.142857,1
7396,96697,4,3,3046,0,1,1,0.25,0,0.373559,0.142857,1
7397,96695,4,3,3045,0,0,0,0.25,0,0.378826,0.142857,1
7398,96695,3,2,3047,0,2,0,0.25,0,0.373762,0.142857,1
7399,96696,2,3,3047,0,0,0,0.25,0,0.372922,0.142857,1
7400,96694,2,2,3048,0,1,0,0.25,0,0.389257,0.142857,1
7401,96693,2,1,3049,0,1,0,0.25,0,0.379487,0.142857,1
7402,96691,2,1,3049,0,0,0,0.25,0,0.380324,0.142857,1
7403,96692,2,0,3050,0,1,0,0.25,0,0.387346,0.142857,1
7404,96688,2,0,3050,0,0,0,0.25,0,0.379774,0.142857,1
7405,96690,1,1,3050,0,0,0,0.25,0,0.367998,0.142857,1
7406,96693,1,1,3050,0,0,0,0.25,0,0.374283,0.142857,1
7407,96695,0,2,3049,0,0,0,0.25,0,0.374856,0.142857,1
7408,96691,0,1,3050,0,1,0,0.25,0,0.388157,0.142857,1
7409,96690,0,1,3050,0,0,0,0.25,0,0.387818,0.142857,1
7410,96690,0,1,3050,0,0,0,0.25,0,0.393488,0.142857,1
7411,96690,1,1,3050,0,0,0,0.25,0,0.381848,0.142857,1
7412,96689,2,1,3050,0,0,0,0.25,0,0.376769,0.142857,1
7413,96689,2,0,3051,0,1,0,0.25,0,0.381291,0.142857,1
7414,96692,2,0,3050,0,0,0,0.25,0,0.375108,0.142857,1
7415,96690,2,0,3050,0,0,0,0.25,0,0.386096,0.142857,1
7416,96685,2,0,3050,0,0,0,0.25,0,0.391112,0.142857,1
7417,96685,2,0,3049,0,0,0,0.25,0,0.39907,0.142857,1
7418,96684,2,0,3049,0,0,0,0.25,0,0.396517,0.142857,1
7419,96686,1,1,3048,0,0,0,0.25,0,0.407048,0.142857,1
7420,96691,2,1,3048,0,0,0,0.25,0,0.410215,0.142857,1
7421,96694,2,1,3048,0,0,0,0.25,0,0.413943,0.142857,1
7422,96696,3,1,3048,0,0,0,0.25,0,0.426984,0.142857,1
7423,96704,3,1,3048,0,0,0,0.25,0,0.433893,0.142857,1
7424,96706,2,1,3049,0,1,0,0.25,0,0.433908,0.142857,1
7425,96710,2,1,3049,0,0,0,0.25,0,0.447433,0.142857,1
7426,96711,2,1,3048,0,0,0,0.25,0,0.435023,0.142857,1
7427,96711,2,1,3048,0,0,0,0.25,0,0.425517,0.142857,1
7428,96710,2,1,3048,0,0,0,0.25,0,0.419644,0.142857,1
7429,96710,1,2,3048,0,0,0,0.25,0,0.420769,0.142857,1
7430,96710,1,2,3048,0,0,0,0.25,0,0.405057,0.142857,1
7431,96709,1,1,3049,0,1,0,0.25,0,0.401461,0.142857,1
7432,96704,2,1,3049,0,0,0,0.25,0,0.407616,0.142857,1
7433,96697,3,1,3048,0,0,0,0.25,0,0.40245,0.142857,1
7434,96697,4,1,3048,0,0,0,0.25,0,0.417318,0.142857,1
7435,96699,3,2,3048,0,0,0,0.25,0,0.427488,0.142857,1
7436,96699,3,2,3048,0,0,0,0.25,0,0.427671,0.142857,1
7437,96699,2,3,3048,0,0,0,0.25,0,0.43553,0.142857,1
7438,96697,2,3,3048,0,1,1,0.25,0,0.428074,0.142857,1
7439,96696,2,2,3048,0,1,0,0.25,0,0.433504,0.142857,1
7440,96698,2,1,3049,0,1,0,0.25,0,0.424115,0.142857,1
7441,96703,2,1,3049,0,0,0,0.25,0,0.438522,0.142857,1
7442,96707,2,1,3049,0,0,0,0.25,0,0.441221,0.142857,1
7443,96711,3,0,3050,0,1,0,0.25,0,0.433469,0.142857,1
7444,96710,3,0,3050,0,0,0,0.25,0,0.433528,0.142857,1
7445,96710,2,1,3050,0,0,0,0.25,0,0.431263,0.142857,1
7446,96706,2,2,3049,0,0,0,0.25,0,0.439489,0.142857,1
7447,96706,2,1,3050,0,1,2,0.25,0,0.435554,0.142857,1
7448,96705,2,1,3050,0,0,0,0.25,0,0.431836,0.142857,1
7449,96705,2,1,3050,0,0,0,0.25,0,0.438005,0.142857,1
7450,96707,2,1,3050,0,0,0,0.25,0,0.444658,0.142857,1
7451,96704,2,0,3051,0,1,0,0.25,0,0.450393,0.142857,1
7452,96702,2,0,3051,0,0,0,0.25,0,0.452708,0.142857,1
7453,96702,2,0,3050,0,0,0,0.25,0,0.457028,0.142857,1
7454,96700,2,0,3050,0,0,0,0.25,0,0.454656,0.142857,1
7455,96698,1,1,3050,0,0,0,0.25,0,0.465223,0.142857,1
7456,96693,2,1,3050,0,0,0,0.25,0,0.472599,0.142857,1
7457,96692,2,1,3050,0,0,0,0.25,0,0.476919,0.142857,1
7458,96691,2,1,3050,0,0,0,0.25,0,0.482367,0.142857,1
7459,96689,2,0,3051,0,1,0,0.25,0,0.491399,0.142857,1
7460,96693,2,0,3051,0,0,0,0.25,0,0.504914,0.142857,1
7461,96694,1,1,3050,0,0,0,0.25,0,0.512939,0.142857,1
7462,96694,1,1,3050,0,0,0,0.25,0,0.51561,0.142857,1
7463,96694,2,1,3050,0,0,0,0.25,0,0.521504,0.142857,1
7464,96693,2,1,3050,0,0,0,0.25,0,0.525704,0.142857,1
7465,96695,2,1,3050,0,0,0,0.25,0,0.513314,0.142857,1
7466,96699,1,1,3051,0,1,0,0.25,0,0.524114,0.142857,1
7467,96695,0,2,3051,0,0,0,0.25,0,0.524694,0.142857,1
7468,96695,1,1,3052,0,1,1,0.25,0,0.521553,0.142857,1
7469,96689,1,1,3052,0,0,0,0.25,0,0.52189,0.142857,1
7470,96689,1,0,3053,0,1,0,0.25,0,0.511669,0.142857,1
7471,96691,1,0,3053,0,0,0,0.25,0,0.525653,0.142857,1
7472,96690,2,0,3053,0,0,0,0.25,0,0.519282,0.142857,1
7473,96689,2,0,3053,0,0,0,0.25,0,0.52277,0.142857,1
7474,96683,1,1,3053,0,0,0,0.25,0,0.519168,0.142857,1
7475,96690,2,1,3053,0,0,0,0.25,0,0.522855,0.142857,1
7476,96690,2,1,3053,0,0,0,0.25,0,0.523447,0.142857,1
7477,96691,2,1,3052,0,0,0,0.25,0,0.523201,0.142857,1
7478,96693,2,1,3052,0,0,0,0.25,0,0.504813,0.142857,1
7479,96691,1,2,3052,0,0,0,0.25,0,0.519625,0.142857,1
7480,96693,1,2,3052,0,0,0,0.25,0,0.522821,0.142857,1
7481,96696,3,1,3053,0,1,0,0.25,0,0.527485,0.142857,1
7482,96695,3,1,3053,0,0,0,0.25,0,0.523994,0.142857,1
7483,96697,3,1,3053,0,0,0,0.25,0,0.535711,0.142857,1
7484,96699,2,2,3053,0,0,0,0.25,0,0.560815,0.142857,1
7485,96698,2,2,3052,0,0,0,0.25,0,0.545054,0.142857,1
7486,96697,3,2,3052,0,0,0,0.25,0,0.53746,0.142857,1
7487,96701,2,2,3053,0,1,0,0.25,0,0.543766,0.142857,1
7488,96703,3,2,3053,0,0,0,0.25,0,0.544901,0.142857,1
7489,96698,2,3,3053,0,0,0,0.25,0,0.548188,0.142857,1
7490,96694,2,3,3053,0,0,0,0.25,0,0.551054,0.142857,1
7491,96690,3,2,3054,0,1,6,0.25,0,0.542439,0.142857,1
7492,96689,3,3,3054,0,0,0,0.25,0,0.551299,0.142857,1
7493,96690,3,2,3055,0,1,0,0.25,0,0.55492,0.142857,1
7494,96689,3,1,3056,0,1,1,0.25,0,0.568803,0.142857,1
7495,96683,3,1,3056,0,0,0,0.25,0,0.585456,0.142857,1
7496,96680,2,2,3056,0,0,0,0.25,0,0.580069,0.142857,1
7497,96678,4,2,3056,0,0,0,0.25,0,0.574956,0.142857,1
7498,96677,4,2,3056,0,0,0,0.25,0,0.571554,0.142857,1
7499,96678,4,2,3057,0,1,0,0.25,0,0.56909,0.142857,1
7500,96677,4,2,3057,0,0,0,0.25,0,0.55908,0.142857,1
7501,96673,4,2,3057,0,0,0,0.25,0,0.55737,0.142857,1
7502,96673,4,2,3057,0,0,0,0.25,0,0.569682,0.142857,1
7503,96675,4,2,3057,0,0,0,0.25,0,0.566794,0.142857,1
7504,96674,4,3,3056,0,0,0,0.25,0,0.578326,0.142857,1
7505,96681,4,1,3058,0,2,0,0.25,0,0.587561,0.142857,1
7506,96683,4,1,3057,0,0,0,0.25,0,0.587835,0.142857,1
7507,96685,4,0,3058,0,1,0,0.25,0,0.586639,0.142857,1
7508,96685,4,0,3058,0,0,0,0.25,0,0.571396,0.142857,1
7509,96689,4,0,3058,0,0,0,0.25,0,0.59093,0.142857,1
7510,96686,5,0,3058,0,0,0,0.25,0,0.606898,0.142857,1
7511,96689,5,0,3058,0,0,0,0.25,0,0.620696,0.142857,1
7512,96686,6,0,3058,0,0,0,0.25,0,0.624626,0.142857,1
7513,96686,5,1,3058,0,0,0,0.25,0,0.631899,0.142857,1
7514,96686,6,1,3058,0,0,0,0.25,0,0.625465,0.142857,1
7515,96686,6,1,3058,0,0,0,0.25,0,0.619801,0.142857,1
7516,96689,6,1,3058,0,0,0,0.25,0,0.617649,0.142857,1
7517,96686,5,2,3058,0,0,0,0.25,0,0.595458,0.142857,1
7518,96688,5,2,3058,0,0,0,0.25,0,0.595045,0.142857,1
7519,96691,4,3,3058,0,0,0,0.25,0,0.589792,0.142857,1
7520,96689,4,3,3058,0,0,0,0.25,0,0.581362,0.142857,1
7521,96687,4,2,3059,0,1,0,0.25,0,0.587183,0.142857,1
7522,96686,4,1,3060,0,1,0,0.25,0,0.593945,0.142857,1
7523,96685,4,0,3061,0,1,0,0.25,0,0.589495,0.142857,1
7524,96684,3,0,3062,0,1,0,0.25,0,0.576236,0.142857,1
7525,96681,2,1,3062,0,0,0,0.25,0,0.589942,0.142857,1
7526,96684,2,1,3062,0,0,0,0.25,0,0.570475,0.142857,1
7527,96685,2,1,3062,0,0,0,0.25,0,0.574148,0.142857,1
7528,96684,3,1,3062,0,0,0,0.25,0,0.567757,0.142857,1
7529,96689,3,1,3062,0,0,0,0.25,0,0.564393,0.142857,1
7530,96689,3,1,3062,0,0,0,0.25,0,0.563543,0.142857,1
7531,96688,3,1,3062,0,0,0,0.25,0,0.574949,0.142857,1
7532,96686,3,2,3062,0,0,0,0.25,0,0.578288,0.142857,1
7533,96686,3,1,3063,0,1,0,0.25,0,0.578671,0.142857,1
7534,96685,3,1,3063,0,0,0,0.25,0,0.578487,0.142857,1
7535,96684,3,1,3064,0,1,0,0.25,0,0.585553,0.142857,1
7536,96686,3,1,3064,0,0,0,0.25,0,0.569576,0.142857,1
7537,96689,3,1,3064,0,0,0,0.25,0,0.566587,0.142857,1
7538,96695,2,1,3065,0,1,0,0.25,0,0.570555,0.142857,1
7539,96700,2,1,3065,0,0,0,0.25,0,0.570518,0.142857,1
7540,96703,2,1,3065,0,0,0,0.25,0,0.563866,0.142857,1
7541,96703,2,1,3065,0,0,0,0.25,0,0.571775,0.142857,1
7542,96698,3,1,3064,0,0,0,0.25,0,0.578494,0.142857,1
7543,96696,4,1,3064,0,0,0,0.25,0,0.574368,0.142857,1
7544,96697,4,1,3064,0,0,0,0.25,0,0.575822,0.142857,1
7545,96700,3,2,3064,0,0,0,0.25,0,0.575962,0.142857,1
7546,96700,3,2,3064,0,0,0,0.25,0,0.569856,0.142857,1
7547,96698,3,2,3064,0,0,0,0.25,0,0.572804,0.142857,1
7548,96695,3,2,3064,0,0,0,0.25,0,0.584468,0.142857,1
7549,96697,3,2,3063,0,0,0,0.25,0,0.590049,0.142857,1
7550,96693,2,3,3063,0,0,0,0.25,0,0.587481,0.142857,1
7551,96694,2,3,3063,0,0,0,0.25,0,0.581982,0.142857,1
7552,96695,2,2,3065,0,2,1,0.25,0,0.585875,0.142857,1
7553,96696,2,2,3065,0,0,0,0.25,0,0.57302,0.142857,1
7554,96698,3,2,3065,0,0,0,0.25,0,0.577718,0.142857,1
7555,96699,3,1,3065,0,1,1,0.25,0,0.583852,0.142857,1
7556,96699,4,1,3065,0,0,0,0.25,0,0.553179,0.142857,1
7557,96700,3,3,3066,0,1,0,0.25,0,0.553042,0.142857,1
7558,96700,4,2,3067,0,1,0,0.25,0,0.560383,0.142857,1
7559,96697,5,1,3067,0,1,2,0.25,0,0.54742,0.142857,1
7560,96694,5,0,3068,0,1,0,0.25,0,0.541039,0.142857,1
7561,96697,4,0,3069,0,1,0,0.25,0,0.552068,0.142857,1
7562,96694,4,0,3069,0,0,0,0.25,0,0.550265,0.142857,1
7563,96692,2,2,3069,0,0,0,0.25,0,0.548244,0.142857,1
7564,96692,2,1,3070,0,1,0,0.25,0,0.549489,0.142857,1
7565,96694,2,1,3070,0,0,0,0.25,0,0.552056,0.142857,1
7566,96691,2,1,3070,0,0,0,0.25,0,0.564331,0.142857,1
7567,96693,3,1,3069,0,0,0,0.25,0,0.573387,0.142857,1
7568,96691,3,1,3068,0,0,0,0.25,0,0.578598,0.142857,1
7569,96689,4,1,3067,0,0,0,0.25,0,0.583761,0.142857,1
7570,96691,4,1,3067,0,0,0,0.25,0,0.584779,0.142857,1
7571,96694,4,1,3067,0,0,0,0.25,0,0.586784,0.142857,1
7572,96698,4,1,3067,0,0,0,0.25,0,0.585164,0.142857,1
7573,96699,4,1,3067,0,0,0,0.25,0,0.595434,0.142857,1
7574,96698,4,1,3067,0,0,0,0.25,0,0.589285,0.142857,1
7575,96698,5,1,3067,0,0,0,0.25,0,0.59455,0.142857,1
7576,96695,5,1,3066,0,0,0,0.25,0,0.59554,0.142857,1
7577,96696,5,0,3067,0,1,0,0.25,0,0.605247,0.142857,1
7578,96697,4,0,3068,0,1,0,0.25,0,0.622547,0.142857,1
7579,96696,4,0,3068,0,0,0,0.25,0,0.614713,0.142857,1
7580,96698,3,1,3068,0,0,0,0.25,0,0.621255,0.142857,1
7581,96705,3,0,3069,0,1,1,0.25,0,0.626844,0.142857,1
7582,96703,4,0,3069,0,0,0,0.25,0,0.633808,0.142857,1
7583,96709,3,1,3069,0,0,0,0.25,0,0.652503,0.142857,1
7584,96713,4,1,3069,0,0,0,0.25,0,0.651934,0.142857,1
7585,96712,1,4,3069,0,0,0,0.25,0,0.635195,0.142857,1
7586,96709,3,3,3070,0,1,0,0.25,0,0.639226,0.142857,1
7587,96709,3,3,3070,0,0,0,0.25,0,0.63513,0.142857,1
7588,96707,2,3,3071,0,1,0,0.25,0,0.634148,0.142857,1
7589,96704,3,3,3071,0,0,0,0.25,0,0.638563,0.142857,1
7590,96704,4,2,3072,0,1,0,0.25,0,0.645715,0.142857,1
7591,96702,4,2,3072,0,0,0,0.25,0,0.641812,0.142857,1
7592,96700,4,2,3072,0,0,0,0.25,0,0.636908,0.142857,1
7593,96699,4,2,3072,0,0,0,0.25,0,0.640613,0.142857,1
7594,96695,5,3,3072,0,0,0,0.25,0,0.625551,0.142857,1
7595,96694,5,3,3072,0,0,0,0.25,0,0.644872,0.142857,1
7596,96692,5,2,3073,0,1,0,0.25,0,0.64597,0.142857,1
7597,96692,5,2,3073,0,0,0,0.25,0,0.658672,0.142857,1
7598,96692,6,1,3074,0,1,0,0.25,0,0.652255,0.142857,1
7599,96690,5,1,3075,0,1,0,0.25,0,0.676421,0.142857,1
7600,96692,4,1,3076,0,1,0,0.25,0,0.697166,0.142857,1
7601,96690,3,2,3076,0,0,0,0.25,0,0.702705,0.142857,1
7602,96690,3,2,3076,0,0,0,0.25,0,0.718537,0.142857,1
7603,96691,4,2,3076,0,0,0,0.25,0,0.720786,0.142857,1
7604,96691,4,2,3076,0,0,0,0.25,0,0.725441,0.142857,1
7605,96692,4,2,3076,0,0,0,0.25,0,0.711568,0.142857,1
7606,96695,5,3,3076,0,0,0,0.25,0,0.710435,0.142857,1
7607,96691,4,4,3076,0,0,0,0.25,0,0.719181,0.142857,1
7608,96690,3,5,3076,0,0,0,0.25,0,0.728368,0.142857,1
7609,96688,5,5,3076,0,0,0,0.25,0,0.721927,0.142857,1
7610,96684,5,3,3080,0,4,1,0.25,0,0.7291,0.142857,1
7611,96679,6,4,3080,0,0,0,0.25,0,0.737373,0.142857,1
7612,96679,5,4,3081,0,1,0,0.25,0,0.762198,0.142857,1
7613,96677,4,4,3082,0,1,1,0.25,0,0.756258,0.142857,1
7614,96679,4,3,3083,0,1,0,0.25,0,0.756346,0.142857,1
7615,96681,4,2,3083,0,1,0,0.25,0,0.752201,0.142857,1
7616,96678,4,2,3083,0,0,0,0.25,0,0.746905,0.142857,1
7617,96675,5,2,3083,0,0,0,0.25,0,0.757797,0.142857,1
7618,96672,3,4,3083,0,0,0,0.25,0,0.744386,0.142857,1
7619,96668,3,5,3083,0,0,0,0.25,0,0.732944,0.142857,1
7620,96665,2,6,3082,0,0,0,0.25,0,0.718082,0.142857,1
7621,96665,3,6,3082,0,0,0,0.25,0,0.71664,0.142857,1
7622,96667,3,7,3082,0,0,0,0.25,0,0.71825,0.142857,1
7623,96665,4,6,3084,0,2,1,0.25,0,0.718349,0.142857,1
7624,96667,5,5,3085,0,1,1,0.25,0,0.732,0.142857,1
7625,96663,6,6,3085,0,0,0,0.25,0,0.746612,0.142857,1
7626,96663,7,4,3087,0,2,0,0.25,0,0.725805,0.142857,1
7627,96662,5,5,3088,0,1,1,0.25,0,0.728227,0.142857,1
7628,96660,5,5,3088,0,0,0,0.25,0,0.734001,0.142857,1
7629,96658,5,5,3088,0,0,0,0.25,0,0.728903,0.142857,1
7630,96658,6,2,3091,0,3,0,0.25,0,0.722973,0.142857,1
7631,96656,5,3,3091,0,0,0,0.25,0,0.73315,0.142857,1
7632,96654,5,3,3092,0,1,0,0.25,0,0.738047,0.142857,1
7633,96654,4,4,3092,0,0,0,0.25,0,0.740854,0.142857,1
7634,96656,4,5,3092,0,0,0,0.25,0,0.744031,0.142857,1
7635,96659,4,6,3092,0,0,0,0.25,0,0.759018,0.142857,1
7636,96660,6,6,3092,0,0,0,0.25,0,0.759503,0.142857,1
7637,96661,5,6,3093,0,1,0,0.25,0,0.752941,0.142857,1
7638,96659,5,5,3094,0,1,0,0.25,0,0.745931,0.142857,1
7639,96656,4,6,3095,0,1,0,0.25,0,0.746207,0.142857,1
7640,96659,4,6,3093,0,0,0,0.25,0,0.769916,0.142857,1
7641,96660,6,4,3094,0,2,0,0.25,0,0.766833,0.142857,1
7642,96658,7,4,3095,0,1,0,0.25,0,0.779495,0.142857,1
7643,96657,6,4,3096,0,1,0,0.25,0,0.75915,0.142857,1
7644,96659,6,5,3096,0,0,0,0.25,0,0.744435,0.142857,1
7645,96664,6,4,3097,0,1,0,0.25,0,0.743426,0.142857,1
7646,96663,8,4,3097,0,0,0,0.25,0,0.753807,0.142857,1
7647,96665,8,3,3098,0,1,0,0.25,0,0.764155,0.142857,1
7648,96666,9,1,3100,0,2,1,0.25,0,0.772017,0.142857,1
7649,96668,9,1,3099,0,0,0,0.25,0,0.782773,0.142857,1
7650,96671,7,2,3100,0,1,0,0.25,0,0.774769,0.142857,1
7651,96670,7,2,3100,0,0,0,0.25,0,0.777479,0.142857,1
7652,96662,5,2,3102,0,2,0,0.25,0,0.771047,0.142857,1
7653,96666,5,2,3102,0,0,0,0.25,0,0.764816,0.142857,1
7654,96670,5,3,3102,0,0,0,0.25,0,0.766414,0.142857,1
7655,96669,3,6,3102,0,0,0,0.25,0,0.764813,0.142857,1
7656,96671,2,7,3103,0,1,0,0.25,0,0.768545,0.142857,1
7657,96671,2,3,3106,0,4,0,0.25,0,0.760681,0.142857,1
7658,96669,2,4,3105,0,0,0,0.25,0,0.758217,0.142857,1
7659,96665,2,1,3109,0,4,0,0.25,0,0.762343,0.142857,1
7660,96668,4,1,3109,0,0,0,0.25,0,0.753403,0.142857,1
7661,96668,4,1,3108,0,0,0,0.25,0,0.745267,0.142857,1
7662,96667,3,2,3108,0,0,0,0.25,0,0.742914,0.142857,1
7663,96662,4,2,3108,0,0,0,0.25,0,0.736551,0.142857,1
7664,96666,5,2,3108,0,0,0,0.25,0,0.739675,0.142857,1
7665,96664,5,1,3109,0,1,0,0.25,0,0.746714,0.142857,1
7666,96664,4,1,3109,0,1,1,0.25,0,0.738976,0.142857,1
7667,96665,4,1,3108,0,0,0,0.25,0,0.73672,0.142857,1
7668,96668,4,1,3108,0,0,0,0.25,0,0.73448,0.142857,1
7669,96670,4,0,3109,0,1,0,0.25,0,0.731177,0.142857,1
7670,96672,4,0,3109,0,0,0,0.25,0,0.737332,0.142857,1
7671,96674,4,1,3109,0,0,0,0.25,0,0.729962,0.142857,1
7672,96675,5,1,3109,0,0,0,0.25,0,0.738989,0.142857,1
7673,96667,5,0,3110,0,1,0,0.25,0,0.741315,0.142857,1
7674,96665,4,1,3109,0,0,0,0.25,0,0.725318,0.142857,1
7675,96667,5,1,3109,0,0,0,0.25,0,0.71861,0.142857,1
7676,96671,4,2,3109,0,0,0,0.25,0,0.718419,0.142857,1
7677,96670,3,3,3109,0,0,0,0.25,0,0.706297,0.142857,1
7678,96672,4,3,3109,0,0,0,0.25,0,0.694642,0.142857,1
7679,96674,4,3,3109,0,0,0,0.25,0,0.680867,0.142857,1
7680,96672,4,2,3109,0,1,0,0.25,0,0.674733,0.142857,1
7681,96675,4,1,3110,0,1,0,0.25,0,0.687205,0.142857,1
7682,96673,5,2,3110,0,0,0,0.25,0,0.676701,0.142857,1
7683,96670,6,2,3110,0,0,0,0.25,0,0.683626,0.142857,1
7684,96670,5,2,3111,0,1,0,0.25,0,0.685133,0.142857,1
7685,96670,4,3,3112,0,1,0,0.25,0,0.679896,0.142857,1
7686,96668,5,1,3114,0,2,0,0.25,0,0.670731,0.142857,1
7687,96670,6,2,3114,0,0,0,0.25,0,0.681567,0.142857,1
7688,96669,6,3,3114,0,0,0,0.25,0,0.692961,0.142857,1
7689,96670,6,2,3116,0,2,0,0.25,0,0.687355,0.142857,1
7690,96672,5,3,3115,0,0,0,0.25,0,0.672652,0.142857,1
7691,96671,5,2,3116,0,1,1,0.25,0,0.683475,0.142857,1
7692,96675,4,2,3117,0,1,0,0.25,0,0.687385,0.142857,1
7693,96678,3,2,3117,0,1,0,0.25,0,0.683192,0.142857,1
7694,96677,2,2,3118,0,1,0,0.25,0,0.682732,0.142857,1
7695,96676,1,1,3120,0,2,0,0.25,0,0.69201,0.142857,1
7696,96680,1,1,3120,0,0,0,0.25,0,0.70117,0.142857,1
7697,96680,1,1,3120,0,0,0,0.25,0,0.68852,0.142857,1
7698,96679,2,0,3121,0,1,1,0.25,0,0.68194,0.142857,1
7699,96677,3,0,3121,0,0,0,0.25,0,0.683417,0.142857,1
7700,96676,3,0,3121,0,0,0,0.25,0,0.681126,0.142857,1
7701,96675,3,0,3121,0,0,0,0.25,0,0.679521,0.142857,1
7702,96680,3,0,3121,0,0,0,0.25,0,0.678578,0.142857,1
7703,96680,3,0,3121,0,0,0,0.25,0,0.678191,0.142857,1
7704,96681,1,2,3121,0,0,0,0.25,0,0.67961,0.142857,1
7705,96683,1,0,3123,0,2,0,0.25,0,0.684827,0.142857,1
7706,96686,1,0,3123,0,0,0,0.25,0,0.678367,0.142857,1
7707,96692,1,0,3122,0,0,0,0.25,0,0.670845,0.142857,1
7708,96695,0,1,3122,0,0,0,0.25,0,0.673326,0.142857,1
7709,96696,0,2,3122,0,0,0,0.25,0,0.664108,0.142857,1
7710,96694,1,2,3122,0,0,0,0.25,0,0.653074,0.142857,1
7711,96695,2,2,3122,0,0,0,0.25,0,0.667541,0.142857,1
7712,96692,4,2,3122,0,0,0,0.25,0,0.660126,0.142857,1
7713,96694,3,3,3122,0,0,0,0.25,0,0.663034,0.142857,1
7714,96692,3,2,3122,0,1,1,0.25,0,0.650669,0.142857,1
7715,96690,3,3,3122,0,0,0,0.25,0,0.647427,0.142857,1
7716,96693,2,3,3123,0,1,2,0.25,0,0.635481,0.142857,1
7717,96694,2,2,3124,0,1,0,0.25,0,0.626465,0.142857,1
7718,96694,2,2,3124,0,0,0,0.25,0,0.6375,0.142857,1
7719,96692,3,1,3125,0,1,0,0.25,0,0.641223,0.142857,1
7720,96694,3,1,3124,0,0,0,0.25,0,0.635243,0.142857,1
7721,96692,3,1,3124,0,0,0,0.25,0,0.633868,0.142857,1
7722,96690,3,1,3124,0,0,0,0.25,0,0.619563,0.142857,1
7723,96693,3,1,3124,0,0,0,0.25,0,0.623704,0.142857,1
7724,96695,4,1,3124,0,0,0,0.25,0,0.646088,0.142857,1
7725,96695,3,2,3123,0,0,0,0.25,0,0.640741,0.142857,1
7726,96693,3,2,3123,0,0,0,0.25,0,0.63744,0.142857,1
7727,96690,1,3,3124,0,1,1,0.25,0,0.62305,0.142857,1
7728,96692,1,3,3124,0,0,0,0.25,0,0.631662,0.142857,1
7729,96692,0,5,3124,0,0,0,0.25,0,0.636519,0.142857,1
7730,96693,0,4,3125,0,1,0,0.25,0,0.631182,0.142857,1
7731,96690,1,4,3125,0,0,0,0.25,0,0.628383,0.142857,1
7732,96696,1,4,3125,0,0,0,0.25,0,0.61506,0.142857,1
7733,96701,1,4,3125,0,0,0,0.25,0,0.61815,0.142857,1
7734,96699,3,4,3125,0,0,0,0.25,0,0.635035,0.142857,1
7735,96697,3,4,3125,0,0,0,0.25,0,0.649801,0.142857,1
7736,96696,3,2,3127,0,2,0,0.25,0,0.63586,0.142857,1
7737,96696,3,2,3127,0,0,0,0.25,0,0.634215,0.142857,1
7738,96696,3,2,3127,0,0,0,0.25,0,0.631952,0.142857,1
7739,96694,3,2,3127,0,0,0,0.25,0,0.631365,0.142857,1
7740,96693,3,2,3127,0,0,0,0.25,0,0.633876,0.142857,1
7741,96691,3,1,3128,0,1,0,0.25,0,0.626476,0.142857,1
7742,96697,3,1,3128,0,0,0,0.25,0,0.624739,0.142857,1
7743,96699,3,1,3128,0,0,0,0.25,0,0.646893,0.142857,1
7744,96702,2,2,3128,0,0,0,0.25,0,0.648266,0.142857,1
7745,96703,2,1,3129,0,1,0,0.25,0,0.646553,0.142857,1
7746,96702,4,1,3129,0,0,0,0.25,0,0.647969,0.142857,1
7747,96704,4,1,3129,0,0,0,0.25,0,0.661214,0.142857,1
7748,96704,4,1,3129,0,0,0,0.25,0,0.668362,0.142857,1
7749,96705,4,0,3130,0,1,0,0.25,0,0.665968,0.142857,1
7750,96709,3,1,3130,0,0,0,0.25,0,0.656293,0.142857,1
7751,96711,3,1,3130,0,0,0,0.25,0,0.649477,0.142857,1
7752,96708,3,1,3130,0,0,0,0.25,0,0.633534,0.142857,1
7753,96710,3,1,3130,0,0,0,0.25,0,0.622319,0.142857,1
7754,96709,3,1,3130,0,0,0,0.25,0,0.60716,0.142857,1
7755,96709,2,1,3131,0,1,0,0.25,0,0.623211,0.142857,1
7756,96705,2,2,3131,0,0,0,0.25,0,0.618532,0.142857,1
7757,96705,2,1,3131,0,1,0,0.25,0,0.608149,0.142857,1
7758,96704,2,1,3130,0,0,0,0.25,0,0.616958,0.142857,1
7759,96705,2,1,3129,0,0,0,0.25,0,0.61641,0.142857,1
7760,96704,1,2,3128,0,0,0,0.25,0,0.625683,0.142857,1
7761,96706,2,1,3129,0,1,1,0.25,0,0.616836,0.142857,1
7762,96698,3,1,3129,0,0,0,0.25,0,0.616041,0.142857,1
7763,96701,2,2,3129,0,0,0,0.25,0,0.63589,0.142857,1
7764,96703,2,2,3129,0,0,0,0.25,0,0.640684,0.142857,1
7765,96702,2,1,3130,0,1,0,0.25,0,0.634412,0.142857,1
7766,96703,3,1,3130,0,0,0,0.25,0,0.623769,0.142857,1
7767,96700,3,1,3130,0,0,0,0.25,0,0.626533,0.142857,1
7768,96695,2,1,3131,0,1,0,0.25,0,0.628269,0.142857,1
7769,96690,2,0,3131,0,1,0,0.25,0,0.624626,0.142857,1
7770,96696,2,0,3131,0,0,0,0.25,0,0.639359,0.142857,1
7771,96691,1,1,3131,0,0,0,0.25,0,0.633182,0.142857,1
7772,96693,1,1,3130,0,0,0,0.25,0,0.648928,0.142857,1
7773,96690,1,1,3130,0,0,0,0.25,0,0.639211,0.142857,1
7774,96688,1,1,3130,0,0,0,0.25,0,0.633906,0.142857,1
7775,96693,1,0,3131,0,1,0,0.25,0,0.647785,0.142857,1
7776,96690,1,0,3131,0,0,0,0.25,0,0.639068,0.142857,1
7777,96690,0,0,3132,0,1,0,0.25,0,0.645074,0.142857,1
7778,96689,0,0,3132,0,0,0,0.25,0,0.644123,0.142857,1
7779,96690,0,0,3132,0,0,0,0.25,0,0.628435,0.142857,1
7780,96691,0,0,3132,0,0,0,0.25,0,0.621867,0.142857,1
7781,96692,0,0,3132,0,0,0,0.25,0,0.629427,0.142857,1
7782,96692,0,0,3132,0,0,0,0.25,0,0.626779,0.142857,1
7783,96691,1,0,3132,0,0,0,0.25,0,0.637371,0.142857,1
7784,96691,1,0,3132,0,0,0,0.25,0,0.639532,0.142857,1
7785,96691,1,0,3132,0,0,0,0.25,0,0.646882,0.142857,1
7786,96691,1,0,3132,0,0,0,0.25,0,0.639865,0.142857,1
7787,96692,0,1,3132,0,0,0,0.25,0,0.644612,0.142857,1
7788,96691,0,1,3132,0,0,0,0.25,0,0.639649,0.142857,1
7789,96691,0,1,3132,0,0,0,0.25,0,0.642046,0.142857,1
7790,96692,0,1,3132,0,0,0,0.25,0,0.654261,0.142857,1
7791,96684,1,1,3132,0,0,0,0.25,0,0.656032,0.142857,1
7792,96684,1,1,3132,0,0,0,0.25,0,0.638173,0.142857,1
7793,96681,1,2,3132,0,0,0,0.25,0,0.629149,0.142857,1
7794,96681,1,1,3133,0,1,0,0.25,0,0.636802,0.142857,1
7795,96679,2,0,3134,0,1,0,0.25,0,0.649491,0.142857,1
7796,96680,2,0,3134,0,0,0,0.25,0,0.645893,0.142857,1
7797,96680,1,1,3134,0,0,0,0.25,0,0.644444,0.142857,1
7798,96681,1,0,3135,0,1,0,0.25,0,0.645429,0.142857,1
7799,96681,1,0,3135,0,0,0,0.25,0,0.651504,0.142857,1
7800,96679,1,0,3135,0,0,0,0.25,0,0.651661,0.142857,1
7801,96676,1,0,3135,0,0,0,0.25,0,0.652841,0.142857,1
7802,96676,2,0,3135,0,0,0,0.25,0,0.645422,0.142857,1
7803,96677,1,1,3135,0,0,0,0.25,0,0.651152,0.142857,1
7804,96673,1,1,3135,0,0,0,0.25,0,0.634803,0.142857,1
7805,96669,1,1,3135,0,0,0,0.25,0,0.634808,0.142857,1
7806,96668,1,1,3135,0,0,0,0.25,0,0.642844,0.142857,1
7807,96668,1,2,3135,0,0,0,0.25,0,0.624466,0.142857,1
7808,96666,1,2,3135,0,0,0,0.25,0,0.625537,0.142857,1
7809,96669,1,1,3136,0,1,0,0.25,0,0.635328,0.142857,1
7810,96673,1,0,3137,0,1,2,0.25,0,0.637209,0.142857,1
7811,96676,1,0,3137,0,0,0,0.25,0,0.630264,0.142857,1
7812,96678,1,0,3137,0,0,0,0.25,0,0.638118,0.142857,1
7813,96676,1,0,3137,0,0,0,0.25,0,0.648188,0.142857,1
7814,96677,1,0,3137,0,0,0,0.25,0,0.644377,0.142857,1
7815,96678,0,1,3137,0,0,0,0.25,0,0.649082,0.142857,1
7816,96679,0,1,3137,0,0,0,0.25,0,0.650507,0.142857,1
7817,96677,0,1,3137,0,0,0,0.25,0,0.656761,0.142857,1
7818,96679,0,1,3136,0,0,0,0.25,0,0.667626,0.142857,1
7819,96680,0,1,3136,0,0,0,0.25,0,0.659451,0.142857,1
7820,96683,0,1,3136,0,0,0,0.25,0,0.648984,0.142857,1
7821,96691,0,1,3136,0,0,0,0.25,0,0.657015,0.142857,1
7822,96688,0,1,3136,0,0,0,0.25,0,0.653653,0.142857,1
7823,96689,0,1,3136,0,0,0,0.25,0,0.662939,0.142857,1
7824,96692,0,1,3136,0,0,0,0.25,0,0.651252,0.142857,1
7825,96691,0,1,3136,0,0,0,0.25,0,0.653367,0.142857,1
7826,96690,2,0,3137,0,1,1,0.25,0,0.650162,0.142857,1
7827,96692,2,0,3137,0,0,0,0.25,0,0.666409,0.142857,1
7828,96695,1,1,3137,0,0,0,0.25,0,0.671207,0.142857,1
7829,96696,1,1,3136,0,0,0,0.25,0,0.657961,0.142857,1
7830,96694,0,1,3137,0,1,0,0.25,0,0.662856,0.142857,1
7831,96696,0,1,3137,0,0,0,0.25,0,0.657114,0.142857,1
7832,96696,0,1,3137,0,0,0,0.25,0,0.65263,0.142857,1
7833,96699,1,1,3137,0,0,0,0.25,0,0.651697,0.142857,1
7834,96703,1,1,3137,0,0,0,0.25,0,0.65199,0.142857,1
7835,96706,1,1,3137,0,0,0,0.25,0,0.658725,0.142857,1
7836,96704,2,2,3137,0,0,0,0.25,0,0.673662,0.142857,1
7837,96708,3,2,3137,0,0,0,0.25,0,0.675388,0.142857,1
7838,96712,2,2,3138,0,1,0,0.25,0,0.671426,0.142857,1
7839,96710,2,2,3138,0,0,0,0.25,0,0.672592,0.142857,1
7840,96708,2,1,3139,0,1,1,0.25,0,0.672132,0.142857,1
7841,96708,2,1,3139,0,0,0,0.25,0,0.67308,0.142857,1
7842,96709,2,1,3139,0,0,0,0.25,0,0.670164,0.142857,1
7843,96704,1,2,3139,0,0,0,0.25,0,0.658102,0.142857,1
7844,96702,1,1,3140,0,1,0,0.25,0,0.657712,0.142857,1
7845,96705,1,1,3140,0,0,0,0.25,0,0.65421,0.142857,1
7846,96701,0,1,3141,0,1,0,0.25,0,0.659571,0.142857,1
7847,96700,0,1,3141,0,0,0,0.25,0,0.653988,0.142857,1
7848,96700,0,0,3142,0,1,2,0.25,0,0.64288,0.142857,1
7849,96700,0,0,3142,0,0,0,0.25,0,0.639025,0.142857,1
7850,96699,0,0,3142,0,0,0,0.25,0,0.63614,0.142857,1
7851,96700,0,0,3142,0,0,0,0.25,0,0.633903,0.142857,1
7852,96695,0,0,3142,0,0,0,0.25,0,0.637831,0.142857,1
7853,96694,0,0,3142,0,0,0,0.25,0,0.623726,0.142857,1
7854,96702,0,0,3141,0,0,0,0.25,0,0.623944,0.142857,1
7855,96703,0,0,3140,0,0,0,0.25,0,0.62018,0.142857,1
7856,96702,0,0,3140,0,0,0,0.25,0,0.630172,0.142857,1
7857,96704,0,0,3140,0,0,0,0.25,0,0.643882,0.142857,1
7858,96703,0,0,3140,0,0,0,0.25,0,0.643514,0.142857,1
7859,96702,0,0,3140,0,0,0,0.25,0,0.635086,0.142857,1
7860,96703,0,0,3140,0,0,0,0.25,0,0.644644,0.142857,1
7861,96700,0,0,3140,0,0,0,0.25,0,0.631779,0.142857,1
7862,96694,0,0,3140,0,0,0,0.25,0,0.634229,0.142857,1
7863,96694,0,0,3140,0,0,0,0.25,0,0.615474,0.142857,1
7864,96695,0,0,3140,0,0,0,0.25,0,0.610412,0.142857,1
7865,96697,0,0,3140,0,0,0,0.25,0,0.606626,0.142857,1
7866,96696,0,0,3140,0,0,0,0.25,0,0.606165,0.142857,1
7867,96692,0,0,3140,0,0,0,0.25,0,0.60607,0.142857,1
7868,96693,0,0,3140,0,0,0,0.25,0,0.612168,0.142857,1
7869,96698,0,0,3140,0,0,0,0.25,0,0.610403,0.142857,1
7870,96701,0,0,3140,0,0,0,0.25,0,0.613522,0.142857,1
7871,96701,0,0,3140,0,0,0,0.25,0,0.626199,0.142857,1
7872,96700,0,0,3140,0,0,0,0.25,0,0.625449,0.142857,1
7873,96698,0,0,3140,0,0,0,0.25,0,0.623535,0.142857,1
7874,96699,1,0,3140,0,0,0,0.25,0,0.615854,0.142857,1
7875,96700,1,0,3140,0,0,0,0.25,0,0.607407,0.142857,1
7876,96700,1,0,3140,0,0,0,0.25,0,0.604493,0.142857,1
7877,96701,1,0,3140,0,0,0,0.25,0,0.600915,0.142857,1
7878,96705,1,0,3139,0,0,0,0.25,0,0.596421,0.142857,1
7879,96704,0,1,3139,0,0,0,0.25,0,0.589398,0.142857,1
7880,96707,0,1,3139,0,0,0,0.25,0,0.594177,0.142857,1
7881,96703,0,1,3139,0,0,0,0.25,0,0.588244,0.142857,1
7882,96700,1,0,3140,0,1,1,0.25,0,0.573964,0.142857,1
7883,96699,1,0,3140,0,0,0,0.25,0,0.579367,0.142857,1
7884,96694,1,0,3140,0,0,0,0.25,0,0.586146,0.142857,1
7885,96692,1,0,3140,0,0,0,0.25,0,0.586758,0.142857,1
7886,96692,2,0,3140,0,0,0,0.25,0,0.586086,0.142857,1
7887,96694,2,0,3140,0,0,0,0.25,0,0.592514,0.142857,1
7888,96695,2,0,3140,0,0,0,0.25,0,0.59876,0.142857,1
7889,96692,2,1,3140,0,0,0,0.25,0,0.587327,0.142857,1
7890,96693,2,1,3140,0,0,0,0.25,0,0.573336,0.142857,1
7891,96694,1,2,3140,0,0,0,0.25,0,0.560716,0.142857,1
7892,96694,1,2,3140,0,0,0,0.25,0,0.548689,0.142857,1
7893,96690,1,2,3140,0,0,0,0.25,0,0.563758,0.142857,1
7894,96685,1,2,3140,0,0,0,0.25,0,0.563397,0.142857,1
7895,96685,1,1,3140,0,1,0,0.25,0,0.558778,0.142857,1
7896,96687,1,1,3140,0,0,0,0.25,0,0.556539,0.142857,1
7897,96684,1,1,3140,0,0,0,0.25,0,0.568525,0.142857,1
7898,96686,2,1,3140,0,0,0,0.25,0,0.572979,0.142857,1
7899,96678,2,1,3141,0,1,0,0.25,0,0.589143,0.142857,1
7900,96682,2,1,3140,0,0,0,0.25,0,0.608291,0.142857,1
7901,96684,1,2,3140,0,0,0,0.25,0,0.60845,0.142857,1
7902,96684,1,2,3140,0,0,0,0.25,0,0.604309,0.142857,1
7903,96686,2,1,3141,0,1,0,0.25,0,0.588679,0.142857,1
7904,96688,2,1,3141,0,0,0,0.25,0,0.592519,0.142857,1
7905,96690,2,1,3141,0,0,0,0.25,0,0.60148,0.142857,1
7906,96693,2,0,3142,0,1,0,0.25,0,0.596903,0.142857,1
7907,96693,1,1,3142,0,0,0,0.25,0,0.600145,0.142857,1
7908,96694,1,1,3141,0,0,0,0.25,0,0.60162,0.142857,1
7909,96692,1,1,3141,0,0,0,0.25,0,0.597129,0.142857,1
7910,96695,2,1,3141,0,0,0,0.25,0,0.607659,0.142857,1
7911,96690,2,1,3140,0,0,0,0.25,0,0.610234,0.142857,1
7912,96695,1,1,3141,0,1,1,0.25,0,0.622098,0.142857,1
7913,96700,1,1,3141,0,0,0,0.25,0,0.61584,0.142857,1
7914,96701,0,3,3141,0,0,0,0.25,0,0.631356,0.142857,1
7915,96706,1,2,3141,0,1,1,0.25,0,0.613486,0.142857,1
7916,96707,1,1,3142,0,1,0,0.25,0,0.610712,0.142857,1
7917,96705,1,0,3143,0,1,0,0.25,0,0.608296,0.142857,1
7918,96704,0,1,3143,0,0,0,0.25,0,0.625656,0.142857,1
7919,96704,0,1,3143,0,0,0,0.25,0,0.613164,0.142857,1
7920,96703,0,1,3143,0,0,0,0.25,0,0.611034,0.142857,1
7921,96701,0,0,3144,0,1,0,0.25,0,0.620268,0.142857,1
7922,96706,0,0,3144,0,0,0,0.25,0,0.633202,0.142857,1
7923,96703,0,0,3143,0,0,0,0.25,0,0.625066,0.142857,1
7924,96703,0,0,3143,0,0,0,0.25,0,0.624778,0.142857,1
7925,96704,0,0,3143,0,0,0,0.25,0,0.630867,0.142857,1
7926,96707,0,0,3143,0,0,0,0.25,0,0.631492,0.142857,1
7927,96705,0,0,3143,0,0,0,0.25,0,0.628645,0.142857,1
7928,96708,0,0,3143,0,0,0,0.25,0,0.622537,0.142857,1
7929,96711,0,0,3143,0,0,0,0.25,0,0.613403,0.142857,1
7930,96713,0,0,3143,0,0,0,0.25,0,0.63697,0.142857,1
7931,96711,0,0,3142,0,0,0,0.25,0,0.636026,0.142857,1
7932,96710,0,0,3142,0,0,0,0.25,0,0.638435,0.142857,1
7933,96713,0,0,3142,0,0,0,0.25,0,0.637986,0.142857,1
7934,96712,0,0,3142,0,0,0,0.25,0,0.620453,0.142857,1
7935,96713,0,0,3142,0,0,0,0.25,0,0.620908,0.142857,1
7936,96715,0,0,3142,0,0,0,0.25,0,0.63448,0.142857,1
7937,96713,1,0,3142,0,0,0,0.25,0,0.619716,0.142857,1
7938,96714,1,0,3141,0,0,0,0.25,0,0.612705,0.142857,1
7939,96712,1,0,3141,0,0,0,0.25,0,0.608606,0.142857,1
7940,96714,1,0,3141,0,0,0,0.25,0,0.615651,0.142857,1
7941,96714,1,0,3141,0,0,0,0.25,0,0.62395,0.142857,1
7942,96714,1,0,3141,0,0,0,0.25,0,0.616562,0.142857,1
7943,96708,2,0,3141,0,0,0,0.25,0,0.62136,0.142857,1
7944,96706,3,0,3141,0,0,0,0.25,0,0.625179,0.142857,1
7945,96705,3,0,3141,0,0,0,0.25,0,0.6277,0.142857,1
7946,96698,3,0,3141,0,0,0,0.25,0,0.629529,0.142857,1
7947,96699,3,0,3141,0,0,0,0.25,0,0.629573,0.142857,1
7948,96703,3,0,3141,0,0,0,0.25,0,0.628016,0.142857,1
7949,96701,3,1,3141,0,0,0,0.25,0,0.619384,0.142857,1
7950,96701,3,0,3142,0,1,0,0.25,0,0.630102,0.142857,1
7951,96700,3,0,3142,0,0,0,0.25,0,0.634371,0.142857,1
7952,96696,4,1,3141,0,0,0,0.25,0,0.637743,0.142857,1
7953,96691,5,1,3141,0,0,0,0.25,0,0.643172,0.142857,1
7954,96690,5,1,3141,0,0,0,0.25,0,0.643308,0.142857,1
7955,96691,5,1,3141,0,0,0,0.25,0,0.660647,0.142857,1
7956,96687,3,3,3141,0,0,0,0.25,0,0.650355,0.142857,1
7957,96688,5,3,3141,0,0,0,0.25,0,0.655785,0.142857,1
7958,96684,5,4,3141,0,0,0,0.25,0,0.645212,0.142857,1
7959,96680,5,4,3141,0,0,0,0.25,0,0.646391,0.142857,1
7960,96680,4,4,3142,0,1,0,0.25,0,0.653852,0.142857,1
7961,96684,4,3,3143,0,1,0,0.25,0,0.665904,0.142857,1
7962,96684,4,4,3143,0,0,0,0.25,0,0.68019,0.142857,1
7963,96685,4,5,3143,0,0,0,0.25,0,0.671033,0.142857,1
7964,96682,6,3,3146,0,3,0,0.25,0,0.669659,0.142857,1
7965,96684,5,4,3146,0,0,0,0.25,0,0.674172,0.142857,1
7966,96683,3,6,3146,0,0,0,0.25,0,0.664008,0.142857,1
7967,96683,5,7,3146,0,0,0,0.25,0,0.677199,0.142857,1
7968,96683,6,6,3147,0,1,1,0.25,0,0.683459,0.142857,1
7969,96681,4,6,3150,0,3,0,0.25,0,0.697167,0.142857,1
7970,96680,5,5,3151,0,1,0,0.25,0,0.693517,0.142857,1
7971,96679,7,5,3152,0,1,0,0.25,0,0.6913,0.142857,1
7972,96676,6,5,3153,0,1,1,0.25,0,0.681858,0.142857,1
7973,96672,6,3,3155,0,2,0,0.25,0,0.687027,0.142857,1
7974,96672,5,4,3155,0,0,0,0.25,0,0.686348,0.142857,1
7975,96673,5,3,3156,0,1,1,0.25,0,0.680802,0.142857,1
7976,96673,5,3,3156,0,0,0,0.25,0,0.681937,0.142857,1
7977,96676,5,3,3155,0,0,0,0.25,0,0.686079,0.142857,1
7978,96675,4,4,3155,0,0,0,0.25,0,0.687249,0.142857,1
7979,96674,4,3,3156,0,1,0,0.25,0,0.677695,0.142857,1
7980,96675,3,3,3157,0,1,2,0.25,0,0.672729,0.142857,1
7981,96671,3,2,3157,0,1,0,0.25,0,0.674046,0.142857,1
7982,96674,3,2,3157,0,0,0,0.25,0,0.675021,0.142857,1
7983,96676,3,2,3157,0,0,0,0.25,0,0.658317,0.142857,1
7984,96676,3,2,3158,0,1,0,0.25,0,0.676213,0.142857,1
7985,96678,4,2,3158,0,0,0,0.25,0,0.668122,0.142857,1
7986,96675,4,2,3159,0,1,0,0.25,0,0.674122,0.142857,1
7987,96679,3,3,3159,0,0,0,0.25,0,0.672002,0.142857,1
7988,96681,4,4,3159,0,0,0,0.25,0,0.671892,0.142857,1
7989,96683,4,4,3159,0,0,0,0.25,0,0.681635,0.142857,1
7990,96685,4,3,3161,0,2,1,0.25,0,0.678583,0.142857,1
7991,96686,5,3,3161,0,0,0,0.25,0,0.68455,0.142857,1
7992,96685,6,2,3162,0,1,0,0.25,0,0.689763,0.142857,1
7993,96685,5,3,3163,0,1,0,0.25,0,0.672293,0.142857,1
7994,96686,6,3,3162,0,0,0,0.25,0,0.677982,0.142857,1
7995,96685,6,3,3162,0,1,0,0.25,0,0.695019,0.142857,1
7996,96685,7,1,3164,0,2,1,0.25,0,0.698378,0.142857,1
7997,96682,6,2,3164,0,0,0,0.25,0,0.697421,0.142857,1
7998,96681,4,3,3164,0,1,0,0.25,0,0.70885,0.142857,1
7999,96679,3,2,3166,0,2,0,0.25,0,0.695546,0.142857,1
8000,96674,3,1,3167,0,1,0,0.25,0,0.702483,0.142857,1
8001,96675,3,1,3167,0,0,0,0.25,0,0.695936,0.142857,1
8002,96674,3,1,3167,0,0,0,0.25,0,0.686663,0.142857,1
8003,96675,3,1,3167,0,0,0,0.25,0,0.703236,0.142857,1
8004,96673,3,1,3167,0,0,0,0.25,0,0.698141,0.142857,1
8005,96672,3,0,3168,0,1,0,0.25,0,0.686106,0.142857,1
8006,96673,4,0,3168,0,0,0,0.25,0,0.708125,0.142857,1
8007,96675,4,0,3168,0,0,0,0.25,0,0.714953,0.142857,1
8008,96674,4,0,3168,0,0,0,0.25,0,0.718625,0.142857,1
8009,96674,3,1,3168,0,0,0,0.25,0,0.735453,0.142857,1
8010,96677,2,2,3167,0,0,0,0.25,0,0.738355,0.142857,1
8011,96679,2,2,3167,0,0,0,0.25,0,0.730251,0.142857,1
8012,96675,2,2,3166,0,0,0,0.25,0,0.736606,0.142857,1
8013,96675,3,2,3166,0,0,0,0.25,0,0.741225,0.142857,1
8014,96678,4,2,3165,0,0,0,0.25,0,0.740365,0.142857,1
8015,96674,4,2,3166,0,1,0,0.25,0,0.743355,0.142857,1
8016,96674,4,2,3166,0,0,0,0.25,0,0.746886,0.142857,1
8017,96673,3,2,3167,0,1,0,0.25,0,0.743105,0.142857,1
8018,96673,3,2,3167,0,0,0,0.25,0,0.728095,0.142857,1
8019,96671,3,1,3168,0,1,0,0.25,0,0.718672,0.142857,1
8020,96674,4,1,3168,0,0,0,0.25,0,0.719507,0.142857,1
8021,96675,4,1,3168,0,0,0,0.25,0,0.707601,0.142857,1
8022,96670,5,2,3167,0,0,0,0.25,0,0.707715,0.142857,1
8023,96665,5,2,3168,0,1,0,0.25,0,0.711786,0.142857,1
8024,96668,7,1,3169,0,1,0,0.25,0,0.703175,0.142857,1
8025,96667,7,1,3169,0,0,0,0.25,0,0.692802,0.142857,1
8026,96667,8,1,3169,0,0,0,0.25,0,0.710725,0.142857,1
8027,96665,7,1,3170,0,1,1,0.25,0,0.718183,0.142857,1
8028,96661,6,1,3171,0,1,0,0.25,0,0.706858,0.142857,1
8029,96664,5,2,3171,0,0,0,0.25,0,0.710016,0.142857,1
8030,96662,5,2,3171,0,0,0,0.25,0,0.695243,0.142857,1
8031,96664,4,3,3171,0,0,0,0.25,0,0.688914,0.142857,1
8032,96664,4,3,3171,0,0,0,0.25,0,0.678682,0.142857,1
8033,96661,5,4,3171,0,0,0,0.25,0,0.67211,0.142857,1
8034,96661,4,5,3171,0,0,0,0.25,0,0.679336,0.142857,1
8035,96652,4,4,3172,0,1,0,0.25,0,0.67834,0.142857,1
8036,96655,5,4,3172,0,0,0,0.25,0,0.659062,0.142857,1
8037,96655,5,3,3173,0,1,0,0.25,0,0.680796,0.142857,1
8038,96656,4,3,3174,0,1,1,0.25,0,0.676594,0.142857,1
8039,96652,5,3,3174,0,0,0,0.25,0,0.665898,0.142857,1
8040,96651,4,4,3174,0,0,0,0.25,0,0.676843,0.142857,1
8041,96651,3,3,3176,0,2,0,0.25,0,0.674082,0.142857,1
8042,96654,3,2,3177,0,2,0,0.25,0,0.662535,0.142857,1
8043,96654,2,2,3178,0,1,0,0.25,0,0.653498,0.142857,1
8044,96654,2,2,3178,0,0,0,0.25,0,0.6454,0.142857,1
8045,96654,2,2,3178,0,0,0,0.25,0,0.665888,0.142857,1
8046,96654,1,3,3178,0,0,0,0.25,0,0.687091,0.142857,1
8047,96656,1,2,3179,0,1,0,0.25,0,0.683212,0.142857,1
8048,96657,1,2,3178,0,0,0,0.25,0,0.67091,0.142857,1
8049,96657,2,2,3178,0,0,0,0.25,0,0.659537,0.142857,1
8050,96659,2,2,3178,0,0,0,0.25,0,0.667145,0.142857,1
8051,96660,2,2,3178,0,0,0,0.25,0,0.672537,0.142857,1
8052,96662,2,2,3178,0,0,0,0.25,0,0.672686,0.142857,1
8053,96663,2,2,3179,0,1,0,0.25,0,0.663737,0.142857,1
8054,96664,1,3,3179,0,0,0,0.25,0,0.659443,0.142857,1
8055,96662,1,3,3179,0,0,0,0.25,0,0.652236,0.142857,1
8056,96666,1,3,3179,0,0,0,0.25,0,0.661229,0.142857,1
8057,96660,1,4,3179,0,0,0,0.25,0,0.647997,0.142857,1
8058,96661,1,3,3180,0,1,1,0.25,0,0.654259,0.142857,1
8059,96664,2,2,3181,0,1,0,0.25,0,0.650903,0.142857,1
8060,96663,2,1,3182,0,1,0,0.25,0,0.660883,0.142857,1
8061,96659,4,1,3182,0,0,0,0.25,0,0.67138,0.142857,1
8062,96660,3,2,3183,0,1,1,0.25,0,0.667255,0.142857,1
8063,96658,3,3,3182,0,0,0,0.25,0,0.649833,0.142857,1
8064,96657,3,1,3184,0,2,0,0.25,0,0.662166,0.142857,1
8065,96656,3,1,3184,0,0,0,0.25,0,0.675184,0.142857,1
8066,96655,3,2,3184,0,0,0,0.25,0,0.67222,0.142857,1
8067,96655,3,2,3184,0,0,0,0.25,0,0.677006,0.142857,1
8068,96655,1,2,3186,0,2,0,0.25,0,0.679411,0.142857,1
8069,96656,1,2,3186,0,0,0,0.25,0,0.681216,0.142857,1
8070,96653,2,2,3186,0,0,0,0.25,0,0.680333,0.142857,1
8071,96653,2,2,3186,0,0,0,0.25,0,0.699323,0.142857,1
8072,96652,3,2,3186,0,0,0,0.25,0,0.687845,0.142857,1
8073,96651,3,2,3187,0,1,1,0.25,0,0.695737,0.142857,1
8074,96651,3,1,3188,0,1,0,0.25,0,0.701102,0.142857,1
8075,96647,2,2,3188,0,0,0,0.25,0,0.704231,0.142857,1
8076,96648,2,2,3188,0,0,0,0.25,0,0.718045,0.142857,1
8077,96648,2,3,3188,0,0,0,0.25,0,0.716587,0.142857,1
8078,96646,3,3,3187,0,0,0,0.25,0,0.714936,0.142857,1
8079,96642,4,2,3188,0,1,0,0.25,0,0.711017,0.142857,1
8080,96642,3,3,3188,0,0,0,0.25,0,0.722513,0.142857,1
8081,96646,2,3,3189,0,1,0,0.25,0,0.729239,0.142857,1
8082,96644,2,3,3189,0,0,0,0.25,0,0.735039,0.142857,1
8083,96644,4,3,3189,0,0,0,0.25,0,0.715066,0.142857,1
8084,96645,3,4,3189,0,0,0,0.25,0,0.722177,0.142857,1
8085,96647,2,5,3189,0,0,0,0.25,0,0.717321,0.142857,1
8086,96645,1,3,3192,0,3,0,0.25,0,0.712275,0.142857,1
8087,96641,1,2,3192,0,1,0,0.25,0,0.697822,0.142857,1
8088,96642,1,2,3192,0,0,0,0.25,0,0.705883,0.142857,1
8089,96642,1,2,3192,0,0,0,0.25,0,0.694634,0.142857,1
8090,96639,2,1,3193,0,1,0,0.25,0,0.691487,0.142857,1
8091,96642,2,1,3193,0,0,0,0.25,0,0.678031,0.142857,1
8092,96640,2,1,3192,0,0,0,0.25,0,0.68756,0.142857,1
8093,96639,2,1,3192,0,0,0,0.25,0,0.677157,0.142857,1
8094,96637,2,1,3192,0,0,0,0.25,0,0.687456,0.142857,1
8095,96636,2,1,3192,0,0,0,0.25,0,0.693961,0.142857,1
8096,96637,2,1,3192,0,0,0,0.25,0,0.699109,0.142857,1
8097,96633,1,2,3192,0,0,0,0.25,0,0.68592,0.142857,1
8098,96633,1,2,3192,0,0,0,0.25,0,0.692055,0.142857,1
8099,96634,1,2,3192,0,0,0,0.25,0,0.712019,0.142857,1
8100,96636,2,2,3191,0,0,0,0.25,0,0.702544,0.142857,1
8101,96635,2,2,3191,0,0,0,0.25,0,0.690288,0.142857,1
8102,96633,2,2,3191,0,0,0,0.25,0,0.6945,0.142857,1
8103,96638,2,2,3190,0,0,0,0.25,0,0.712097,0.142857,1
8104,96636,2,2,3190,0,0,0,0.25,0,0.710503,0.142857,1
8105,96638,3,2,3190,0,0,0,0.25,0,0.708959,0.142857,1
8106,96636,4,2,3190,0,0,0,0.25,0,0.705689,0.142857,1
8107,96631,4,2,3190,0,0,0,0.25,0,0.703509,0.142857,1
8108,96631,5,2,3190,0,0,0,0.25,0,0.715573,0.142857,1
8109,96632,6,2,3190,0,0,0,0.25,0,0.709627,0.142857,1
8110,96632,6,3,3190,0,0,0,0.25,0,0.703249,0.142857,1
8111,96631,5,3,3191,0,1,0,0.25,0,0.701135,0.142857,1
8112,96629,3,5,3191,0,0,0,0.25,0,0.703059,0.142857,1
8113,96628,4,4,3192,0,1,3,0.25,0,0.696645,0.142857,1
8114,96626,5,4,3192,0,0,0,0.25,0,0.701277,0.142857,1
8115,96623,5,4,3192,0,0,0,0.25,0,0.698571,0.142857,1
8116,96628,4,4,3192,0,1,0,0.25,0,0.678535,0.142857,1
8117,96627,4,4,3192,0,0,0,0.25,0,0.664593,0.142857,1
8118,96631,2,5,3193,0,1,0,0.25,0,0.663929,0.142857,1
8119,96631,3,4,3194,0,1,0,0.25,0,0.662783,0.142857,1
8120,96634,4,4,3194,0,0,0,0.25,0,0.645789,0.142857,1
8121,96636,3,5,3194,0,0,0,0.25,0,0.646173,0.142857,1
8122,96634,3,5,3194,0,0,0,0.25,0,0.642492,0.142857,1
8123,96631,5,3,3196,0,2,0,0.25,0,0.629919,0.142857,1
8124,96631,3,5,3196,0,0,0,0.25,0,0.62933,0.142857,1
8125,96634,2,6,3196,0,0,0,0.25,0,0.627548,0.142857,1
8126,96637,2,5,3197,0,1,0,0.25,0,0.629722,0.142857,1
8127,96636,1,5,3198,0,1,0,0.25,0,0.627147,0.142857,1
8128,96635,1,5,3198,0,0,0,0.25,0,0.635999,0.142857,1
8129,96633,2,4,3199,0,1,0,0.25,0,0.649547,0.142857,1
8130,96632,5,4,3199,0,0,0,0.25,0,0.648126,0.142857,1
8131,96631,5,3,3202,0,3,0,0.25,0,0.656174,0.142857,1
8132,96631,5,3,3202,0,0,0,0.25,0,0.650404,0.142857,1
8133,96630,6,3,3202,0,0,0,0.25,0,0.657237,0.142857,1
8134,96629,6,2,3203,0,1,1,0.25,0,0.667577,0.142857,1
8135,96635,7,2,3203,0,0,0,0.25,0,0.669351,0.142857,1
8136,96632,8,2,3204,0,1,0,0.25,0,0.666756,0.142857,1
8137,96635,8,1,3205,0,1,0,0.25,0,0.662517,0.142857,1
8138,96634,7,1,3206,0,1,0,0.25,0,0.674363,0.142857,1
8139,96632,7,1,3206,0,0,0,0.25,0,0.672856,0.142857,1
8140,96631,8,1,3206,0,0,0,0.25,0,0.668432,0.142857,1
8141,96631,7,2,3206,0,0,0,0.25,0,0.673424,0.142857,1
8142,96630,4,4,3207,0,1,0,0.25,0,0.680814,0.142857,1
8143,96631,5,4,3207,0,0,0,0.25,0,0.655896,0.142857,1
8144,96624,5,4,3207,0,0,0,0.25,0,0.660466,0.142857,1
8145,96616,3,7,3207,0,0,0,0.25,0,0.666288,0.142857,1
8146,96615,3,6,3208,0,1,0,0.25,0,0.662433,0.142857,1
8147,96620,4,5,3209,0,1,0,0.25,0,0.650558,0.142857,1
8148,96622,4,4,3210,0,1,1,0.25,0,0.633515,0.142857,1
8149,96622,4,3,3211,0,1,0,0.25,0,0.633695,0.142857,1
8150,96624,4,4,3211,0,0,0,0.25,0,0.642645,0.142857,1
8151,96625,5,2,3213,0,2,1,0.25,0,0.639425,0.142857,1
8152,96625,4,3,3213,0,0,0,0.25,0,0.625953,0.142857,1
8153,96624,5,2,3214,0,1,1,0.25,0,0.630124,0.142857,1
8154,96622,4,2,3215,0,1,0,0.25,0,0.626782,0.142857,1
8155,96623,4,1,3216,0,1,2,0.25,0,0.621869,0.142857,1
8156,96617,4,1,3216,0,0,0,0.25,0,0.619877,0.142857,1
8157,96619,4,1,3216,0,0,0,0.25,0,0.62723,0.142857,1
8158,96619,4,1,3216,0,0,0,0.25,0,0.626047,0.142857,1
8159,96617,4,2,3216,0,0,0,0.25,0,0.6339,0.142857,1
8160,96617,5,2,3216,0,0,0,0.25,0,0.641484,0.142857,1
8161,96617,5,2,3216,0,0,0,0.25,0,0.649222,0.142857,1
8162,96615,5,3,3215,0,0,0,0.25,0,0.647632,0.142857,1
8163,96613,5,2,3215,0,1,0,0.25,0,0.644485,0.142857,1
8164,96617,4,4,3215,0,0,0,0.25,0,0.651569,0.142857,1
8165,96622,3,4,3216,0,1,0,0.25,0,0.653668,0.142857,1
8166,96622,4,4,3216,0,0,0,0.25,0,0.6534,0.142857,1
8167,96621,4,4,3217,0,1,0,0.25,0,0.643849,0.142857,1
8168,96623,5,3,3218,0,1,0,0.25,0,0.647663,0.142857,1
8169,96627,5,3,3218,0,0,0,0.25,0,0.637797,0.142857,1
8170,96625,6,3,3218,0,0,0,0.25,0,0.645299,0.142857,1
8171,96623,6,3,3218,0,0,0,0.25,0,0.644341,0.142857,1
8172,96621,3,6,3218,0,0,0,0.25,0,0.653935,0.142857,1
8173,96623,3,5,3219,0,1,0,0.25,0,0.656069,0.142857,1
8174,96617,4,5,3219,0,0,0,0.25,0,0.645421,0.142857,1
8175,96620,5,3,3221,0,3,0,0.25,0,0.645034,0.142857,1
8176,96619,5,1,3223,0,2,0,0.25,0,0.647877,0.142857,1
8177,96617,3,2,3224,0,1,0,0.25,0,0.661656,0.142857,1
8178,96617,3,2,3223,0,0,0,0.25,0,0.654146,0.142857,1
8179,96616,2,3,3223,0,0,0,0.25,0,0.659938,0.142857,1
8180,96616,1,4,3224,0,1,0,0.25,0,0.66294,0.142857,1
8181,96617,1,1,3227,0,3,0,0.25,0,0.656621,0.142857,1
8182,96614,1,1,3227,0,0,0,0.25,0,0.656322,0.142857,1
8183,96608,2,0,3228,0,1,0,0.25,0,0.642677,0.142857,1
8184,96607,2,0,3228,0,0,0,0.25,0,0.657495,0.142857,1
8185,96605,1,1,3228,0,0,0,0.25,0,0.639977,0.142857,1
8186,96601,2,1,3228,0,0,0,0.25,0,0.63448,0.142857,1
8187,96601,3,1,3228,0,0,0,0.25,0,0.629604,0.142857,1
8188,96596,5,0,3229,0,1,0,0.25,0,0.614089,0.142857,1
8189,96598,6,0,3229,0,0,0,0.25,0,0.620935,0.142857,1
8190,96595,6,0,3229,0,0,0,0.25,0,0.641264,0.142857,1
8191,96594,6,0,3229,0,0,0,0.25,0,0.622048,0.142857,1
8192,96591,4,2,3229,0,0,0,0.25,0,0.612334,0.142857,1
8193,96591,3,3,3229,0,0,0,0.25,0,0.598475,0.142857,1
8194,96592,3,2,3230,0,1,0,0.25,0,0.59662,0.142857,1
8195,96589,4,2,3230,0,0,0,0.25,0,0.591703,0.142857,1
8196,96584,4,2,3229,0,0,0,0.25,0,0.592768,0.142857,1
8197,96583,5,2,3229,0,0,0,0.25,0,0.604681,0.142857,1
8198,96578,5,2,3229,0,0,0,0.25,0,0.597542,0.142857,1
8199,96577,5,2,3229,0,0,0,0.25,0,0.60245,0.142857,1
8200,96569,4,2,3230,0,1,0,0.25,0,0.596908,0.142857,1
8201,96567,3,3,3230,0,0,0,0.25,0,0.602527,0.142857,1
8202,96571,3,3,3230,0,0,0,0.25,0,0.607281,0.142857,1
8203,96572,3,3,3230,0,0,0,0.25,0,0.610824,0.142857,1
8204,96575,3,2,3230,0,1,0,0.25,0,0.628244,0.142857,1
8205,96568,5,2,3230,0,0,0,0.25,0,0.64343,0.142857,1
8206,96566,4,2,3231,0,1,0,0.25,0,0.655102,0.142857,1
8207,96564,2,4,3231,0,0,0,0.25,0,0.656787,0.142857,1
8208,96568,2,4,3231,0,0,0,0.25,0,0.665883,0.142857,1
8209,96568,3,3,3232,0,1,0,0.25,0,0.665043,0.142857,1
8210,96568,3,3,3232,0,0,0,0.25,0,0.674977,0.142857,1
8211,96566,1,4,3233,0,1,0,0.25,0,0.678789,0.142857,1
8212,96574,2,3,3234,0,1,0,0.25,0,0.674773,0.142857,1
8213,96578,2,3,3233,0,0,0,0.25,0,0.670064,0.142857,1
8214,96580,3,3,3233,0,0,0,0.25,0,0.6768,0.142857,1
8215,96577,4,3,3232,0,0,0,0.25,0,0.668686,0.142857,1
8216,96573,3,3,3233,0,1,1,0.25,0,0.669821,0.142857,1
8217,96572,3,4,3233,0,0,0,0.25,0,0.672405,0.142857,1
8218,96569,2,4,3234,0,1,0,0.25,0,0.671688,0.142857,1
8219,96567,2,3,3235,0,1,0,0.25,0,0.669786,0.142857,1
8220,96561,3,3,3235,0,0,0,0.25,0,0.670264,0.142857,1
8221,96560,3,3,3235,0,0,0,0.25,0,0.679699,0.142857,1
8222,96561,2,4,3235,0,0,0,0.25,0,0.67834,0.142857,1
8223,96558,2,3,3236,0,1,0,0.25,0,0.688822,0.142857,1
8224,96558,1,4,3236,0,0,0,0.25,0,0.680271,0.142857,1
8225,96556,3,4,3236,0,0,0,0.25,0,0.679481,0.142857,1
8226,96552,5,2,3238,0,2,2,0.25,0,0.676048,0.142857,1
8227,96550,5,2,3238,0,0,0,0.25,0,0.665678,0.142857,1
8228,96554,6,2,3238,0,0,0,0.25,0,0.672705,0.142857,1
8229,96554,4,4,3238,0,0,0,0.25,0,0.66783,0.142857,1
8230,96552,6,4,3238,0,0,0,0.25,0,0.670171,0.142857,1
8231,96553,6,3,3239,0,1,1,0.25,0,0.650862,0.142857,1
8232,96555,6,3,3239,0,0,0,0.25,0,0.642837,0.142857,1
8233,96551,5,4,3239,0,0,0,0.25,0,0.648384,0.142857,1
8234,96555,3,6,3239,0,0,0,0.25,0,0.64695,0.142857,1
8235,96550,5,5,3239,0,1,0,0.25,0,0.651295,0.142857,1
8236,96547,6,4,3240,0,1,0,0.25,0,0.65566,0.142857,1
8237,96551,5,5,3241,0,1,0,0.25,0,0.660541,0.142857,1
8238,96550,5,6,3242,0,1,1,0.25,0,0.657637,0.142857,1
8239,96552,5,3,3244,0,3,0,0.25,0,0.646734,0.142857,1
8240,96555,4,4,3244,0,0,0,0.25,0,0.632422,0.142857,1
8241,96556,6,3,3245,0,1,0,0.25,0,0.652055,0.142857,1
8242,96555,6,3,3245,0,0,0,0.25,0,0.661792,0.142857,1
8243,96558,5,4,3245,0,0,0,0.25,0,0.670169,0.142857,1
8244,96561,5,4,3246,0,1,0,0.25,0,0.671213,0.142857,1
8245,96555,7,5,3245,0,0,0,0.25,0,0.681498,0.142857,1
8246,96552,8,5,3244,0,0,0,0.25,0,0.680212,0.142857,1
8247,96549,9,4,3245,0,1,1,0.25,0,0.677813,0.142857,1
8248,96548,9,4,3245,0,1,0,0.25,0,0.685829,0.142857,1
8249,96546,9,3,3246,0,1,0,0.25,0,0.703615,0.142857,1
8250,96546,6,6,3246,0,0,0,0.25,0,0.707294,0.142857,1
8251,96546,5,7,3246,0,0,0,0.25,0,0.728124,0.142857,1
8252,96545,5,7,3246,0,0,0,0.25,0,0.722572,0.142857,1
8253,96544,3,7,3248,0,2,1,0.25,0,0.718205,0.142857,1
8254,96547,5,6,3249,0,1,0,0.25,0,0.706152,0.142857,1
8255,96540,7,5,3248,0,1,0,0.25,0,0.717402,0.142857,1
8256,96539,7,3,3250,0,2,3,0.25,0,0.722911,0.142857,1
8257,96532,7,2,3251,0,1,0,0.25,0,0.722949,0.142857,1
8258,96531,7,2,3252,0,1,1,0.25,0,0.741103,0.142857,1
8259,96523,4,5,3251,0,0,0,0.25,0,0.739921,0.142857,1
8260,96525,4,5,3251,0,0,0,0.25,0,0.733197,0.142857,1
8261,96527,2,6,3252,0,1,0,0.25,0,0.753729,0.142857,1
8262,96523,4,5,3253,0,1,0,0.25,0,0.75247,0.142857,1
8263,96524,3,6,3253,0,0,0,0.25,0,0.75068,0.142857,1
8264,96523,4,4,3255,0,2,2,0.25,0,0.739448,0.142857,1
8265,96523,4,3,3256,0,1,1,0.25,0,0.739794,0.142857,1
8266,96522,4,3,3256,0,0,0,0.25,0,0.730025,0.142857,1
8267,96525,2,5,3256,0,0,0,0.25,0,0.722289,0.142857,1
8268,96523,2,3,3258,0,2,0,0.25,0,0.731183,0.142857,1
8269,96521,3,2,3259,0,1,0,0.25,0,0.732932,0.142857,1
8270,96523,3,2,3259,0,0,0,0.25,0,0.730092,0.142857,1
8271,96520,3,1,3260,0,1,0,0.25,0,0.723057,0.142857,1
8272,96524,3,1,3260,0,0,0,0.25,0,0.728844,0.142857,1
8273,96527,3,0,3261,0,1,0,0.25,0,0.74535,0.142857,1
8274,96525,3,0,3261,0,0,0,0.25,0,0.751927,0.142857,1
8275,96524,3,0,3261,0,0,0,0.25,0,0.747936,0.142857,1
8276,96525,3,0,3261,0,0,0,0.25,0,0.738312,0.142857,1
8277,96522,2,2,3261,0,0,0,0.25,0,0.740574,0.142857,1
8278,96523,3,2,3261,0,0,0,0.25,0,0.746896,0.142857,1
8279,96529,2,3,3261,0,0,0,0.25,0,0.739096,0.142857,1
8280,96532,2,2,3262,0,1,0,0.25,0,0.742314,0.142857,1
8281,96534,2,2,3262,0,0,0,0.25,0,0.755205,0.142857,1
8282,96533,3,3,3262,0,0,0,0.25,0,0.742418,0.142857,1
8283,96533,3,2,3263,0,1,1,0.25,0,0.722111,0.142857,1
8284,96534,3,2,3263,0,0,0,0.25,0,0.727871,0.142857,1
8285,96536,3,2,3263,0,0,0,0.25,0,0.716306,0.142857,1
8286,96533,4,2,3263,0,0,0,0.25,0,0.715635,0.142857,1
8287,96531,2,4,3263,0,0,0,0.25,0,0.711749,0.142857,1
8288,96525,3,3,3264,0,1,0,0.25,0,0.715395,0.142857,1
8289,96520,2,4,3265,0,1,0,0.25,0,0.717273,0.142857,1
8290,96523,2,4,3265,0,0,0,0.25,0,0.716871,0.142857,1
8291,96524,1,5,3265,0,0,0,0.25,0,0.708756,0.142857,1
8292,96525,2,5,3265,0,0,0,0.25,0,0.717381,0.142857,1
8293,96520,6,4,3266,0,1,0,0.25,0,0.726218,0.142857,1
8294,96518,6,4,3267,0,1,0,0.25,0,0.713768,0.142857,1
8295,96514,4,5,3267,0,1,0,0.25,0,0.713715,0.142857,1
8296,96515,3,4,3269,0,2,0,0.25,0,0.714435,0.142857,1
8297,96514,3,3,3270,0,1,0,0.25,0,0.704812,0.142857,1
8298,96512,4,4,3269,0,0,0,0.25,0,0.703125,0.142857,1
8299,96511,4,3,3269,0,1,0,0.25,0,0.709152,0.142857,1
8300,96511,3,4,3269,0,0,0,0.25,0,0.696096,0.142857,1
8301,96513,4,2,3270,0,2,2,0.25,0,0.693205,0.142857,1
8302,96509,5,1,3272,0,2,0,0.25,0,0.68898,0.142857,1
8303,96506,5,1,3272,0,0,0,0.25,0,0.687509,0.142857,1
8304,96501,6,1,3272,0,0,0,0.25,0,0.692458,0.142857,1
8305,96503,5,2,3272,0,0,0,0.25,0,0.693597,0.142857,1
8306,96504,4,3,3272,0,0,0,0.25,0,0.694667,0.142857,1
8307,96503,3,5,3272,0,0,0,0.25,0,0.698968,0.142857,1
8308,96504,3,5,3272,0,0,0,0.25,0,0.720747,0.142857,1
8309,96506,3,4,3273,0,1,0,0.25,0,0.717771,0.142857,1
8310,96504,3,4,3274,0,1,0,0.25,0,0.717165,0.142857,1
8311,96500,5,3,3276,0,2,0,0.25,0,0.714174,0.142857,1
8312,96508,4,2,3278,0,2,0,0.25,0,0.718303,0.142857,1
8313,96514,4,1,3279,0,1,0,0.25,0,0.724595,0.142857,1
8314,96512,3,1,3279,0,1,0,0.25,0,0.723985,0.142857,1
8315,96513,4,1,3280,0,1,0,0.25,0,0.730449,0.142857,1
8316,96514,4,1,3280,0,0,0,0.25,0,0.719926,0.142857,1
8317,96515,3,2,3280,0,0,0,0.25,0,0.7274,0.142857,1
8318,96513,5,1,3281,0,1,0,0.25,0,0.730809,0.142857,1
8319,96509,5,1,3280,0,0,0,0.25,0,0.733676,0.142857,1
8320,96502,7,1,3280,0,0,0,0.25,0,0.714437,0.142857,1
8321,96503,7,1,3279,0,0,0,0.25,0,0.714616,0.142857,1
8322,96501,6,2,3279,0,0,0,0.25,0,0.708452,0.142857,1
8323,96502,5,2,3280,0,1,2,0.25,0,0.702142,0.142857,1
8324,96504,3,4,3280,0,0,0,0.25,0,0.707395,0.142857,1
8325,96510,4,4,3280,0,0,0,0.25,0,0.692935,0.142857,1
8326,96510,3,4,3281,0,1,1,0.25,0,0.694818,0.142857,1
8327,96511,3,4,3281,0,0,0,0.25,0,0.697448,0.142857,1
8328,96509,3,3,3282,0,1,0,0.25,0,0.688082,0.142857,1
8329,96499,4,3,3282,0,1,2,0.25,0,0.685895,0.142857,1
8330,96497,4,3,3282,0,0,0,0.25,0,0.677555,0.142857,1
8331,96495,4,3,3282,0,0,0,0.25,0,0.67121,0.142857,1
8332,96495,4,3,3283,0,1,0,0.25,0,0.674774,0.142857,1
8333,96490,4,3,3283,0,1,1,0.25,0,0.688645,0.142857,1
8334,96488,3,3,3283,0,1,0,0.25,0,0.682952,0.142857,1
8335,96491,3,2,3284,0,1,0,0.25,0,0.676842,0.142857,1
8336,96492,3,2,3285,0,1,0,0.25,0,0.670502,0.142857,1
8337,96496,3,2,3285,0,0,0,0.25,0,0.662834,0.142857,1
8338,96490,3,0,3287,0,2,4,0.25,0,0.679075,0.142857,1
8339,96489,3,0,3287,0,0,0,0.25,0,0.672288,0.142857,1
8340,96490,4,0,3287,0,0,0,0.25,0,0.677812,0.142857,1
8341,96487,3,1,3287,0,0,0,0.25,0,0.672339,0.142857,1
8342,96489,4,1,3287,0,0,0,0.25,0,0.680897,0.142857,1
8343,96489,4,1,3287,0,0,0,0.25,0,0.678691,0.142857,1
8344,96487,5,1,3287,0,0,0,0.25,0,0.673871,0.142857,1
8345,96488,5,1,3287,0,0,0,0.25,0,0.662273,0.142857,1
8346,96494,5,1,3287,0,0,0,0.25,0,0.668869,0.142857,1
8347,96497,4,3,3287,0,0,0,0.25,0,0.665094,0.142857,1
8348,96504,3,4,3287,0,0,0,0.25,0,0.656833,0.142857,1
8349,96497,5,3,3288,0,1,1,0.25,0,0.668385,0.142857,1
8350,96497,6,3,3288,0,0,0,0.25,0,0.674415,0.142857,1
8351,96493,6,3,3289,0,1,0,0.25,0,0.665115,0.142857,1
8352,96497,6,3,3289,0,0,0,0.25,0,0.650856,0.142857,1
8353,96496,5,3,3291,0,2,1,0.25,0,0.639564,0.142857,1
8354,96493,5,4,3291,0,0,0,0.25,0,0.634239,0.142857,1
8355,96491,6,4,3292,0,1,0,0.25,0,0.6227,0.142857,1
8356,96493,7,4,3291,0,0,0,0.25,0,0.624739,0.142857,1
8357,96488,6,4,3292,0,1,0,0.25,0,0.625822,0.142857,1
8358,96487,4,3,3295,0,3,0,0.25,0,0.629993,0.142857,1
8359,96486,4,2,3296,0,1,0,0.25,0,0.621331,0.142857,1
8360,96484,3,3,3296,0,0,0,0.25,0,0.628008,0.142857,1
8361,96487,2,3,3297,0,1,0,0.25,0,0.605595,0.142857,1
8362,96489,2,3,3297,0,0,0,0.25,0,0.61134,0.142857,1
8363,96489,2,2,3298,0,1,0,0.25,0,0.621838,0.142857,1
8364,96487,3,2,3297,0,0,0,0.25,0,0.617597,0.142857,1
8365,96483,4,2,3297,0,0,0,0.25,0,0.61664,0.142857,1
8366,96485,3,3,3297,0,0,0,0.25,0,0.617763,0.142857,1
8367,96485,1,4,3298,0,1,0,0.25,0,0.625605,0.142857,1
8368,96482,1,4,3298,0,0,0,0.25,0,0.644872,0.142857,1
8369,96479,2,4,3298,0,0,0,0.25,0,0.632057,0.142857,1
8370,96476,1,4,3299,0,1,0,0.25,0,0.633071,0.142857,1
8371,96482,0,4,3299,0,1,0,0.25,0,0.625937,0.142857,1
8372,96482,0,3,3299,0,1,0,0.25,0,0.6201,0.142857,1
8373,96479,0,1,3301,0,2,0,0.25,0,0.61695,0.142857,1
8374,96476,0,1,3301,0,0,0,0.25,0,0.620038,0.142857,1
8375,96472,0,0,3302,0,1,1,0.25,0,0.633326,0.142857,1
8376,96472,1,0,3302,0,0,0,0.25,0,0.636085,0.142857,1
8377,96471,1,0,3302,0,0,0,0.25,0,0.639809,0.142857,1
8378,96472,0,1,3302,0,0,0,0.25,0,0.646231,0.142857,1
8379,96475,0,1,3302,0,0,0,0.25,0,0.631023,0.142857,1
8380,96474,0,1,3302,0,0,0,0.25,0,0.61918,0.142857,1
8381,96477,0,1,3302,0,0,0,0.25,0,0.608193,0.142857,1
8382,96474,0,1,3302,0,0,0,0.25,0,0.610003,0.142857,1
8383,96474,1,1,3302,0,0,0,0.25,0,0.610551,0.142857,1
8384,96478,1,0,3303,0,1,2,0.25,0,0.598941,0.142857,1
8385,96479,1,0,3303,0,0,0,0.25,0,0.610283,0.142857,1
8386,96480,0,1,3303,0,0,0,0.25,0,0.615978,0.142857,1
8387,96485,0,0,3304,0,1,0,0.25,0,0.609019,0.142857,1
8388,96488,0,0,3304,0,0,0,0.25,0,0.583654,0.142857,1
8389,96494,0,0,3304,0,0,0,0.25,0,0.579567,0.142857,1
8390,96495,0,0,3304,0,0,0,0.25,0,0.569116,0.142857,1
8391,96492,0,0,3304,0,0,0,0.25,0,0.561897,0.142857,1
8392,96495,0,0,3304,0,0,0,0.25,0,0.556443,0.142857,1
8393,96498,1,0,3304,0,0,0,0.25,0,0.549947,0.142857,1
8394,96499,1,0,3303,0,0,0,0.25,0,0.548726,0.142857,1
8395,96505,1,0,3303,0,0,0,0.25,0,0.541453,0.142857,1
8396,96501,1,0,3303,0,0,0,0.25,0,0.544948,0.142857,1
8397,96497,2,0,3303,0,0,0,0.25,0,0.54666,0.142857,1
8398,96497,2,0,3302,0,0,0,0.25,0,0.548072,0.142857,1
8399,96497,2,0,3301,0,0,0,0.25,0,0.542196,0.142857,1
8400,96500,1,1,3301,0,0,0,0.25,0,0.535673,0.142857,1
8401,96504,1,1,3301,0,0,0,0.25,0,0.545902,0.142857,1
8402,96508,1,1,3301,0,0,0,0.25,0,0.552321,0.142857,1
8403,96513,2,1,3301,0,0,0,0.25,0,0.54508,0.142857,1
8404,96516,2,1,3301,0,0,0,0.25,0,0.545271,0.142857,1
8405,96517,3,1,3301,0,0,0,0.25,0,0.541861,0.142857,1
8406,96517,1,2,3302,0,1,0,0.25,0,0.545572,0.142857,1
8407,96515,1,2,3302,0,0,0,0.25,0,0.548056,0.142857,1
8408,96516,2,2,3302,0,0,0,0.25,0,0.552582,0.142857,1
8409,96516,3,1,3302,0,1,0,0.25,0,0.553012,0.142857,1
8410,96516,3,1,3302,0,0,0,0.25,0,0.561639,0.142857,1
8411,96519,2,1,3303,0,1,0,0.25,0,0.555059,0.142857,1
8412,96516,2,0,3304,0,1,1,0.25,0,0.544486,0.142857,1
8413,96519,1,1,3304,0,0,0,0.25,0,0.557616,0.142857,1
8414,96519,2,1,3304,0,0,0,0.25,0,0.558098,0.142857,1
8415,96515,2,1,3304,0,0,0,0.25,0,0.562369,0.142857,1
8416,96515,2,1,3304,0,0,0,0.25,0,0.557694,0.142857,1
8417,96517,2,0,3305,0,1,0,0.25,0,0.560878,0.142857,1
8418,96517,2,0,3305,0,0,0,0.25,0,0.551307,0.142857,1
8419,96515,2,0,3305,0,0,0,0.25,0,0.555859,0.142857,1
8420,96512,4,0,3305,0,0,0,0.25,0,0.563367,0.142857,1
8421,96511,5,0,3305,0,0,0,0.25,0,0.5642,0.142857,1
8422,96520,5,0,3305,0,0,0,0.25,0,0.570996,0.142857,1
8423,96521,5,0,3305,0,0,0,0.25,0,0.564115,0.142857,1
8424,96524,5,0,3305,0,0,0,0.25,0,0.557835,0.142857,1
8425,96522,5,0,3305,0,0,0,0.25,0,0.550339,0.142857,1
8426,96524,5,1,3305,0,0,0,0.25,0,0.534562,0.142857,1
8427,96522,4,3,3305,0,0,0,0.25,0,0.538596,0.142857,1
8428,96522,3,3,3306,0,1,2,0.25,0,0.552925,0.142857,1
8429,96519,3,2,3307,0,1,0,0.25,0,0.551109,0.142857,1
8430,96522,2,2,3308,0,1,2,0.25,0,0.54901,0.142857,1
8431,96520,2,1,3309,0,1,0,0.25,0,0.536148,0.142857,1
8432,96518,2,1,3309,0,0,0,0.25,0,0.538517,0.142857,1
8433,96518,2,1,3309,0,0,0,0.25,0,0.545183,0.142857,1
8434,96524,2,1,3309,0,0,0,0.25,0,0.53865,0.142857,1
8435,96521,3,1,3309,0,0,0,0.25,0,0.532335,0.142857,1
8436,96525,2,2,3309,0,0,0,0.25,0,0.533687,0.142857,1
8437,96526,2,2,3309,0,0,0,0.25,0,0.532113,0.142857,1
8438,96526,1,2,3310,0,1,0,0.25,0,0.546824,0.142857,1
8439,96529,1,2,3310,0,0,0,0.25,0,0.553682,0.142857,1
8440,96532,1,1,3311,0,1,0,0.25,0,0.564702,0.142857,1
8441,96530,0,1,3312,0,1,0,0.25,0,0.55393,0.142857,1
8442,96532,1,0,3313,0,1,0,0.25,0,0.552537,0.142857,1
8443,96532,2,0,3313,0,0,0,0.25,0,0.559071,0.142857,1
8444,96532,2,0,3312,0,0,0,0.25,0,0.566658,0.142857,1
8445,96531,2,0,3312,0,0,0,0.25,0,0.570072,0.142857,1
8446,96533,2,0,3312,0,0,0,0.25,0,0.562738,0.142857,1
8447,96531,2,0,3312,0,0,0,0.25,0,0.569971,0.142857,1
8448,96532,2,0,3312,0,0,0,0.25,0,0.571439,0.142857,1
8449,96538,2,0,3312,0,0,0,0.25,0,0.55912,0.142857,1
8450,96540,1,1,3312,0,0,0,0.25,0,0.550749,0.142857,1
8451,96538,1,1,3312,0,0,0,0.25,0,0.551165,0.142857,1
8452,96537,1,0,3313,0,1,1,0.25,0,0.560523,0.142857,1
8453,96541,1,0,3312,0,0,0,0.25,0,0.55646,0.142857,1
8454,96542,1,0,3312,0,0,0,0.25,0,0.554617,0.142857,1
8455,96544,2,0,3312,0,0,0,0.25,0,0.554306,0.142857,1
8456,96540,2,0,3312,0,0,0,0.25,0,0.56088,0.142857,1
8457,96544,2,0,3312,0,0,0,0.25,0,0.556421,0.142857,1
8458,96544,2,0,3312,0,0,0,0.25,0,0.552749,0.142857,1
8459,96536,2,0,3311,0,0,0,0.25,0,0.557115,0.142857,1
8460,96539,3,0,3311,0,0,0,0.25,0,0.549592,0.142857,1
8461,96539,3,0,3311,0,0,0,0.25,0,0.537874,0.142857,1
8462,96541,5,0,3310,0,0,0,0.25,0,0.532854,0.142857,1
8463,96540,5,0,3310,0,0,0,0.25,0,0.527272,0.142857,1
8464,96538,5,0,3311,0,1,0,0.25,0,0.526638,0.142857,1
8465,96537,4,1,3311,0,0,0,0.25,0,0.521232,0.142857,1
8466,96535,4,1,3311,0,0,0,0.25,0,0.516395,0.142857,1
8467,96534,4,1,3310,0,0,0,0.25,0,0.512445,0.142857,1
8468,96535,4,0,3311,0,1,0,0.25,0,0.5148,0.142857,1
8469,96539,3,1,3311,0,0,0,0.25,0,0.499839,0.142857,1
8470,96540,2,2,3311,0,0,0,0.25,0,0.490676,0.142857,1
8471,96544,2,2,3310,0,0,0,0.25,0,0.482486,0.142857,1
8472,96545,2,2,3310,0,0,0,0.25,0,0.480266,0.142857,1
8473,96545,2,2,3310,0,0,0,0.25,0,0.488224,0.142857,1
8474,96543,2,2,3309,0,0,0,0.25,0,0.486648,0.142857,1
8475,96539,1,2,3310,0,1,0,0.25,0,0.48214,0.142857,1
8476,96538,1,2,3310,0,0,0,0.25,0,0.486954,0.142857,1
8477,96535,2,2,3310,0,0,0,0.25,0,0.467384,0.142857,1
8478,96537,2,2,3310,0,0,0,0.25,0,0.475084,0.142857,1
8479,96532,2,1,3311,0,1,0,0.25,0,0.47293,0.142857,1
8480,96535,1,2,3311,0,0,0,0.25,0,0.461811,0.142857,1
8481,96535,1,2,3311,0,0,0,0.25,0,0.456173,0.142857,1
8482,96536,1,2,3311,0,0,0,0.25,0,0.452639,0.142857,1
8483,96534,1,2,3311,0,0,0,0.25,0,0.449301,0.142857,1
8484,96533,0,1,3313,0,2,1,0.25,0,0.46173,0.142857,1
8485,96534,0,1,3313,0,0,0,0.25,0,0.463361,0.142857,1
8486,96533,0,1,3313,0,0,0,0.25,0,0.454138,0.142857,1
8487,96534,0,1,3313,0,0,0,0.25,0,0.456143,0.142857,1
8488,96533,1,1,3313,0,0,0,0.25,0,0.461784,0.142857,1
8489,96533,2,1,3313,0,0,0,0.25,0,0.469851,0.142857,1
8490,96532,1,2,3313,0,0,0,0.25,0,0.464548,0.142857,1
8491,96531,2,2,3313,0,0,0,0.25,0,0.470329,0.142857,1
8492,96536,2,1,3313,0,1,0,0.25,0,0.472936,0.142857,1
8493,96536,2,1,3313,0,0,0,0.25,0,0.48865,0.142857,1
8494,96537,2,1,3313,0,0,0,0.25,0,0.480732,0.142857,1
8495,96536,2,1,3313,0,0,0,0.25,0,0.474874,0.142857,1
8496,96530,4,1,3312,0,0,0,0.25,0,0.472895,0.142857,1
8497,96532,6,1,3312,0,0,0,0.25,0,0.457419,0.142857,1
8498,96534,6,1,3312,0,0,0,0.25,0,0.451054,0.142857,1
8499,96535,3,4,3313,0,1,1,0.25,0,0.443671,0.142857,1
8500,96535,4,4,3313,0,0,0,0.25,0,0.440089,0.142857,1
8501,96535,4,2,3316,0,3,2,0.25,0,0.43632,0.142857,1
8502,96531,4,2,3316,0,0,0,0.25,0,0.445949,0.142857,1
8503,96532,3,1,3318,0,2,1,0.25,0,0.452408,0.142857,1
8504,96533,3,0,3319,0,1,0,0.25,0,0.448094,0.142857,1
8505,96530,2,1,3319,0,0,0,0.25,0,0.448075,0.142857,1
8506,96531,1,1,3320,0,1,1,0.25,0,0.439156,0.142857,1
8507,96531,1,1,3320,0,0,0,0.25,0,0.445274,0.142857,1
8508,96531,1,1,3320,0,0,0,0.25,0,0.438824,0.142857,1
8509,96531,1,1,3320,0,0,0,0.25,0,0.434494,0.142857,1
8510,96533,1,2,3320,0,0,0,0.25,0,0.445591,0.142857,1
8511,96532,1,2,3319,0,0,0,0.25,0,0.443196,0.142857,1
8512,96530,1,1,3320,0,1,0,0.25,0,0.443683,0.142857,1
8513,96531,1,0,3321,0,1,1,0.25,0,0.42534,0.142857,1
8514,96531,1,0,3321,0,0,0,0.25,0,0.423522,0.142857,1
8515,96530,1,0,3321,0,0,0,0.25,0,0.433689,0.142857,1
8516,96527,1,0,3321,0,0,0,0.25,0,0.425743,0.142857,1
8517,96532,1,0,3321,0,0,0,0.25,0,0.425304,0.142857,1
8518,96529,1,0,3320,0,0,0,0.25,0,0.424954,0.142857,1
8519,96531,1,0,3320,0,0,0,0.25,0,0.427074,0.142857,1
8520,96528,3,0,3320,0,0,0,0.25,0,0.436598,0.142857,1
8521,96533,2,1,3319,0,0,0,0.25,0,0.436264,0.142857,1
8522,96534,2,1,3319,0,0,0,0.25,0,0.436978,0.142857,1
8523,96534,3,1,3319,0,0,0,0.25,0,0.429468,0.142857,1
8524,96533,4,0,3320,0,1,1,0.25,0,0.436529,0.142857,1
8525,96532,5,0,3319,0,0,0,0.25,0,0.443287,0.142857,1
8526,96533,4,1,3319,0,0,0,0.25,0,0.438454,0.142857,1
8527,96532,4,1,3318,0,0,0,0.25,0,0.438761,0.142857,1
8528,96532,4,2,3318,0,0,0,0.25,0,0.439761,0.142857,1
8529,96530,3,3,3318,0,0,0,0.25,0,0.447609,0.142857,1
8530,96533,3,2,3319,0,1,0,0.25,0,0.456074,0.142857,1
8531,96530,3,2,3319,0,0,0,0.25,0,0.463848,0.142857,1
8532,96529,1,3,3318,0,1,0,0.25,0,0.472779,0.142857,1
8533,96527,1,2,3319,0,1,0,0.25,0,0.474139,0.142857,1
8534,96529,1,2,3319,0,0,0,0.25,0,0.481698,0.142857,1
8535,96527,1,2,3319,0,0,0,0.25,0,0.465121,0.142857,1
8536,96525,0,2,3320,0,1,1,0.25,0,0.454312,0.142857,1
8537,96526,1,1,3321,0,1,0,0.25,0,0.451175,0.142857,1
8538,96521,3,1,3321,0,0,0,0.25,0,0.436297,0.142857,1
8539,96522,1,3,3321,0,0,0,0.25,0,0.421579,0.142857,1
8540,96525,1,1,3322,0,2,0,0.25,0,0.425859,0.142857,1
8541,96524,2,1,3322,0,0,0,0.25,0,0.435054,0.142857,1
8542,96522,2,1,3322,0,0,0,0.25,0,0.434434,0.142857,1
8543,96523,2,1,3322,0,0,0,0.25,0,0.438071,0.142857,1
8544,96517,2,1,3322,0,0,0,0.25,0,0.445575,0.142857,1
8545,96518,1,2,3322,0,0,0,0.25,0,0.433845,0.142857,1
8546,96516,2,1,3323,0,1,1,0.25,0,0.429874,0.142857,1
8547,96515,2,1,3323,0,0,0,0.25,0,0.423764,0.142857,1
8548,96517,2,1,3323,0,0,0,0.25,0,0.409729,0.142857,1
8549,96516,2,0,3324,0,1,0,0.25,0,0.420624,0.142857,1
8550,96511,2,0,3324,0,0,0,0.25,0,0.420493,0.142857,1
8551,96513,2,0,3324,0,0,0,0.25,0,0.413902,0.142857,1
8552,96512,1,1,3324,0,0,0,0.25,0,0.423945,0.142857,1
8553,96516,1,1,3324,0,0,0,0.25,0,0.421255,0.142857,1
8554,96513,2,0,3325,0,1,0,0.25,0,0.441784,0.142857,1
8555,96519,2,0,3325,0,0,0,0.25,0,0.441803,0.142857,1
8556,96519,2,0,3325,0,0,0,0.25,0,0.434478,0.142857,1
8557,96518,2,0,3325,0,0,0,0.25,0,0.428613,0.142857,1
8558,96518,2,1,3325,0,0,0,0.25,0,0.431095,0.142857,1
8559,96517,3,2,3325,0,0,0,0.25,0,0.432903,0.142857,1
8560,96513,3,1,3326,0,1,1,0.25,0,0.442554,0.142857,1
8561,96510,3,0,3327,0,1,0,0.25,0,0.432996,0.142857,1
8562,96511,1,2,3327,0,0,0,0.25,0,0.423844,0.142857,1
8563,96509,1,2,3327,0,0,0,0.25,0,0.43213,0.142857,1
8564,96506,1,2,3327,0,0,0,0.25,0,0.430536,0.142857,1
8565,96504,1,1,3326,0,1,0,0.25,0,0.427674,0.142857,1
8566,96504,2,1,3326,0,0,0,0.25,0,0.431504,0.142857,1
8567,96505,2,1,3326,0,0,0,0.25,0,0.424757,0.142857,1
8568,96507,2,0,3327,0,1,0,0.25,0,0.431161,0.142857,1
8569,96509,2,0,3327,0,0,0,0.25,0,0.425483,0.142857,1
8570,96505,3,0,3327,0,0,0,0.25,0,0.424149,0.142857,1
8571,96500,3,0,3327,0,0,0,0.25,0,0.431087,0.142857,1
8572,96498,3,0,3327,0,0,0,0.25,0,0.435973,0.142857,1
8573,96498,2,1,3327,0,0,0,0.25,0,0.428526,0.142857,1
8574,96496,3,1,3327,0,0,0,0.25,0,0.415898,0.142857,1
8575,96494,3,1,3327,0,0,0,0.25,0,0.415724,0.142857,1
8576,96495,3,1,3327,0,0,0,0.25,0,0.417001,0.142857,1
8577,96496,2,2,3327,0,0,0,0.25,0,0.424009,0.142857,1
8578,96495,1,1,3329,0,2,2,0.25,0,0.435815,0.142857,1
8579,96493,0,2,3329,0,0,0,0.25,0,0.440215,0.142857,1
8580,96487,1,1,3330,0,1,0,0.25,0,0.438749,0.142857,1
8581,96486,1,1,3330,0,0,0,0.25,0,0.441917,0.142857,1
8582,96485,2,1,3330,0,0,0,0.25,0,0.436665,0.142857,1
8583,96486,2,1,3330,0,0,0,0.25,0,0.445164,0.142857,1
8584,96488,2,1,3330,0,0,0,0.25,0,0.440117,0.142857,1
8585,96488,2,1,3330,0,0,0,0.25,0,0.44442,0.142857,1
8586,96487,1,1,3331,0,1,0,0.25,0,0.442737,0.142857,1
8587,96486,1,1,3331,0,0,0,0.25,0,0.434303,0.142857,1
8588,96487,1,1,3331,0,0,0,0.25,0,0.426218,0.142857,1
8589,96486,0,2,3331,0,0,0,0.25,0,0.419772,0.142857,1
8590,96486,0,1,3331,0,1,0,0.25,0,0.424468,0.142857,1
8591,96486,0,1,3331,0,0,0,0.25,0,0.438693,0.142857,1
8592,96488,0,1,3331,0,0,0,0.25,0,0.441387,0.142857,1
8593,96491,2,0,3332,0,1,0,0.25,0,0.4339,0.142857,1
8594,96490,1,1,3332,0,0,0,0.25,0,0.429055,0.142857,1
8595,96490,1,1,3332,0,0,0,0.25,0,0.423854,0.142857,1
8596,96491,1,1,3332,0,0,0,0.25,0,0.419588,0.142857,1
8597,96491,2,1,3332,0,0,0,0.25,0,0.405845,0.142857,1
8598,96491,1,1,3333,0,1,0,0.25,0,0.432064,0.142857,1
8599,96489,1,2,3333,0,0,0,0.25,0,0.436068,0.142857,1
8600,96489,0,2,3334,0,1,0,0.25,0,0.436835,0.142857,1
8601,96489,0,2,3334,0,0,0,0.25,0,0.427002,0.142857,1
8602,96488,1,2,3334,0,1,0,0.25,0,0.414792,0.142857,1
8603,96488,1,1,3335,0,1,1,0.25,0,0.401383,0.142857,1
8604,96490,1,1,3335,0,0,0,0.25,0,0.400094,0.142857,1
8605,96491,2,0,3336,0,1,0,0.25,0,0.392285,0.142857,1
8606,96490,2,0,3336,0,0,0,0.25,0,0.396362,0.142857,1
8607,96491,1,1,3336,0,0,0,0.25,0,0.393592,0.142857,1
8608,96492,1,1,3336,0,0,0,0.25,0,0.38328,0.142857,1
8609,96492,1,1,3335,0,0,0,0.25,0,0.395142,0.142857,1
8610,96491,1,1,3335,0,0,0,0.25,0,0.398578,0.142857,1
8611,96492,1,0,3336,0,1,0,0.25,0,0.395598,0.142857,1
8612,96492,1,0,3336,0,0,0,0.25,0,0.401473,0.142857,1
8613,96490,1,0,3336,0,0,0,0.25,0,0.416071,0.142857,1
8614,96492,1,0,3335,0,0,0,0.25,0,0.397171,0.142857,1
8615,96489,1,0,3335,0,0,0,0.25,0,0.406795,0.142857,1
8616,96491,1,0,3335,0,0,0,0.25,0,0.417521,0.142857,1
8617,96493,1,0,3334,0,0,0,0.25,0,0.410983,0.142857,1
8618,96491,1,0,3334,0,0,0,0.25,0,0.409349,0.142857,1
8619,96490,1,0,3334,0,0,0,0.25,0,0.406574,0.142857,1
8620,96490,1,0,3334,0,0,0,0.25,0,0.40245,0.142857,1
8621,96495,1,1,3334,0,0,0,0.25,0,0.416302,0.142857,1
8622,96495,2,1,3334,0,0,0,0.25,0,0.425465,0.142857,1
8623,96500,2,1,3334,0,0,0,0.25,0,0.430206,0.142857,1
8624,96500,2,0,3335,0,1,2,0.25,0,0.443269,0.142857,1
8625,96500,2,1,3335,0,0,0,0.25,0,0.454639,0.142857,1
8626,96498,1,2,3335,0,0,0,0.25,0,0.45788,0.142857,1
8627,96498,2,1,3336,0,1,0,0.25,0,0.456795,0.142857,1
8628,96498,2,1,3336,0,0,0,0.25,0,0.440473,0.142857,1
8629,96494,2,0,3337,0,1,1,0.25,0,0.434014,0.142857,1
8630,96499,2,0,3337,0,0,0,0.25,0,0.439373,0.142857,1
8631,96498,2,0,3336,0,0,0,0.25,0,0.445592,0.142857,1
8632,96501,2,0,3336,0,0,0,0.25,0,0.45846,0.142857,1
8633,96501,2,0,3336,0,0,0,0.25,0,0.447581,0.142857,1
8634,96502,1,0,3337,0,1,0,0.25,0,0.450076,0.142857,1
8635,96498,2,0,3337,0,0,0,0.25,0,0.43466,0.142857,1
8636,96500,2,0,3337,0,0,0,0.25,0,0.436006,0.142857,1
8637,96502,2,0,3337,0,0,0,0.25,0,0.442078,0.142857,1
8638,96507,2,0,3337,0,0,0,0.25,0,0.442573,0.142857,1
8639,96513,2,0,3337,0,0,0,0.25,0,0.458755,0.142857,1
8640,96511,2,0,3336,0,0,0,0.25,0,0.445423,0.142857,1
8641,96511,2,0,3336,0,0,0,0.25,0,0.444569,0.142857,1
8642,96507,2,0,3336,0,0,0,0.25,0,0.436823,0.142857,1
8643,96515,1,1,3336,0,0,0,0.25,0,0.433721,0.142857,1
8644,96512,2,1,3336,0,0,0,0.25,0,0.420754,0.142857,1
8645,96515,2,1,3336,0,0,0,0.25,0,0.416704,0.142857,1
8646,96513,3,1,3336,0,0,0,0.25,0,0.405731,0.142857,1
8647,96513,3,1,3335,0,0,0,0.25,0,0.405131,0.142857,1
8648,96516,4,1,3335,0,0,0,0.25,0,0.405416,0.142857,1
8649,96517,3,0,3337,0,2,1,0.25,0,0.410632,0.142857,1
8650,96518,3,0,3337,0,0,0,0.25,0,0.414797,0.142857,1
8651,96519,3,0,3337,0,0,0,0.25,0,0.425676,0.142857,1
8652,96521,3,0,3337,0,0,0,0.25,0,0.441088,0.142857,1
8653,96522,4,0,3337,0,0,0,0.25,0,0.433582,0.142857,1
8654,96527,4,0,3336,0,0,0,0.25,0,0.436376,0.142857,1
8655,96526,4,0,3336,0,0,0,0.25,0,0.438376,0.142857,1
8656,96526,5,0,3335,0,0,0,0.25,0,0.438632,0.142857,1
8657,96525,5,2,3335,0,0,0,0.25,0,0.435565,0.142857,1
8658,96527,3,2,3337,0,2,0,0.25,0,0.437461,0.142857,1
8659,96528,2,2,3338,0,1,1,0.25,0,0.445631,0.142857,1
8660,96527,2,2,3338,0,0,0,0.25,0,0.433855,0.142857,1
8661,96523,3,1,3339,0,1,0,0.25,0,0.451652,0.142857,1
8662,96524,2,2,3339,0,0,0,0.25,0,0.45464,0.142857,1
8663,96525,2,2,3339,0,0,0,0.25,0,0.452493,0.142857,1
8664,96520,3,1,3340,0,1,0,0.25,0,0.450332,0.142857,1
8665,96529,4,1,3340,0,0,0,0.25,0,0.449611,0.142857,1
8666,96531,4,1,3340,0,0,0,0.25,0,0.453838,0.142857,1
8667,96530,4,0,3341,0,1,0,0.25,0,0.45448,0.142857,1
8668,96529,4,0,3341,0,0,0,0.25,0,0.442769,0.142857,1
8669,96532,3,1,3341,0,0,0,0.25,0,0.436834,0.142857,1
8670,96530,2,2,3341,0,0,0,0.25,0,0.439032,0.142857,1
8671,96528,2,2,3341,0,0,0,0.25,0,0.418899,0.142857,1
8672,96529,2,2,3341,0,0,0,0.25,0,0.415335,0.142857,1
8673,96526,2,1,3342,0,1,0,0.25,0,0.415938,0.142857,1
8674,96530,2,1,3342,0,0,0,0.25,0,0.414704,0.142857,1
8675,96528,1,1,3343,0,1,0,0.25,0,0.419619,0.142857,1
8676,96523,1,0,3344,0,1,1,0.25,0,0.421639,0.142857,1
8677,96517,2,0,3344,0,0,0,0.25,0,0.41835,0.142857,1
8678,96516,1,1,3344,0,0,0,0.25,0,0.416633,0.142857,1
8679,96516,1,1,3344,0,0,0,0.25,0,0.417092,0.142857,1
8680,96516,1,0,3345,0,1,0,0.25,0,0.420298,0.142857,1
8681,96519,1,0,3345,0,0,0,0.25,0,0.408142,0.142857,1
8682,96521,2,0,3345,0,0,0,0.25,0,0.389868,0.142857,1
8683,96523,2,0,3345,0,0,0,0.25,0,0.370839,0.142857,1
8684,96523,2,0,3345,0,0,0,0.25,0,0.365151,0.142857,1
8685,96521,2,0,3345,0,0,0,0.25,0,0.363371,0.142857,1
8686,96518,2,1,3345,0,0,0,0.25,0,0.355967,0.142857,1
8687,96518,0,3,3345,0,0,0,0.25,0,0.336106,0.142857,1
8688,96518,0,2,3346,0,1,0,0.25,0,0.342396,0.142857,1
8689,96516,0,2,3346,0,0,0,0.25,0,0.346551,0.142857,1
8690,96521,0,1,3347,0,1,0,0.25,0,0.33897,0.142857,1
8691,96525,0,0,3348,0,1,1,0.25,0,0.333465,0.142857,1
8692,96523,0,0,3348,0,0,0,0.25,0,0.331056,0.142857,1
8693,96525,0,0,3348,0,0,0,0.25,0,0.335513,0.142857,1
8694,96528,0,0,3348,0,0,0,0.25,0,0.346847,0.142857,1
8695,96530,1,0,3348,0,0,0,0.25,0,0.346178,0.142857,1
8696,96530,2,0,3348,0,0,0,0.25,0,0.331391,0.142857,1
8697,96528,2,0,3348,0,0,0,0.25,0,0.338578,0.142857,1
8698,96528,2,0,3348,0,0,0,0.25,0,0.33762,0.142857,1
8699,96529,1,0,3349,0,1,0,0.25,0,0.342445,0.142857,1
8700,96534,1,0,3349,0,0,0,0.25,0,0.329804,0.142857,1
8701,96538,1,0,3349,0,0,0,0.25,0,0.341978,0.142857,1
8702,96543,1,0,3349,0,0,0,0.25,0,0.344291,0.142857,1
8703,96545,1,0,3349,0,0,0,0.25,0,0.349099,0.142857,1
8704,96547,2,0,3348,0,0,0,0.25,0,0.346901,0.142857,1
8705,96551,1,1,3348,0,0,0,0.25,0,0.334975,0.142857,1
8706,96550,0,2,3348,0,0,0,0.25,0,0.333571,0.142857,1
8707,96551,1,1,3349,0,1,0,0.25,0,0.329537,0.142857,1
8708,96550,1,1,3349,0,0,0,0.25,0,0.331128,0.142857,1
8709,96545,2,1,3349,0,0,0,0.25,0,0.325548,0.142857,1
8710,96546,2,1,3348,0,0,0,0.25,0,0.321047,0.142857,1
8711,96545,2,0,3349,0,1,0,0.25,0,0.307145,0.142857,1
8712,96550,2,0,3349,0,0,0,0.25,0,0.32253,0.142857,1
8713,96555,1,1,3349,0,0,0,0.25,0,0.318386,0.142857,1
8714,96559,1,1,3349,0,0,0,0.25,0,0.327555,0.142857,1
8715,96561,1,1,3349,0,0,0,0.25,0,0.322514,0.142857,1
8716,96560,1,0,3350,0,1,0,0.25,0,0.319465,0.142857,1
8717,96560,1,0,3350,0,0,0,0.25,0,0.330242,0.142857,1
8718,96558,1,0,3350,0,0,0,0.25,0,0.323761,0.142857,1
8719,96559,2,0,3350,0,0,0,0.25,0,0.328119,0.142857,1
8720,96559,1,1,3350,0,0,0,0.25,0,0.307486,0.142857,1
8721,96560,1,1,3350,0,0,0,0.25,0,0.298416,0.142857,1
8722,96562,2,1,3350,0,0,0,0.25,0,0.302936,0.142857,1
8723,96563,1,2,3350,0,0,0,0.25,0,0.287045,0.142857,1
8724,96557,2,2,3350,0,0,0,0.25,0,0.289839,0.142857,1
8725,96559,1,3,3350,0,0,0,0.25,0,0.293514,0.142857,1
8726,96561,0,4,3350,0,0,0,0.25,0,0.291109,0.142857,1
8727,96563,1,2,3352,0,2,1,0.25,0,0.281057,0.142857,1
8728,96562,1,2,3352,0,0,0,0.25,0,0.274673,0.142857,1
8729,96562,1,1,3353,0,1,0,0.25,0,0.270904,0.142857,1
8730,96558,1,2,3353,0,0,0,0.25,0,0.274594,0.142857,1
8731,96556,1,2,3353,0,0,0,0.25,0,0.280018,0.142857,1
8732,96550,2,1,3355,0,2,1,0.25,0,0.284658,0.142857,1
8733,96549,2,1,3355,0,0,0,0.25,0,0.290227,0.142857,1
8734,96548,2,1,3355,0,0,0,0.25,0,0.2951,0.142857,1
8735,96554,2,1,3354,0,0,0,0.25,0,0.29997,0.142857,1
8736,96557,2,1,3354,0,0,0,0.25,0,0.311319,0.142857,1
8737,96553,2,1,3355,0,1,1,0.25,0,0.320511,0.142857,1
8738,96555,2,1,3355,0,0,0,0.25,0,0.316073,0.142857,1
8739,96555,2,0,3355,0,1,0,0.25,0,0.323348,0.142857,1
8740,96552,2,0,3355,0,0,0,0.25,0,0.317508,0.142857,1
8741,96553,2,0,3354,0,0,0,0.25,0,0.324167,0.142857,1
8742,96549,1,1,3354,0,0,0,0.25,0,0.315647,0.142857,1
8743,96544,1,1,3354,0,0,0,0.25,0,0.332415,0.142857,1
8744,96542,1,1,3354,0,0,0,0.25,0,0.326397,0.142857,1
8745,96542,2,1,3354,0,0,0,0.25,0,0.330898,0.142857,1
8746,96551,1,2,3353,0,0,0,0.25,0,0.328016,0.142857,1
8747,96552,1,2,3353,0,0,0,0.25,0,0.332559,0.142857,1
8748,96548,1,1,3354,0,1,1,0.25,0,0.335612,0.142857,1
8749,96541,1,0,3355,0,1,0,0.25,0,0.339357,0.142857,1
8750,96536,1,0,3355,0,0,0,0.25,0,0.338439,0.142857,1
8751,96540,1,0,3355,0,0,0,0.25,0,0.333287,0.142857,1
8752,96538,1,0,3355,0,0,0,0.25,0,0.340087,0.142857,1
8753,96538,1,0,3355,0,0,0,0.25,0,0.337874,0.142857,1
8754,96541,1,0,3355,0,0,0,0.25,0,0.336215,0.142857,1
8755,96544,2,0,3355,0,0,0,0.25,0,0.335852,0.142857,1
8756,96543,2,0,3354,0,0,0,0.25,0,0.347834,0.142857,1
8757,96542,2,1,3354,0,0,0,0.25,0,0.343329,0.142857,1
8758,96540,2,1,3354,0,0,0,0.25,0,0.33359,0.142857,1
8759,96539,2,1,3354,0,0,0,0.25,0,0.336375,0.142857,1
8760,96540,2,1,3354,0,0,0,0.25,0,0.332317,0.142857,1
8761,96537,2,1,3354,0,0,0,0.25,0,0.336288,0.142857,1
8762,96538,2,0,3355,0,1,0,0.25,0,0.336838,0.142857,1
8763,96540,2,0,3355,0,0,0,0.25,0,0.324512,0.142857,1
8764,96545,2,0,3355,0,0,0,0.25,0,0.323605,0.142857,1
8765,96546,2,0,3355,0,0,0,0.25,0,0.317976,0.142857,1
8766,96546,2,0,3355,0,0,0,0.25,0,0.302436,0.142857,1
8767,96547,2,0,3355,0,0,0,0.25,0,0.303666,0.142857,1
8768,96551,1,1,3355,0,0,0,0.25,0,0.314965,0.142857,1
8769,96549,2,1,3355,0,0,0,0.25,0,0.322446,0.142857,1
8770,96552,3,0,3356,0,1,1,0.25,0,0.325394,0.142857,1
8771,96547,3,0,3356,0,0,0,0.25,0,0.322754,0.142857,1
8772,96548,3,0,3356,0,0,0,0.25,0,0.32411,0.142857,1
8773,96552,3,0,3356,0,0,0,0.25,0,0.319615,0.142857,1
8774,96551,3,0,3356,0,0,0,0.25,0,0.32108,0.142857,1
8775,96551,1,2,3355,0,0,0,0.25,0,0.336639,0.142857,1
8776,96551,1,2,3355,0,0,0,0.25,0,0.339128,0.142857,1
8777,96545,2,2,3355,0,0,0,0.25,0,0.335423,0.142857,1
8778,96547,2,1,3356,0,1,0,0.25,0,0.336167,0.142857,1
8779,96547,2,1,3355,0,0,0,0.25,0,0.336098,0.142857,1
8780,96546,2,1,3355,0,0,0,0.25,0,0.34095,0.142857,1
8781,96547,2,0,3356,0,1,1,0.25,0,0.335695,0.142857,1
8782,96547,2,0,3356,0,0,0,0.25,0,0.324843,0.142857,1
8783,96548,2,0,3356,0,0,0,0.25,0,0.32259,0.142857,1
8784,96548,1,1,3356,0,0,0,0.25,0,0.322839,0.142857,1
8785,96550,1,1,3356,0,0,0,0.25,0,0.329346,0.142857,1
8786,96553,2,1,3356,0,0,0,0.25,0,0.323992,0.142857,1
8787,96556,1,2,3356,0,0,0,0.25,0,0.330374,0.142857,1
8788,96555,1,2,3355,0,0,0,0.25,0,0.329799,0.142857,1
8789,96555,2,2,3354,0,0,0,0.25,0,0.329461,0.142857,1
8790,96557,2,1,3355,0,1,0,0.25,0,0.32952,0.142857,1
8791,96563,1,1,3356,0,1,0,0.25,0,0.336353,0.142857,1
8792,96562,2,1,3355,0,0,0,0.25,0,0.334857,0.142857,1
8793,96561,2,1,3355,0,0,0,0.25,0,0.333779,0.142857,1
8794,96560,1,2,3355,0,0,0,0.25,0,0.328606,0.142857,1
8795,96558,2,1,3356,0,1,0,0.25,0,0.325194,0.142857,1
8796,96561,2,0,3357,0,1,0,0.25,0,0.320383,0.142857,1
8797,96560,2,0,3357,0,0,0,0.25,0,0.336502,0.142857,1
8798,96562,2,0,3357,0,0,0,0.25,0,0.344822,0.142857,1
8799,96565,2,0,3357,0,0,0,0.25,0,0.345956,0.142857,1
8800,96560,3,0,3357,0,0,0,0.25,0,0.326337,0.142857,1
8801,96558,4,1,3357,0,0,0,0.25,0,0.308382,0.142857,1
8802,96559,4,1,3357,0,0,0,0.25,0,0.301163,0.142857,1
8803,96557,2,2,3358,0,1,0,0.25,0,0.317034,0.142857,1
8804,96556,3,2,3358,0,0,0,0.25,0,0.317513,0.142857,1
8805,96559,3,2,3358,0,0,0,0.25,0,0.322676,0.142857,1
8806,96563,3,2,3358,0,0,0,0.25,0,0.321613,0.142857,1
8807,96561,3,1,3358,0,1,0,0.25,0,0.306982,0.142857,1
8808,96563,3,1,3358,0,0,0,0.25,0,0.299998,0.142857,1
8809,96562,3,2,3358,0,1,0,0.25,0,0.301494,0.142857,1
8810,96560,3,1,3359,0,1,0,0.25,0,0.31144,0.142857,1
8811,96561,2,2,3359,0,0,0,0.25,0,0.32422,0.142857,1
8812,96565,2,2,3359,0,0,0,0.25,0,0.340711,0.142857,1
8813,96568,2,1,3360,0,1,0,0.25,0,0.331096,0.142857,1
8814,96569,3,1,3359,0,0,0,0.25,0,0.341023,0.142857,1
8815,96566,3,2,3359,0,0,0,0.25,0,0.342796,0.142857,1
8816,96566,3,2,3359,0,0,0,0.25,0,0.337826,0.142857,1
8817,96569,3,2,3359,0,0,0,0.25,0,0.341079,0.142857,1
8818,96565,3,2,3359,0,0,0,0.25,0,0.329413,0.142857,1
8819,96567,1,3,3359,0,1,0,0.25,0,0.323061,0.142857,1
8820,96568,0,2,3361,0,2,0,0.25,0,0.328383,0.142857,1
8821,96568,0,0,3363,0,2,0,0.25,0,0.32292,0.142857,1
8822,96567,1,0,3363,0,0,0,0.25,0,0.324356,0.142857,1
8823,96569,2,0,3363,0,0,0,0.25,0,0.318415,0.142857,1
8824,96569,2,0,3363,0,0,0,0.25,0,0.337629,0.142857,1
8825,96572,2,0,3363,0,0,0,0.25,0,0.335145,0.142857,1
8826,96575,1,1,3363,0,0,0,0.25,0,0.33925,0.142857,1
8827,96574,1,1,3363,0,0,0,0.25,0,0.323799,0.142857,1
8828,96576,1,0,3364,0,1,0,0.25,0,0.329191,0.142857,1
8829,96574,1,0,3364,0,0,0,0.25,0,0.325834,0.142857,1
8830,96574,1,0,3364,0,0,0,0.25,0,0.327587,0.142857,1
8831,96575,2,0,3364,0,0,0,0.25,0,0.319639,0.142857,1
8832,96575,2,0,3363,0,0,0,0.25,0,0.30917,0.142857,1
8833,96575,3,0,3363,0,0,0,0.25,0,0.310227,0.142857,1
8834,96576,3,0,3362,0,0,0,0.25,0,0.304288,0.142857,1
8835,96570,3,0,3362,0,0,0,0.25,0,0.298829,0.142857,1
8836,96570,3,0,3361,0,0,0,0.25,0,0.312421,0.142857,1
8837,96570,3,0,3361,0,0,0,0.25,0,0.313692,0.142857,1
8838,96569,3,0,3361,0,0,0,0.25,0,0.313513,0.142857,1
8839,96574,3,0,3361,0,0,0,0.25,0,0.323109,0.142857,1
8840,96578,3,0,3361,0,0,0,0.25,0,0.31244,0.142857,1
8841,96579,2,1,3360,0,0,0,0.25,0,0.315371,0.142857,1
8842,96580,3,2,3359,0,0,0,0.25,0,0.316037,0.142857,1
8843,96574,3,3,3357,0,0,0,0.25,0,0.322031,0.142857,1
8844,96578,3,2,3357,0,1,0,0.25,0,0.318617,0.142857,1
8845,96581,3,2,3357,0,0,0,0.25,0,0.324416,0.142857,1
8846,96580,4,1,3358,0,1,0,0.25,0,0.331151,0.142857,1
8847,96583,1,4,3358,0,0,0,0.25,0,0.323652,0.142857,1
8848,96582,2,3,3359,0,1,0,0.25,0,0.321757,0.142857,1
8849,96584,2,2,3360,0,1,0,0.25,0,0.333576,0.142857,1
8850,96583,2,2,3360,0,0,0,0.25,0,0.332724,0.142857,1
8851,96581,1,3,3360,0,0,0,0.25,0,0.340778,0.142857,1
8852,96581,1,4,3360,0,0,0,0.25,0,0.322689,0.142857,1
8853,96581,1,4,3360,0,0,0,0.25,0,0.328996,0.142857,1
8854,96582,1,3,3361,0,1,0,0.25,0,0.316317,0.142857,1
8855,96586,1,3,3361,0,0,0,0.25,0,0.32374,0.142857,1
8856,96588,1,3,3361,0,0,0,0.25,0,0.314348,0.142857,1
8857,96589,1,3,3361,0,0,0,0.25,0,0.31187,0.142857,1
8858,96585,1,4,3361,0,0,0,0.25,0,0.312858,0.142857,1
8859,96582,1,3,3362,0,1,0,0.25,0,0.314228,0.142857,1
8860,96585,1,3,3362,0,0,0,0.25,0,0.323212,0.142857,1
8861,96586,1,1,3364,0,2,1,0.25,0,0.329184,0.142857,1
8862,96585,1,1,3364,0,0,0,0.25,0,0.327304,0.142857,1
8863,96582,0,2,3364,0,0,0,0.25,0,0.315112,0.142857,1
8864,96580,2,2,3364,0,0,0,0.25,0,0.320151,0.142857,1
8865,96579,2,2,3364,0,0,0,0.25,0,0.331655,0.142857,1
8866,96584,2,2,3364,0,0,0,0.25,0,0.326726,0.142857,1
8867,96581,1,2,3365,0,1,0,0.25,0,0.317293,0.142857,1
8868,96582,1,2,3365,0,0,0,0.25,0,0.326108,0.142857,1
8869,96582,2,2,3365,0,0,0,0.25,0,0.327522,0.142857,1
8870,96581,3,2,3365,0,0,0,0.25,0,0.32235,0.142857,1
8871,96579,3,0,3367,0,2,0,0.25,0,0.320855,0.142857,1
8872,96575,3,0,3366,0,0,0,0.25,0,0.323851,0.142857,1
8873,96574,2,1,3365,0,0,0,0.25,0,0.339307,0.142857,1
8874,96576,2,1,3365,0,0,0,0.25,0,0.350253,0.142857,1
8875,96577,2,1,3365,0,0,0,0.25,0,0.345833,0.142857,1
8876,96577,2,1,3364,0,0,0,0.25,0,0.341825,0.142857,1
8877,96581,1,1,3365,0,1,1,0.25,0,0.342456,0.142857,1
8878,96576,2,1,3365,0,0,0,0.25,0,0.341428,0.142857,1
8879,96575,2,0,3366,0,1,0,0.25,0,0.349145,0.142857,1
8880,96576,2,0,3366,0,0,0,0.25,0,0.343248,0.142857,1
8881,96578,2,0,3366,0,0,0,0.25,0,0.347229,0.142857,1
8882,96576,2,0,3366,0,0,0,0.25,0,0.347129,0.142857,1
8883,96572,2,0,3366,0,0,0,0.25,0,0.341112,0.142857,1
8884,96572,2,0,3365,0,0,0,0.25,0,0.340558,0.142857,1
8885,96570,2,0,3365,0,0,0,0.25,0,0.35434,0.142857,1
8886,96569,1,1,3365,0,0,0,0.25,0,0.351654,0.142857,1
8887,96569,1,0,3366,0,1,2,0.25,0,0.355492,0.142857,1
8888,96569,2,0,3365,0,0,0,0.25,0,0.354232,0.142857,1
8889,96569,2,0,3365,0,0,0,0.25,0,0.361544,0.142857,1
8890,96563,3,0,3364,0,0,0,0.25,0,0.36149,0.142857,1
8891,96565,3,1,3364,0,0,0,0.25,0,0.351962,0.142857,1
8892,96571,3,1,3364,0,0,0,0.25,0,0.343153,0.142857,1
8893,96569,2,1,3364,0,1,0,0.25,0,0.342536,0.142857,1
8894,96569,2,1,3364,0,0,0,0.25,0,0.346535,0.142857,1
8895,96569,2,1,3364,0,0,0,0.25,0,0.333241,0.142857,1
8896,96566,2,2,3364,0,0,0,0.25,0,0.334839,0.142857,1
8897,96568,2,2,3364,0,0,0,0.25,0,0.348629,0.142857,1
8898,96568,2,2,3363,0,0,0,0.25,0,0.341195,0.142857,1
8899,96569,2,2,3363,0,0,0,0.25,0,0.347907,0.142857,1
8900,96571,2,2,3363,0,0,0,0.25,0,0.359538,0.142857,1
8901,96574,1,2,3364,0,1,0,0.25,0,0.363714,0.142857,1
8902,96575,1,0,3366,0,2,1,0.25,0,0.360449,0.142857,1
8903,96570,0,1,3366,0,0,0,0.25,0,0.345636,0.142857,1
8904,96566,0,0,3366,0,1,0,0.25,0,0.353278,0.142857,1
8905,96565,0,0,3366,0,0,0,0.25,0,0.361234,0.142857,1
8906,96567,0,0,3366,0,0,0,0.25,0,0.368106,0.142857,1
8907,96566,0,0,3366,0,0,0,0.25,0,0.372001,0.142857,1
8908,96570,1,0,3366,0,0,0,0.25,0,0.381241,0.142857,1
8909,96570,1,0,3366,0,0,0,0.25,0,0.380113,0.142857,1
8910,96570,1,0,3366,0,0,0,0.25,0,0.375925,0.142857,1
8911,96573,0,1,3366,0,0,0,0.25,0,0.373301,0.142857,1
8912,96570,0,1,3365,0,0,0,0.25,0,0.371732,0.142857,1
8913,96570,0,1,3365,0,0,0,0.25,0,0.366951,0.142857,1
8914,96572,1,1,3365,0,0,0,0.25,0,0.383399,0.142857,1
8915,96571,1,1,3365,0,0,0,0.25,0,0.382764,0.142857,1
8916,96572,1,1,3365,0,0,0,0.25,0,0.39386,0.142857,1
8917,96573,0,2,3365,0,0,0,0.25,0,0.39331,0.142857,1
8918,96574,1,1,3366,0,1,0,0.25,0,0.381685,0.142857,1
8919,96573,0,2,3366,0,0,0,0.25,0,0.387283,0.142857,1
8920,96573,3,1,3367,0,1,0,0.25,0,0.386976,0.142857,1
8921,96572,2,2,3366,0,0,0,0.25,0,0.384703,0.142857,1
8922,96572,3,2,3366,0,0,0,0.25,0,0.377928,0.142857,1
8923,96574,3,2,3366,0,0,0,0.25,0,0.393133,0.142857,1
8924,96573,2,3,3366,0,0,0,0.25,0,0.391342,0.142857,1
8925,96573,2,3,3366,0,0,0,0.25,0,0.3976,0.142857,1
8926,96574,2,3,3366,0,0,0,0.25,0,0.417194,0.142857,1
8927,96574,2,2,3367,0,1,0,0.25,0,0.417193,0.142857,1
8928,96575,2,2,3367,0,0,0,0.25,0,0.425988,0.142857,1
8929,96574,3,2,3366,0,0,0,0.25,0,0.412674,0.142857,1
8930,96572,2,3,3366,0,0,0,0.25,0,0.41492,0.142857,1
8931,96568,2,3,3366,0,0,0,0.25,0,0.427219,0.142857,1
8932,96564,2,2,3367,0,1,0,0.25,0,0.43123,0.142857,1
8933,96561,3,2,3367,0,0,0,0.25,0,0.436103,0.142857,1
8934,96562,3,2,3368,0,1,2,0.25,0,0.451992,0.142857,1
8935,96559,3,2,3368,0,0,0,0.25,0,0.442248,0.142857,1
8936,96560,4,2,3367,0,0,0,0.25,0,0.436578,0.142857,1
8937,96558,5,2,3367,0,0,0,0.25,0,0.446563,0.142857,1
8938,96557,4,2,3368,0,1,0,0.25,0,0.458574,0.142857,1
8939,96553,3,2,3368,0,1,1,0.25,0,0.455813,0.142857,1
8940,96552,3,2,3368,0,0,0,0.25,0,0.463314,0.142857,1
8941,96556,3,1,3368,0,1,0,0.25,0,0.46185,0.142857,1
8942,96559,2,1,3369,0,1,0,0.25,0,0.443827,0.142857,1
8943,96559,3,1,3369,0,0,0,0.25,0,0.453522,0.142857,1
8944,96564,3,1,3369,0,0,0,0.25,0,0.451169,0.142857,1
8945,96566,3,0,3370,0,1,0,0.25,0,0.458271,0.142857,1
8946,96568,1,2,3370,0,0,0,0.25,0,0.457028,0.142857,1
8947,96565,1,2,3370,0,0,0,0.25,0,0.464225,0.142857,1
8948,96567,1,2,3370,0,0,0,0.25,0,0.455573,0.142857,1
8949,96566,1,2,3370,0,0,0,0.25,0,0.463246,0.142857,1
8950,96563,1,1,3371,0,1,0,0.25,0,0.465972,0.142857,1
8951,96564,1,1,3370,0,0,0,0.25,0,0.485309,0.142857,1
8952,96561,1,1,3370,0,0,0,0.25,0,0.502449,0.142857,1
8953,96565,1,1,3370,0,0,0,0.25,0,0.507799,0.142857,1
8954,96564,2,1,3369,0,0,0,0.25,0,0.498018,0.142857,1
8955,96565,2,1,3369,0,0,0,0.25,0,0.501789,0.142857,1
8956,96563,0,4,3369,0,0,0,0.25,0,0.501381,0.142857,1
8957,96563,0,4,3369,0,0,0,0.25,0,0.496811,0.142857,1
8958,96559,1,3,3369,0,1,0,0.25,0,0.486999,0.142857,1
8959,96559,2,2,3369,0,1,1,0.25,0,0.479934,0.142857,1
8960,96553,3,2,3369,0,0,0,0.25,0,0.474601,0.142857,1
8961,96559,3,2,3369,0,0,0,0.25,0,0.480138,0.142857,1
8962,96558,3,1,3370,0,1,0,0.25,0,0.487481,0.142857,1
8963,96555,4,1,3370,0,0,0,0.25,0,0.487774,0.142857,1
8964,96561,3,1,3370,0,1,0,0.25,0,0.486432,0.142857,1
8965,96563,3,1,3370,0,0,0,0.25,0,0.481128,0.142857,1
8966,96569,3,1,3371,0,1,0,0.25,0,0.476703,0.142857,1
8967,96568,2,2,3371,0,0,0,0.25,0,0.490566,0.142857,1
8968,96562,6,2,3371,0,0,0,0.25,0,0.493532,0.142857,1
8969,96563,5,2,3372,0,1,0,0.25,0,0.478336,0.142857,1
8970,96563,5,1,3373,0,1,0,0.25,0,0.484336,0.142857,1
8971,96563,3,3,3373,0,0,0,0.25,0,0.468439,0.142857,1
8972,96564,2,3,3374,0,1,0,0.25,0,0.460005,0.142857,1
8973,96565,3,2,3375,0,1,0,0.25,0,0.452989,0.142857,1
8974,96565,2,3,3375,0,0,0,0.25,0,0.460828,0.142857,1
8975,96565,2,2,3376,0,1,0,0.25,0,0.447601,0.142857,1
8976,96564,0,4,3376,0,0,0,0.25,0,0.444674,0.142857,1
8977,96565,0,3,3377,0,1,0,0.25,0,0.43219,0.142857,1
8978,96571,0,3,3377,0,0,0,0.25,0,0.419701,0.142857,1
8979,96575,0,3,3377,0,0,0,0.25,0,0.411226,0.142857,1
8980,96571,1,4,3377,0,0,0,0.25,0,0.421927,0.142857,1
8981,96565,1,4,3377,0,0,0,0.25,0,0.416499,0.142857,1
8982,96566,2,3,3378,0,1,1,0.25,0,0.414987,0.142857,1
8983,96566,2,2,3379,0,1,0,0.25,0,0.413301,0.142857,1
8984,96563,3,1,3380,0,1,0,0.25,0,0.409728,0.142857,1
8985,96558,3,1,3380,0,0,0,0.25,0,0.420712,0.142857,1
8986,96562,2,2,3380,0,0,0,0.25,0,0.414767,0.142857,1
8987,96563,3,2,3380,0,0,0,0.25,0,0.425078,0.142857,1
8988,96565,3,2,3380,0,0,0,0.25,0,0.427219,0.142857,1
8989,96565,3,2,3380,0,0,0,0.25,0,0.421729,0.142857,1
8990,96566,3,2,3380,0,0,0,0.25,0,0.420542,0.142857,1
8991,96567,2,3,3380,0,0,0,0.25,0,0.42192,0.142857,1
8992,96571,2,3,3380,0,0,0,0.25,0,0.427301,0.142857,1
8993,96571,2,2,3381,0,1,0,0.25,0,0.421365,0.142857,1
8994,96571,2,2,3381,0,0,0,0.25,0,0.425529,0.142857,1
8995,96570,3,1,3382,0,1,0,0.25,0,0.427458,0.142857,1
8996,96569,3,1,3382,0,0,0,0.25,0,0.429763,0.142857,1
8997,96567,2,1,3383,0,1,0,0.25,0,0.418237,0.142857,1
8998,96568,2,1,3383,0,0,0,0.25,0,0.418451,0.142857,1
8999,96571,2,1,3383,0,0,0,0.25,0,0.422035,0.142857,1
9000,96572,2,2,3382,0,0,0,0.25,0,0.437016,0.142857,1
9001,96571,2,2,3382,0,0,0,0.25,0,0.435062,0.142857,1
9002,96567,3,1,3382,0,1,0,0.25,0,0.443119,0.142857,1
9003,96566,3,1,3382,0,0,0,0.25,0,0.449932,0.142857,1
9004,96563,3,1,3382,0,0,0,0.25,0,0.465682,0.142857,1
9005,96566,4,0,3382,0,1,0,0.25,0,0.473125,0.142857,1
9006,96573,3,1,3382,0,0,0,0.25,0,0.481973,0.142857,1
9007,96569,2,3,3382,0,0,0,0.25,0,0.487569,0.142857,1
9008,96568,2,3,3382,0,0,0,0.25,0,0.49285,0.142857,1
9009,96569,2,2,3382,0,1,0,0.25,0,0.492572,0.142857,1
9010,96572,3,1,3383,0,1,1,0.25,0,0.492111,0.142857,1
9011,96575,4,1,3381,0,0,0,0.25,0,0.496838,0.142857,1
9012,96574,4,0,3382,0,1,0,0.25,0,0.512233,0.142857,1
9013,96571,3,1,3382,0,0,0,0.25,0,0.50734,0.142857,1
9014,96575,4,1,3382,0,0,0,0.25,0,0.49864,0.142857,1
9015,96574,4,1,3382,0,0,0,0.25,0,0.509227,0.142857,1
9016,96574,4,1,3383,0,1,0,0.25,0,0.521807,0.142857,1
9017,96575,4,2,3382,0,0,0,0.25,0,0.529141,0.142857,1
9018,96574,4,2,3383,0,1,1,0.25,0,0.53715,0.142857,1
9019,96575,5,2,3383,0,0,0,0.25,0,0.521706,0.142857,1
9020,96575,5,1,3384,0,1,0,0.25,0,0.516059,0.142857,1
9021,96572,5,2,3383,0,0,0,0.25,0,0.51408,0.142857,1
9022,96576,4,2,3384,0,1,1,0.25,0,0.507393,0.142857,1
9023,96574,4,0,3386,0,2,0,0.25,0,0.499262,0.142857,1
9024,96571,3,1,3386,0,0,0,0.25,0,0.500924,0.142857,1
9025,96570,3,1,3386,0,0,0,0.25,0,0.497642,0.142857,1
9026,96573,3,1,3385,0,0,0,0.25,0,0.485156,0.142857,1
9027,96570,3,1,3385,0,0,0,0.25,0,0.492967,0.142857,1
9028,96567,3,1,3385,0,0,0,0.25,0,0.496405,0.142857,1
9029,96564,3,1,3385,0,0,0,0.25,0,0.505565,0.142857,1
9030,96564,4,1,3385,0,0,0,0.25,0,0.515364,0.142857,1
9031,96566,4,1,3385,0,0,0,0.25,0,0.515174,0.142857,1
9032,96570,4,1,3385,0,0,0,0.25,0,0.522844,0.142857,1
9033,96571,4,1,3385,0,0,0,0.25,0,0.52832,0.142857,1
9034,96572,4,1,3385,0,0,0,0.25,0,0.518743,0.142857,1
9035,96573,3,2,3385,0,0,0,0.25,0,0.517845,0.142857,1
9036,96571,2,2,3386,0,1,1,0.25,0,0.521393,0.142857,1
9037,96573,3,2,3386,0,0,0,0.25,0,0.524906,0.142857,1
9038,96573,3,2,3385,0,0,0,0.25,0,0.51527,0.142857,1
9039,96573,3,2,3385,0,0,0,0.25,0,0.529814,0.142857,1
9040,96570,3,2,3385,0,0,0,0.25,0,0.540096,0.142857,1
9041,96566,4,2,3385,0,0,0,0.25,0,0.517449,0.142857,1
9042,96567,4,2,3385,0,0,0,0.25,0,0.497603,0.142857,1
9043,96567,4,2,3386,0,1,0,0.25,0,0.482957,0.142857,1
9044,96565,5,2,3386,0,0,0,0.25,0,0.51093,0.142857,1
9045,96565,5,2,3387,0,1,0,0.25,0,0.50043,0.142857,1
9046,96565,6,2,3387,0,0,0,0.25,0,0.501268,0.142857,1
9047,96565,5,3,3387,0,0,0,0.25,0,0.50778,0.142857,1
9048,96567,5,4,3387,0,0,0,0.25,0,0.516269,0.142857,1
9049,96567,3,6,3387,0,0,0,0.25,0,0.495437,0.142857,1
9050,96561,3,5,3388,0,1,0,0.25,0,0.479865,0.142857,1
9051,96562,3,3,3390,0,2,0,0.25,0,0.485552,0.142857,1
9052,96562,2,2,3392,0,2,0,0.25,0,0.471519,0.142857,1
9053,96564,3,2,3392,0,0,0,0.25,0,0.466941,0.142857,1
9054,96559,4,2,3392,0,0,0,0.25,0,0.466387,0.142857,1
9055,96564,4,2,3392,0,0,0,0.25,0,0.460182,0.142857,1
9056,96565,3,2,3393,0,1,0,0.25,0,0.461074,0.142857,1
9057,96567,4,2,3393,0,0,0,0.25,0,0.458919,0.142857,1
9058,96569,4,1,3394,0,1,0,0.25,0,0.471595,0.142857,1
9059,96569,3,2,3394,0,0,0,0.25,0,0.480783,0.142857,1
9060,96569,2,2,3395,0,1,0,0.25,0,0.477391,0.142857,1
9061,96567,2,0,3397,0,2,1,0.25,0,0.494199,0.142857,1
9062,96562,3,0,3397,0,0,0,0.25,0,0.491934,0.142857,1
9063,96558,3,0,3396,0,0,0,0.25,0,0.506174,0.142857,1
9064,96556,1,2,3396,0,0,0,0.25,0,0.513576,0.142857,1
9065,96549,2,2,3396,0,0,0,0.25,0,0.513982,0.142857,1
9066,96547,2,1,3397,0,1,0,0.25,0,0.528518,0.142857,1
9067,96554,1,2,3397,0,0,0,0.25,0,0.530283,0.142857,1
9068,96550,0,3,3397,0,0,0,0.25,0,0.522092,0.142857,1
9069,96549,1,2,3398,0,1,0,0.25,0,0.515367,0.142857,1
9070,96552,1,2,3398,0,0,0,0.25,0,0.506517,0.142857,1
9071,96548,1,2,3398,0,0,0,0.25,0,0.512178,0.142857,1
9072,96551,1,2,3398,0,0,0,0.25,0,0.526742,0.142857,1
9073,96554,1,1,3399,0,1,1,0.25,0,0.52097,0.142857,1
9074,96555,0,2,3399,0,0,0,0.25,0,0.529852,0.142857,1
9075,96553,0,1,3400,0,1,1,0.25,0,0.523407,0.142857,1
9076,96554,1,0,3401,0,1,0,0.25,0,0.529745,0.142857,1
9077,96551,1,0,3401,0,0,0,0.25,0,0.541928,0.142857,1
9078,96551,1,0,3401,0,0,0,0.25,0,0.548323,0.142857,1
9079,96556,1,0,3401,0,0,0,0.25,0,0.544414,0.142857,1
9080,96556,0,0,3401,0,1,0,0.25,0,0.551511,0.142857,1
9081,96559,0,0,3401,0,0,0,0.25,0,0.567777,0.142857,1
9082,96562,0,0,3401,0,0,0,0.25,0,0.561207,0.142857,1
9083,96563,0,0,3401,0,0,0,0.25,0,0.576189,0.142857,1
9084,96565,0,0,3401,0,0,0,0.25,0,0.563571,0.142857,1
9085,96559,0,0,3401,0,0,0,0.25,0,0.559809,0.142857,1
9086,96561,1,0,3401,0,0,0,0.25,0,0.545918,0.142857,1
9087,96563,1,0,3400,0,0,0,0.25,0,0.549536,0.142857,1
9088,96562,1,0,3400,0,0,0,0.25,0,0.541918,0.142857,1
9089,96564,1,0,3399,0,0,0,0.25,0,0.551038,0.142857,1
9090,96564,1,0,3399,0,0,0,0.25,0,0.545851,0.142857,1
9091,96562,2,0,3398,0,0,0,0.25,0,0.536644,0.142857,1
9092,96565,2,1,3398,0,0,0,0.25,0,0.556609,0.142857,1
9093,96566,2,1,3398,0,0,0,0.25,0,0.552204,0.142857,1
9094,96569,3,1,3398,0,0,0,0.25,0,0.551415,0.142857,1
9095,96568,3,1,3398,0,0,0,0.25,0,0.545794,0.142857,1
9096,96570,3,1,3398,0,0,0,0.25,0,0.550497,0.142857,1
9097,96569,4,0,3398,0,1,0,0.25,0,0.539591,0.142857,1
9098,96570,2,1,3399,0,1,1,0.25,0,0.534392,0.142857,1
9099,96576,2,1,3399,0,0,0,0.25,0,0.515543,0.142857,1
9100,96578,2,1,3399,0,0,0,0.25,0,0.52481,0.142857,1
9101,96575,4,1,3399,0,0,0,0.25,0,0.523712,0.142857,1
9102,96574,3,2,3399,0,0,0,0.25,0,0.530771,0.142857,1
9103,96573,3,2,3399,0,0,0,0.25,0,0.531592,0.142857,1
9104,96568,4,2,3398,0,0,0,0.25,0,0.54204,0.142857,1
9105,96563,5,2,3398,0,0,0,0.25,0,0.542404,0.142857,1
9106,96564,5,1,3399,0,1,1,0.25,0,0.52991,0.142857,1
9107,96567,4,2,3398,0,0,0,0.25,0,0.536487,0.142857,1
9108,96557,5,2,3397,0,0,0,0.25,0,0.541059,0.142857,1
9109,96555,5,2,3398,0,1,0,0.25,0,0.544605,0.142857,1
9110,96556,5,2,3398,0,0,0,0.25,0,0.550078,0.142857,1
9111,96558,5,2,3398,0,0,0,0.25,0,0.543427,0.142857,1
9112,96559,5,1,3399,0,1,0,0.25,0,0.544345,0.142857,1
9113,96554,4,3,3399,0,0,0,0.25,0,0.538261,0.142857,1
9114,96553,4,3,3398,0,0,0,0.25,0,0.542805,0.142857,1
9115,96553,4,3,3398,0,1,0,0.25,0,0.531022,0.142857,1
9116,96557,4,3,3398,0,0,0,0.25,0,0.518603,0.142857,1
9117,96556,4,2,3399,0,1,1,0.25,0,0.51418,0.142857,1
9118,96551,6,2,3397,0,0,0,0.25,0,0.513805,0.142857,1
9119,96555,7,1,3398,0,1,0,0.25,0,0.505321,0.142857,1
9120,96553,7,1,3398,0,0,0,0.25,0,0.504168,0.142857,1
9121,96560,8,1,3398,0,0,0,0.25,0,0.501764,0.142857,1
9122,96560,8,1,3398,0,0,0,0.25,0,0.512835,0.142857,1
9123,96563,6,2,3399,0,1,0,0.25,0,0.508657,0.142857,1
9124,96564,6,3,3399,0,0,0,0.25,0,0.503276,0.142857,1
9125,96566,6,3,3399,0,0,0,0.25,0,0.503967,0.142857,1
9126,96566,5,6,3399,0,0,0,0.25,0,0.49924,0.142857,1
9127,96565,4,6,3401,0,2,1,0.25,0,0.484628,0.142857,1
9128,96561,5,6,3401,0,0,0,0.25,0,0.475636,0.142857,1
9129,96563,5,6,3401,0,0,0,0.25,0,0.461068,0.142857,1
9130,96560,7,5,3402,0,1,0,0.25,0,0.460119,0.142857,1
9131,96556,9,4,3403,0,1,0,0.25,0,0.455168,0.142857,1
9132,96557,10,3,3404,0,1,0,0.25,0,0.45276,0.142857,1
9133,96555,10,4,3403,0,0,0,0.25,0,0.446935,0.142857,1
9134,96554,10,4,3403,0,0,0,0.25,0,0.454442,0.142857,1
9135,96553,9,4,3404,0,1,1,0.25,0,0.457789,0.142857,1
9136,96555,8,3,3406,0,2,1,0.25,0,0.461611,0.142857,1
9137,96556,8,2,3408,0,2,0,0.25,0,0.466753,0.142857,1
9138,96556,8,1,3409,0,1,1,0.25,0,0.464529,0.142857,1
9139,96553,7,1,3410,0,1,1,0.25,0,0.465263,0.142857,1
9140,96549,7,2,3410,0,0,0,0.25,0,0.470886,0.142857,1
9141,96547,6,2,3410,0,1,0,0.25,0,0.4791,0.142857,1
9142,96544,7,2,3410,0,0,0,0.25,0,0.493067,0.142857,1
9143,96544,6,1,3412,0,2,0,0.25,0,0.507416,0.142857,1
9144,96544,5,2,3412,0,0,0,0.25,0,0.515956,0.142857,1
9145,96542,5,2,3412,0,0,0,0.25,0,0.519908,0.142857,1
9146,96541,4,3,3412,0,0,0,0.25,0,0.536738,0.142857,1
9147,96540,5,2,3413,0,1,0,0.25,0,0.527177,0.142857,1
9148,96542,5,2,3413,0,0,0,0.25,0,0.523139,0.142857,1
9149,96543,4,3,3413,0,0,0,0.25,0,0.531658,0.142857,1
9150,96546,3,3,3414,0,1,0,0.25,0,0.545944,0.142857,1
9151,96548,3,3,3414,0,0,0,0.25,0,0.549542,0.142857,1
9152,96550,3,3,3414,0,0,0,0.25,0,0.541203,0.142857,1
9153,96548,3,3,3414,0,0,0,0.25,0,0.543323,0.142857,1
9154,96554,2,4,3414,0,0,0,0.25,0,0.540616,0.142857,1
9155,96549,2,4,3414,0,0,0,0.25,0,0.536123,0.142857,1
9156,96547,2,4,3414,0,0,0,0.25,0,0.544943,0.142857,1
9157,96547,3,3,3415,0,1,0,0.25,0,0.539746,0.142857,1
9158,96546,3,2,3416,0,1,0,0.25,0,0.548961,0.142857,1
9159,96545,3,1,3417,0,1,1,0.25,0,0.53907,0.142857,1
9160,96547,3,0,3418,0,1,0,0.25,0,0.528775,0.142857,1
9161,96552,2,1,3418,0,0,0,0.25,0,0.527545,0.142857,1
9162,96547,3,2,3418,0,0,0,0.25,0,0.526556,0.142857,1
9163,96547,4,2,3418,0,0,0,0.25,0,0.510986,0.142857,1
9164,96546,4,2,3419,0,1,0,0.25,0,0.512552,0.142857,1
9165,96544,4,3,3419,0,0,0,0.25,0,0.517585,0.142857,1
9166,96542,3,2,3421,0,2,0,0.25,0,0.534872,0.142857,1
9167,96542,3,2,3421,0,0,0,0.25,0,0.525022,0.142857,1
9168,96538,5,2,3421,0,0,0,0.25,0,0.53794,0.142857,1
9169,96539,3,4,3421,0,0,0,0.25,0,0.528897,0.142857,1
9170,96538,3,4,3421,0,0,0,0.25,0,0.535427,0.142857,1
9171,96541,3,3,3422,0,1,0,0.25,0,0.54626,0.142857,1
9172,96537,3,3,3422,0,0,0,0.25,0,0.54797,0.142857,1
9173,96536,3,3,3423,0,1,1,0.25,0,0.550711,0.142857,1
9174,96537,2,4,3423,0,0,0,0.25,0,0.546109,0.142857,1
9175,96537,2,4,3423,0,1,0,0.25,0,0.530867,0.142857,1
9176,96541,2,4,3423,0,0,0,0.25,0,0.541289,0.142857,1
9177,96537,2,5,3423,0,0,0,0.25,0,0.532399,0.142857,1
9178,96537,3,5,3423,0,0,0,0.25,0,0.53692,0.142857,1
9179,96536,3,5,3424,0,1,0,0.25,0,0.53733,0.142857,1
9180,96536,4,4,3425,0,1,0,0.25,0,0.514813,0.142857,1
9181,96541,3,5,3425,0,0,0,0.25,0,0.508989,0.142857,1
9182,96544,3,5,3424,0,0,0,0.25,0,0.514809,0.142857,1
9183,96545,4,4,3425,0,1,0,0.25,0,0.518496,0.142857,1
9184,96549,5,1,3428,0,3,0,0.25,0,0.504666,0.142857,1
9185,96548,4,2,3428,0,0,0,0.25,0,0.510226,0.142857,1
9186,96546,4,3,3428,0,0,0,0.25,0,0.50498,0.142857,1
9187,96546,5,3,3428,0,0,0,0.25,0,0.519803,0.142857,1
9188,96545,5,3,3428,0,0,0,0.25,0,0.533865,0.142857,1
9189,96548,5,1,3430,0,2,0,0.25,0,0.542936,0.142857,1
9190,96547,5,1,3430,0,0,0,0.25,0,0.553299,0.142857,1
9191,96547,4,2,3430,0,0,0,0.25,0,0.556123,0.142857,1
9192,96549,4,2,3429,0,0,0,0.25,0,0.546124,0.142857,1
9193,96550,3,3,3429,0,0,0,0.25,0,0.535542,0.142857,1
9194,96551,2,3,3430,0,1,0,0.25,0,0.536966,0.142857,1
9195,96559,2,3,3430,0,0,0,0.25,0,0.535923,0.142857,1
9196,96555,2,2,3431,0,1,0,0.25,0,0.529524,0.142857,1
9197,96550,2,1,3432,0,1,0,0.25,0,0.526172,0.142857,1
9198,96549,2,1,3432,0,0,0,0.25,0,0.540526,0.142857,1
9199,96548,2,1,3432,0,0,0,0.25,0,0.534064,0.142857,1
9200,96552,2,1,3432,0,0,0,0.25,0,0.529712,0.142857,1
9201,96552,2,1,3432,0,0,0,0.25,0,0.526022,0.142857,1
9202,96553,2,0,3433,0,1,0,0.25,0,0.537696,0.142857,1
9203,96554,2,0,3433,0,0,0,0.25,0,0.547178,0.142857,1
9204,96555,2,0,3433,0,0,0,0.25,0,0.540162,0.142857,1
9205,96551,3,0,3433,0,0,0,0.25,0,0.542545,0.142857,1
9206,96555,2,1,3433,0,0,0,0.25,0,0.527436,0.142857,1
9207,96554,2,1,3433,0,0,0,0.25,0,0.529753,0.142857,1
9208,96553,2,1,3433,0,0,0,0.25,0,0.524998,0.142857,1
9209,96552,2,1,3433,0,0,0,0.25,0,0.539438,0.142857,1
9210,96551,3,1,3433,0,0,0,0.25,0,0.538792,0.142857,1
9211,96548,2,2,3433,0,0,0,0.25,0,0.555567,0.142857,1
9212,96549,2,2,3433,0,0,0,0.25,0,0.54653,0.142857,1
9213,96544,2,2,3433,0,0,0,0.25,0,0.562405,0.142857,1
9214,96540,2,1,3434,0,1,0,0.25,0,0.57586,0.142857,1
9215,96538,2,1,3434,0,0,0,0.25,0,0.581586,0.142857,1
9216,96535,1,2,3434,0,0,0,0.25,0,0.56898,0.142857,1
9217,96532,2,1,3434,0,1,1,0.25,0,0.572914,0.142857,1
9218,96535,2,0,3435,0,1,0,0.25,0,0.564529,0.142857,1
9219,96534,2,0,3435,0,0,0,0.25,0,0.567225,0.142857,1
9220,96534,2,0,3435,0,0,0,0.25,0,0.581465,0.142857,1
9221,96530,2,1,3434,0,0,0,0.25,0,0.590506,0.142857,1
9222,96536,2,1,3435,0,1,0,0.25,0,0.599846,0.142857,1
9223,96531,2,1,3434,0,0,0,0.25,0,0.592806,0.142857,1
9224,96530,4,1,3434,0,0,0,0.25,0,0.592609,0.142857,1
9225,96531,4,1,3434,0,0,0,0.25,0,0.579264,0.142857,1
9226,96527,5,1,3434,0,0,0,0.25,0,0.586704,0.142857,1
9227,96528,4,2,3434,0,0,0,0.25,0,0.594522,0.142857,1
9228,96526,6,1,3434,0,1,0,0.25,0,0.607003,0.142857,1
9229,96531,4,3,3433,0,0,0,0.25,0,0.595536,0.142857,1
9230,96531,4,3,3433,0,0,0,0.25,0,0.600125,0.142857,1
9231,96525,4,4,3433,0,0,0,0.25,0,0.605665,0.142857,1
9232,96524,4,3,3432,0,1,0,0.25,0,0.588774,0.142857,1
9233,96524,3,2,3434,0,2,0,0.25,0,0.587839,0.142857,1
9234,96527,3,0,3436,0,2,0,0.25,0,0.594356,0.142857,1
9235,96528,3,0,3436,0,0,0,0.25,0,0.591401,0.142857,1
9236,96522,4,0,3436,0,0,0,0.25,0,0.584133,0.142857,1
9237,96522,4,0,3436,0,0,0,0.25,0,0.601609,0.142857,1
9238,96524,4,0,3436,0,0,0,0.25,0,0.600598,0.142857,1
9239,96524,5,0,3436,0,0,0,0.25,0,0.604154,0.142857,1
9240,96528,4,1,3436,0,0,0,0.25,0,0.596519,0.142857,1
9241,96529,4,1,3436,0,0,0,0.25,0,0.611584,0.142857,1
9242,96526,4,1,3437,0,1,0,0.25,0,0.603798,0.142857,1
9243,96524,3,2,3437,0,0,0,0.25,0,0.613125,0.142857,1
9244,96523,3,3,3437,0,0,0,0.25,0,0.61298,0.142857,1
9245,96521,4,5,3437,0,0,0,0.25,0,0.616492,0.142857,1
9246,96518,5,4,3438,0,1,0,0.25,0,0.611936,0.142857,1
9247,96521,4,5,3438,0,0,0,0.25,0,0.612526,0.142857,1
9248,96517,4,5,3438,0,0,0,0.25,0,0.61703,0.142857,1
9249,96516,3,4,3440,0,2,0,0.25,0,0.6106,0.142857,1
9250,96509,4,4,3440,0,0,0,0.25,0,0.611052,0.142857,1
9251,96505,6,4,3440,0,0,0,0.25,0,0.598202,0.142857,1
9252,96505,5,4,3441,0,1,0,0.25,0,0.601872,0.142857,1
9253,96508,4,5,3441,0,1,0,0.25,0,0.601103,0.142857,1
9254,96507,4,5,3441,0,0,0,0.25,0,0.604651,0.142857,1
9255,96506,5,4,3442,0,2,0,0.25,0,0.589952,0.142857,1
9256,96505,5,5,3442,0,0,0,0.25,0,0.592227,0.142857,1
9257,96506,6,5,3442,0,0,0,0.25,0,0.582911,0.142857,1
9258,96508,6,3,3444,0,2,4,0.25,0,0.577807,0.142857,1
9259,96512,6,4,3444,0,0,0,0.25,0,0.579398,0.142857,1
9260,96511,6,3,3445,0,1,0,0.25,0,0.582873,0.142857,1
9261,96513,6,1,3447,0,2,0,0.25,0,0.584412,0.142857,1
9262,96514,6,1,3446,0,0,0,0.25,0,0.574218,0.142857,1
9263,96512,6,1,3447,0,1,0,0.25,0,0.561754,0.142857,1
9264,96508,6,1,3447,0,0,0,0.25,0,0.556932,0.142857,1
9265,96508,5,0,3449,0,2,0,0.25,0,0.538453,0.142857,1
9266,96510,5,1,3449,0,0,0,0.25,0,0.542404,0.142857,1
9267,96509,5,1,3449,0,0,0,0.25,0,0.535062,0.142857,1
9268,96507,6,1,3449,0,0,0,0.25,0,0.539138,0.142857,1
9269,96505,3,4,3449,0,0,0,0.25,0,0.556119,0.142857,1
9270,96507,4,4,3449,0,0,0,0.25,0,0.547023,0.142857,1
9271,96504,4,3,3451,0,2,2,0.25,0,0.532072,0.142857,1
9272,96500,5,3,3451,0,0,0,0.25,0,0.529209,0.142857,1
9273,96500,4,5,3451,0,0,0,0.25,0,0.53239,0.142857,1
9274,96504,4,3,3453,0,2,1,0.25,0,0.521392,0.142857,1
9275,96501,2,4,3454,0,1,1,0.25,0,0.534649,0.142857,1
9276,96495,2,4,3454,0,0,0,0.25,0,0.541128,0.142857,1
9277,96493,3,4,3454,0,0,0,0.25,0,0.545649,0.142857,1
9278,96492,4,3,3456,0,2,1,0.25,0,0.544846,0.142857,1
9279,96495,3,3,3457,0,1,1,0.25,0,0.537596,0.142857,1
9280,96496,3,3,3458,0,1,2,0.25,0,0.544058,0.142857,1
9281,96495,3,3,3458,0,0,0,0.25,0,0.550337,0.142857,1
9282,96494,3,2,3459,0,1,0,0.25,0,0.548579,0.142857,1
9283,96499,4,2,3459,0,0,0,0.25,0,0.554594,0.142857,1
9284,96500,4,1,3460,0,1,1,0.25,0,0.560536,0.142857,1
9285,96501,4,1,3460,0,0,0,0.25,0,0.571818,0.142857,1
9286,96495,4,2,3460,0,0,0,0.25,0,0.573613,0.142857,1
9287,96493,3,2,3461,0,1,0,0.25,0,0.581394,0.142857,1
9288,96492,2,2,3462,0,1,0,0.25,0,0.573803,0.142857,1
9289,96495,2,2,3462,0,0,0,0.25,0,0.57411,0.142857,1
9290,96500,3,2,3461,0,0,0,0.25,0,0.580788,0.142857,1
9291,96501,3,1,3462,0,1,1,0.25,0,0.571247,0.142857,1
9292,96500,3,2,3462,0,0,0,0.25,0,0.571784,0.142857,1
9293,96504,4,1,3462,0,1,0,0.25,0,0.56854,0.142857,1
9294,96500,4,1,3462,0,0,0,0.25,0,0.561186,0.142857,1
9295,96500,2,3,3462,0,0,0,0.25,0,0.561259,0.142857,1
9296,96502,2,2,3463,0,1,0,0.25,0,0.553989,0.142857,1
9297,96498,2,2,3463,0,0,0,0.25,0,0.546694,0.142857,1
9298,96498,2,1,3464,0,1,1,0.25,0,0.535572,0.142857,1
9299,96501,1,2,3464,0,0,0,0.25,0,0.531882,0.142857,1
9300,96502,1,2,3464,0,0,0,0.25,0,0.530119,0.142857,1
9301,96503,1,1,3465,0,1,3,0.25,0,0.540389,0.142857,1
9302,96502,1,1,3465,0,0,0,0.25,0,0.53452,0.142857,1
9303,96502,1,1,3465,0,0,0,0.25,0,0.528845,0.142857,1
9304,96503,0,2,3464,0,0,0,0.25,0,0.521804,0.142857,1
9305,96505,0,1,3465,0,1,0,0.25,0,0.510755,0.142857,1
9306,96506,1,0,3466,0,1,0,0.25,0,0.494787,0.142857,1
9307,96506,1,1,3466,0,0,0,0.25,0,0.501522,0.142857,1
9308,96502,1,0,3467,0,1,1,0.25,0,0.501037,0.142857,1
9309,96505,1,0,3467,0,0,0,0.25,0,0.508851,0.142857,1
9310,96508,1,0,3467,0,0,0,0.25,0,0.493382,0.142857,1
9311,96507,1,0,3466,0,0,0,0.25,0,0.505068,0.142857,1
9312,96505,0,1,3466,0,0,0,0.25,0,0.518681,0.142857,1
9313,96503,0,1,3466,0,0,0,0.25,0,0.505506,0.142857,1
9314,96501,0,1,3466,0,0,0,0.25,0,0.498877,0.142857,1
9315,96503,1,1,3466,0,0,0,0.25,0,0.494454,0.142857,1
9316,96503,2,1,3466,0,0,0,0.25,0,0.483926,0.142857,1
9317,96501,2,1,3466,0,0,0,0.25,0,0.487611,0.142857,1
9318,96508,2,1,3466,0,0,0,0.25,0,0.49251,0.142857,1
9319,96506,2,1,3465,0,0,0,0.25,0,0.48628,0.142857,1
9320,96505,3,1,3465,0,0,0,0.25,0,0.488357,0.142857,1
9321,96507,3,1,3465,0,0,0,0.25,0,0.482624,0.142857,1
9322,96502,3,1,3465,0,0,0,0.25,0,0.482283,0.142857,1
9323,96500,3,1,3465,0,0,0,0.25,0,0.495283,0.142857,1
9324,96505,3,1,3465,0,0,0,0.25,0,0.486984,0.142857,1
9325,96506,3,1,3465,0,0,0,0.25,0,0.497347,0.142857,1
9326,96512,3,0,3466,0,1,0,0.25,0,0.493081,0.142857,1
9327,96513,3,0,3466,0,0,0,0.25,0,0.493087,0.142857,1
9328,96510,1,2,3466,0,0,0,0.25,0,0.49687,0.142857,1
9329,96511,1,2,3466,0,0,0,0.25,0,0.500689,0.142857,1
9330,96502,2,2,3466,0,0,0,0.25,0,0.501943,0.142857,1
9331,96499,2,2,3466,0,0,0,0.25,0,0.5047,0.142857,1
9332,96501,3,2,3466,0,0,0,0.25,0,0.492811,0.142857,1
9333,96501,3,1,3467,0,1,0,0.25,0,0.494428,0.142857,1
9334,96496,3,1,3467,0,0,0,0.25,0,0.489978,0.142857,1
9335,96501,3,1,3467,0,0,0,0.25,0,0.488882,0.142857,1
9336,96497,3,0,3467,0,1,0,0.25,0,0.492079,0.142857,1
9337,96498,3,1,3467,0,0,0,0.25,0,0.486244,0.142857,1
9338,96503,2,2,3466,0,0,0,0.25,0,0.484671,0.142857,1
9339,96503,3,2,3466,0,0,0,0.25,0,0.492931,0.142857,1
9340,96503,2,2,3467,0,1,1,0.25,0,0.503345,0.142857,1
9341,96504,0,3,3468,0,1,2,0.25,0,0.497105,0.142857,1
9342,96504,0,2,3469,0,1,0,0.25,0,0.501168,0.142857,1
9343,96505,0,2,3469,0,0,0,0.25,0,0.513212,0.142857,1
9344,96504,1,2,3469,0,0,0,0.25,0,0.5029,0.142857,1
9345,96502,2,2,3469,0,0,0,0.25,0,0.49887,0.142857,1
9346,96504,3,2,3469,0,0,0,0.25,0,0.507979,0.142857,1
9347,96503,3,2,3469,0,0,0,0.25,0,0.502783,0.142857,1
9348,96506,3,2,3469,0,0,0,0.25,0,0.512468,0.142857,1
9349,96513,3,1,3470,0,1,1,0.25,0,0.511067,0.142857,1
9350,96514,3,1,3470,0,0,0,0.25,0,0.511619,0.142857,1
9351,96513,3,1,3470,0,0,0,0.25,0,0.501708,0.142857,1
9352,96511,3,1,3470,0,0,0,0.25,0,0.502077,0.142857,1
9353,96511,4,2,3470,0,0,0,0.25,0,0.496694,0.142857,1
9354,96503,5,2,3470,0,1,0,0.25,0,0.501714,0.142857,1
9355,96503,5,2,3470,0,0,0,0.25,0,0.503041,0.142857,1
9356,96503,4,3,3470,0,0,0,0.25,0,0.508013,0.142857,1
9357,96502,4,3,3471,0,1,0,0.25,0,0.480643,0.142857,1
9358,96501,4,4,3471,0,0,0,0.25,0,0.467469,0.142857,1
9359,96503,4,3,3470,0,1,0,0.25,0,0.472141,0.142857,1
9360,96504,5,1,3472,0,3,1,0.25,0,0.470322,0.142857,1
9361,96499,6,2,3472,0,0,0,0.25,0,0.479363,0.142857,1
9362,96498,6,1,3473,0,1,1,0.25,0,0.487123,0.142857,1
9363,96498,6,1,3473,0,0,0,0.25,0,0.483638,0.142857,1
9364,96501,6,2,3473,0,0,0,0.25,0,0.4798,0.142857,1
9365,96505,6,2,3472,0,0,0,0.25,0,0.473783,0.142857,1
9366,96503,6,2,3472,0,0,0,0.25,0,0.483306,0.142857,1
9367,96498,6,1,3473,0,1,1,0.25,0,0.491968,0.142857,1
9368,96500,5,3,3473,0,0,0,0.25,0,0.490522,0.142857,1
9369,96501,3,2,3476,0,3,3,0.25,0,0.492152,0.142857,1
9370,96504,4,1,3477,0,1,0,0.25,0,0.491137,0.142857,1
9371,96508,4,1,3477,0,0,0,0.25,0,0.492596,0.142857,1
9372,96505,2,1,3479,0,2,0,0.25,0,0.506015,0.142857,1
9373,96506,2,0,3480,0,1,0,0.25,0,0.509352,0.142857,1
9374,96508,1,1,3480,0,0,0,0.25,0,0.499307,0.142857,1
9375,96513,1,1,3480,0,0,0,0.25,0,0.512487,0.142857,1
9376,96511,2,1,3479,0,0,0,0.25,0,0.524694,0.142857,1
9377,96510,2,1,3479,0,0,0,0.25,0,0.527363,0.142857,1
9378,96504,2,1,3479,0,0,0,0.25,0,0.517753,0.142857,1
9379,96505,1,2,3479,0,0,0,0.25,0,0.512423,0.142857,1
9380,96504,2,2,3479,0,0,0,0.25,0,0.516296,0.142857,1
9381,96503,2,0,3481,0,2,1,0.25,0,0.5299,0.142857,1
9382,96502,2,0,3481,0,0,0,0.25,0,0.531666,0.142857,1
9383,96500,2,0,3481,0,0,0,0.25,0,0.521558,0.142857,1
9384,96494,2,1,3481,0,0,0,0.25,0,0.519178,0.142857,1
9385,96496,2,1,3481,0,0,0,0.25,0,0.511133,0.142857,1
9386,96497,2,1,3481,0,0,0,0.25,0,0.523985,0.142857,1
9387,96497,2,1,3481,0,0,0,0.25,0,0.52525,0.142857,1
9388,96498,2,1,3481,0,0,0,0.25,0,0.543701,0.142857,1
9389,96498,2,1,3481,0,0,0,0.25,0,0.544993,0.142857,1
9390,96499,2,1,3481,0,0,0,0.25,0,0.5523,0.142857,1
9391,96493,3,1,3481,0,0,0,0.25,0,0.567686,0.142857,1
9392,96498,2,2,3481,0,0,0,0.25,0,0.552527,0.142857,1
9393,96499,2,2,3481,0,0,0,0.25,0,0.546844,0.142857,1
9394,96498,2,2,3481,0,0,0,0.25,0,0.538041,0.142857,1
9395,96499,2,2,3481,0,0,0,0.25,0,0.547368,0.142857,1
9396,96495,2,1,3482,0,1,2,0.25,0,0.563473,0.142857,1
9397,96494,2,1,3482,0,0,0,0.25,0,0.584896,0.142857,1
9398,96498,2,1,3482,0,0,0,0.25,0,0.594027,0.142857,1
9399,96503,2,1,3482,0,0,0,0.25,0,0.603481,0.142857,1
9400,96503,2,1,3482,0,0,0,0.25,0,0.595046,0.142857,1
9401,96503,2,1,3482,0,0,0,0.25,0,0.599749,0.142857,1
9402,96504,2,1,3482,0,0,0,0.25,0,0.587966,0.142857,1
9403,96506,2,1,3482,0,0,0,0.25,0,0.593972,0.142857,1
9404,96504,2,1,3482,0,0,0,0.25,0,0.592869,0.142857,1
9405,96503,2,0,3483,0,1,0,0.25,0,0.598122,0.142857,1
9406,96502,2,0,3483,0,0,0,0.25,0,0.583535,0.142857,1
9407,96501,3,0,3483,0,0,0,0.25,0,0.590285,0.142857,1
9408,96503,3,0,3483,0,0,0,0.25,0,0.591222,0.142857,1
9409,96506,2,0,3484,0,1,0,0.25,0,0.585681,0.142857,1
9410,96506,2,0,3484,0,0,0,0.25,0,0.580447,0.142857,1
9411,96505,2,0,3484,0,0,0,0.25,0,0.57955,0.142857,1
9412,96508,2,0,3484,0,0,0,0.25,0,0.563784,0.142857,1
9413,96509,2,0,3484,0,0,0,0.25,0,0.568587,0.142857,1
9414,96506,2,0,3483,0,0,0,0.25,0,0.568843,0.142857,1
9415,96506,1,1,3483,0,0,0,0.25,0,0.579603,0.142857,1
9416,96511,1,1,3483,0,0,0,0.25,0,0.565083,0.142857,1
9417,96513,1,1,3483,0,0,0,0.25,0,0.564125,0.142857,1
9418,96504,2,1,3483,0,0,0,0.25,0,0.559634,0.142857,1
9419,96500,2,0,3484,0,1,0,0.25,0,0.55863,0.142857,1
9420,96499,2,0,3484,0,0,0,0.25,0,0.556929,0.142857,1
9421,96498,2,0,3484,0,0,0,0.25,0,0.559429,0.142857,1
9422,96500,2,0,3484,0,0,0,0.25,0,0.556891,0.142857,1
9423,96501,2,0,3484,0,0,0,0.25,0,0.557491,0.142857,1
9424,96502,2,0,3484,0,0,0,0.25,0,0.559834,0.142857,1
9425,96505,2,0,3484,0,0,0,0.25,0,0.562604,0.142857,1
9426,96503,2,0,3484,0,0,0,0.25,0,0.57239,0.142857,1
9427,96509,2,0,3484,0,0,0,0.25,0,0.573524,0.142857,1
9428,96514,2,0,3484,0,0,0,0.25,0,0.566349,0.142857,1
9429,96516,2,0,3484,0,0,0,0.25,0,0.554536,0.142857,1
9430,96517,2,0,3484,0,0,0,0.25,0,0.549594,0.142857,1
9431,96515,2,0,3484,0,0,0,0.25,0,0.552713,0.142857,1
9432,96511,2,0,3484,0,0,0,0.25,0,0.537932,0.142857,1
9433,96513,1,1,3484,0,0,0,0.25,0,0.528775,0.142857,1
9434,96513,1,1,3484,0,0,0,0.25,0,0.521664,0.142857,1
9435,96510,1,1,3484,0,0,0,0.25,0,0.528872,0.142857,1
9436,96507,2,1,3484,0,0,0,0.25,0,0.54666,0.142857,1
9437,96506,4,0,3485,0,1,1,0.25,0,0.527834,0.142857,1
9438,96503,4,0,3485,0,0,0,0.25,0,0.523054,0.142857,1
9439,96507,3,1,3484,0,0,0,0.25,0,0.527391,0.142857,1
9440,96509,2,2,3484,0,0,0,0.25,0,0.521025,0.142857,1
9441,96512,1,3,3484,0,0,0,0.25,0,0.535911,0.142857,1
9442,96515,1,2,3484,0,1,0,0.25,0,0.552758,0.142857,1
9443,96514,2,2,3484,0,0,0,0.25,0,0.552602,0.142857,1
9444,96515,2,2,3484,0,0,0,0.25,0,0.549374,0.142857,1
9445,96514,2,2,3484,0,0,0,0.25,0,0.529057,0.142857,1
9446,96513,2,2,3485,0,1,0,0.25,0,0.529715,0.142857,1
9447,96513,2,1,3486,0,1,0,0.25,0,0.528623,0.142857,1
9448,96513,2,1,3486,0,0,0,0.25,0,0.528368,0.142857,1
9449,96508,1,1,3487,0,1,1,0.25,0,0.535056,0.142857,1
9450,96509,2,0,3488,0,1,0,0.25,0,0.553195,0.142857,1
9451,96507,2,0,3488,0,0,0,0.25,0,0.572519,0.142857,1
9452,96508,2,0,3488,0,0,0,0.25,0,0.57119,0.142857,1
9453,96507,2,0,3488,0,0,0,0.25,0,0.57197,0.142857,1
9454,96509,2,0,3488,0,0,0,0.25,0,0.568766,0.142857,1
9455,96509,2,0,3488,0,0,0,0.25,0,0.568679,0.142857,1
9456,96512,1,1,3488,0,0,0,0.25,0,0.564934,0.142857,1
9457,96512,1,0,3489,0,1,0,0.25,0,0.578752,0.142857,1
9458,96513,2,0,3489,0,0,0,0.25,0,0.581512,0.142857,1
9459,96519,2,0,3489,0,0,0,0.25,0,0.581444,0.142857,1
9460,96521,4,0,3488,0,0,0,0.25,0,0.576539,0.142857,1
9461,96519,4,0,3486,0,0,0,0.25,0,0.598286,0.142857,1
9462,96522,1,3,3486,0,0,0,0.25,0,0.591869,0.142857,1
9463,96520,2,2,3487,0,1,0,0.25,0,0.593158,0.142857,1
9464,96521,1,3,3487,0,0,0,0.25,0,0.605809,0.142857,1
9465,96521,2,2,3488,0,1,0,0.25,0,0.593785,0.142857,1
9466,96521,2,2,3489,0,1,0,0.25,0,0.593806,0.142857,1
9467,96521,1,1,3491,0,2,0,0.25,0,0.580046,0.142857,1
9468,96521,1,1,3491,0,0,0,0.25,0,0.580046,0.142857,1
9469,96519,1,0,3491,0,1,0,0.25,0,0.578779,0.142857,1
9470,96518,1,0,3491,0,0,0,0.25,0,0.589794,0.142857,1
9471,96519,1,0,3491,0,0,0,0.25,0,0.579787,0.142857,1
9472,96520,1,0,3491,0,0,0,0.25,0,0.590524,0.142857,1
9473,96518,1,0,3491,0,0,0,0.25,0,0.590582,0.142857,1
9474,96517,1,0,3491,0,0,0,0.25,0,0.585169,0.142857,1
9475,96518,2,0,3491,0,0,0,0.25,0,0.575775,0.142857,1
9476,96509,2,0,3491,0,0,0,0.25,0,0.564327,0.142857,1
9477,96509,2,0,3490,0,0,0,0.25,0,0.551135,0.142857,1
9478,96506,2,0,3490,0,0,0,0.25,0,0.55273,0.142857,1
9479,96506,3,0,3490,0,0,0,0.25,0,0.561017,0.142857,1
9480,96508,3,0,3490,0,0,0,0.25,0,0.555155,0.142857,1
9481,96512,3,0,3489,0,0,0,0.25,0,0.549324,0.142857,1
9482,96511,3,0,3489,0,0,0,0.25,0,0.545225,0.142857,1
9483,96511,3,0,3489,0,0,0,0.25,0,0.534096,0.142857,1
9484,96513,2,1,3489,0,0,0,0.25,0,0.535979,0.142857,1
9485,96512,2,1,3489,0,0,0,0.25,0,0.528908,0.142857,1
9486,96508,2,0,3489,0,1,0,0.25,0,0.541939,0.142857,1
9487,96504,2,0,3489,0,0,0,0.25,0,0.541701,0.142857,1
9488,96506,1,1,3489,0,0,0,0.25,0,0.545898,0.142857,1
9489,96511,1,0,3490,0,1,0,0.25,0,0.539262,0.142857,1
9490,96509,1,0,3490,0,0,0,0.25,0,0.539535,0.142857,1
9491,96510,1,0,3490,0,0,0,0.25,0,0.547303,0.142857,1
9492,96514,1,0,3489,0,0,0,0.25,0,0.540418,0.142857,1
9493,96504,1,0,3489,0,0,0,0.25,0,0.547171,0.142857,1
9494,96503,0,1,3489,0,0,0,0.25,0,0.5502,0.142857,1
9495,96505,0,1,3489,0,0,0,0.25,0,0.564868,0.142857,1
9496,96503,0,1,3489,0,0,0,0.25,0,0.562814,0.142857,1
9497,96502,0,1,3489,0,0,0,0.25,0,0.588868,0.142857,1
9498,96498,0,1,3489,0,0,0,0.25,0,0.59036,0.142857,1
9499,96499,0,1,3488,0,0,0,0.25,0,0.57955,0.142857,1
9500,96501,0,0,3489,0,1,1,0.25,0,0.582058,0.142857,1
9501,96501,0,0,3489,0,0,0,0.25,0,0.57499,0.142857,1
9502,96500,0,0,3489,0,0,0,0.25,0,0.576471,0.142857,1
9503,96501,0,0,3489,0,0,0,0.25,0,0.580061,0.142857,1
9504,96496,0,0,3489,0,0,0,0.25,0,0.579584,0.142857,1
9505,96496,0,0,3489,0,0,0,0.25,0,0.597577,0.142857,1
9506,96493,1,0,3489,0,0,0,0.25,0,0.591859,0.142857,1
9507,96488,1,0,3488,0,0,0,0.25,0,0.605974,0.142857,1
9508,96495,0,1,3488,0,0,0,0.25,0,0.609831,0.142857,1
9509,96494,0,1,3488,0,0,0,0.25,0,0.60572,0.142857,1
9510,96495,1,1,3487,0,0,0,0.25,0,0.611712,0.142857,1
9511,96494,1,1,3488,0,1,0,0.25,0,0.611336,0.142857,1
9512,96497,3,1,3488,0,0,0,0.25,0,0.59443,0.142857,1
9513,96501,3,1,3488,0,0,0,0.25,0,0.586912,0.142857,1
9514,96501,3,1,3488,0,0,0,0.25,0,0.591785,0.142857,1
9515,96503,4,1,3488,0,0,0,0.25,0,0.600901,0.142857,1
9516,96505,4,1,3488,0,0,0,0.25,0,0.60918,0.142857,1
9517,96500,3,2,3488,0,0,0,0.25,0,0.625032,0.142857,1
9518,96499,3,0,3490,0,2,2,0.25,0,0.62936,0.142857,1
9519,96500,3,0,3490,0,0,0,0.25,0,0.637199,0.142857,1
9520,96500,3,0,3490,0,0,0,0.25,0,0.629769,0.142857,1
9521,96499,2,1,3490,0,0,0,0.25,0,0.622944,0.142857,1
9522,96500,2,1,3490,0,0,0,0.25,0,0.633505,0.142857,1
9523,96502,2,1,3490,0,0,0,0.25,0,0.626133,0.142857,1
9524,96506,2,1,3490,0,0,0,0.25,0,0.624603,0.142857,1
9525,96506,3,1,3490,0,0,0,0.25,0,0.623322,0.142857,1
9526,96506,2,1,3490,0,1,0,0.25,0,0.622977,0.142857,1
9527,96499,2,1,3490,0,0,0,0.25,0,0.618818,0.142857,1
9528,96498,3,1,3490,0,0,0,0.25,0,0.617673,0.142857,1
9529,96497,3,1,3489,0,0,0,0.25,0,0.618835,0.142857,1
9530,96496,1,3,3489,0,0,0,0.25,0,0.621451,0.142857,1
9531,96496,1,3,3489,0,0,0,0.25,0,0.618468,0.142857,1
9532,96500,1,3,3489,0,0,0,0.25,0,0.599796,0.142857,1
9533,96501,1,2,3490,0,1,0,0.25,0,0.612566,0.142857,1
9534,96496,1,2,3490,0,0,0,0.25,0,0.620703,0.142857,1
9535,96492,1,2,3490,0,0,0,0.25,0,0.615954,0.142857,1
9536,96493,1,2,3490,0,0,0,0.25,0,0.614545,0.142857,1
9537,96493,1,1,3491,0,1,1,0.25,0,0.601659,0.142857,1
9538,96492,1,1,3491,0,0,0,0.25,0,0.598336,0.142857,1
9539,96496,1,1,3491,0,0,0,0.25,0,0.585189,0.142857,1
9540,96498,0,2,3491,0,0,0,0.25,0,0.582255,0.142857,1
9541,96496,0,2,3491,0,0,0,0.25,0,0.584586,0.142857,1
9542,96493,1,1,3491,0,1,0,0.25,0,0.577774,0.142857,1
9543,96491,1,1,3491,0,0,0,0.25,0,0.57755,0.142857,1
9544,96493,1,1,3491,0,0,0,0.25,0,0.573768,0.142857,1
9545,96498,0,2,3491,0,0,0,0.25,0,0.545166,0.142857,1
9546,96499,0,2,3491,0,0,0,0.25,0,0.539867,0.142857,1
9547,96501,0,1,3491,0,1,0,0.25,0,0.54332,0.142857,1
9548,96502,0,1,3491,0,0,0,0.25,0,0.538622,0.142857,1
9549,96504,0,1,3491,0,0,0,0.25,0,0.526775,0.142857,1
9550,96502,0,1,3491,0,0,0,0.25,0,0.541281,0.142857,1
9551,96502,0,1,3491,0,0,0,0.25,0,0.537989,0.142857,1
9552,96500,0,1,3491,0,0,0,0.25,0,0.533117,0.142857,1
9553,96501,0,1,3491,0,0,0,0.25,0,0.53261,0.142857,1
9554,96501,0,0,3492,0,1,0,0.25,0,0.541463,0.142857,1
9555,96495,0,0,3492,0,0,0,0.25,0,0.548919,0.142857,1
9556,96494,0,0,3492,0,0,0,0.25,0,0.542823,0.142857,1
9557,96492,0,0,3492,0,0,0,0.25,0,0.553417,0.142857,1
9558,96493,0,0,3492,0,0,0,0.25,0,0.565561,0.142857,1
9559,96493,0,0,3491,0,0,0,0.25,0,0.564115,0.142857,1
9560,96494,0,0,3491,0,0,0,0.25,0,0.567194,0.142857,1
9561,96492,0,0,3491,0,0,0,0.25,0,0.572963,0.142857,1
9562,96492,0,0,3491,0,0,0,0.25,0,0.577576,0.142857,1
9563,96486,1,0,3491,0,0,0,0.25,0,0.571359,0.142857,1
9564,96482,2,0,3491,0,0,0,0.25,0,0.573477,0.142857,1
9565,96482,2,1,3491,0,0,0,0.25,0,0.583218,0.142857,1
9566,96486,2,1,3490,0,0,0,0.25,0,0.58579,0.142857,1
9567,96483,3,1,3490,0,0,0,0.25,0,0.575564,0.142857,1
9568,96488,2,2,3490,0,0,0,0.25,0,0.577692,0.142857,1
9569,96489,2,1,3491,0,1,1,0.25,0,0.584106,0.142857,1
9570,96489,2,1,3491,0,0,0,0.25,0,0.605914,0.142857,1
9571,96485,5,1,3491,0,0,0,0.25,0,0.596012,0.142857,1
9572,96487,4,2,3490,0,0,0,0.25,0,0.600935,0.142857,1
9573,96488,3,3,3490,0,0,0,0.25,0,0.613276,0.142857,1
9574,96488,3,2,3491,0,1,0,0.25,0,0.606953,0.142857,1
9575,96487,2,2,3492,0,1,0,0.25,0,0.595094,0.142857,1
9576,96484,3,2,3493,0,1,0,0.25,0,0.582228,0.142857,1
9577,96480,3,3,3492,0,0,0,0.25,0,0.579234,0.142857,1
9578,96479,3,3,3492,0,0,0,0.25,0,0.573981,0.142857,1
9579,96479,5,3,3492,0,0,0,0.25,0,0.565906,0.142857,1
9580,96480,5,3,3493,0,1,0,0.25,0,0.576713,0.142857,1
9581,96477,6,2,3494,0,1,1,0.25,0,0.599063,0.142857,1
9582,96474,5,3,3494,0,0,0,0.25,0,0.597184,0.142857,1
9583,96475,5,1,3494,0,2,1,0.25,0,0.596028,0.142857,1
9584,96475,5,1,3494,0,0,0,0.25,0,0.601404,0.142857,1
9585,96473,4,1,3495,0,1,0,0.25,0,0.60278,0.142857,1
9586,96472,3,2,3495,0,0,0,0.25,0,0.617928,0.142857,1
9587,96470,1,3,3496,0,1,0,0.25,0,0.62227,0.142857,1
9588,96476,1,3,3496,0,0,0,0.25,0,0.616952,0.142857,1
9589,96478,1,2,3497,0,1,0,0.25,0,0.619308,0.142857,1
9590,96475,1,1,3498,0,1,1,0.25,0,0.609503,0.142857,1
9591,96474,1,1,3498,0,0,0,0.25,0,0.612269,0.142857,1
9592,96475,1,1,3498,0,0,0,0.25,0,0.636774,0.142857,1
9593,96472,1,1,3498,0,0,0,0.25,0,0.6379,0.142857,1
9594,96472,1,1,3498,0,0,0,0.25,0,0.641364,0.142857,1
9595,96471,1,1,3498,0,0,0,0.25,0,0.645996,0.142857,1
9596,96471,1,1,3497,0,0,0,0.25,0,0.652843,0.142857,1
9597,96472,2,1,3497,0,0,0,0.25,0,0.631363,0.142857,1
9598,96470,2,0,3498,0,1,0,0.25,0,0.619503,0.142857,1
9599,96466,2,0,3498,0,0,0,0.25,0,0.627067,0.142857,1
9600,96460,2,0,3497,0,0,0,0.25,0,0.629576,0.142857,1
9601,96460,2,0,3497,0,0,0,0.25,0,0.619311,0.142857,1
9602,96456,1,1,3497,0,0,0,0.25,0,0.620185,0.142857,1
9603,96458,1,0,3498,0,1,1,0.25,0,0.630018,0.142857,1
9604,96460,2,0,3498,0,0,0,0.25,0,0.644212,0.142857,1
9605,96461,2,0,3498,0,0,0,0.25,0,0.628423,0.142857,1
9606,96460,2,0,3498,0,0,0,0.25,0,0.64677,0.142857,1
9607,96456,2,0,3498,0,0,0,0.25,0,0.661326,0.142857,1
9608,96456,1,1,3497,0,0,0,0.25,0,0.682458,0.142857,1
9609,96457,1,0,3498,0,1,0,0.25,0,0.680771,0.142857,1
9610,96456,1,0,3498,0,0,0,0.25,0,0.69061,0.142857,1
9611,96454,2,0,3497,0,0,0,0.25,0,0.686467,0.142857,1
9612,96454,2,0,3497,0,0,0,0.25,0,0.686921,0.142857,1
9613,96456,1,1,3497,0,0,0,0.25,0,0.691115,0.142857,1
9614,96457,3,0,3498,0,1,0,0.25,0,0.685766,0.142857,1
9615,96457,2,1,3498,0,0,0,0.25,0,0.693268,0.142857,1
9616,96454,2,1,3498,0,0,0,0.25,0,0.701404,0.142857,1
9617,96454,2,2,3498,0,0,0,0.25,0,0.698105,0.142857,1
9618,96451,4,2,3498,0,0,0,0.25,0,0.690128,0.142857,1
9619,96449,4,3,3498,0,0,0,0.25,0,0.696125,0.142857,1
9620,96448,4,2,3499,0,1,0,0.25,0,0.701906,0.142857,1
9621,96449,4,2,3500,0,1,1,0.25,0,0.687854,0.142857,1
9622,96446,4,2,3501,0,1,2,0.25,0,0.698957,0.142857,1
9623,96446,4,3,3501,0,0,0,0.25,0,0.700732,0.142857,1
9624,96445,4,2,3502,0,1,0,0.25,0,0.689454,0.142857,1
9625,96443,4,3,3502,0,0,0,0.25,0,0.693517,0.142857,1
9626,96449,4,2,3503,0,1,1,0.25,0,0.690039,0.142857,1
9627,96451,3,2,3504,0,1,0,0.25,0,0.695361,0.142857,1
9628,96455,4,2,3504,0,0,0,0.25,0,0.691847,0.142857,1
9629,96453,3,3,3504,0,0,0,0.25,0,0.69161,0.142857,1
9630,96454,3,3,3504,0,0,0,0.25,0,0.674985,0.142857,1
9631,96458,5,2,3505,0,1,0,0.25,0,0.675174,0.142857,1
9632,96454,4,3,3505,0,1,0,0.25,0,0.699338,0.142857,1
9633,96453,4,1,3507,0,2,2,0.25,0,0.695193,0.142857,1
9634,96453,4,1,3506,0,0,0,0.25,0,0.690849,0.142857,1
9635,96459,5,1,3506,0,0,0,0.25,0,0.704443,0.142857,1
9636,96457,5,2,3506,0,0,0,0.25,0,0.697271,0.142857,1
9637,96455,4,3,3506,0,0,0,0.25,0,0.67845,0.142857,1
9638,96455,4,2,3507,0,1,0,0.25,0,0.685296,0.142857,1
9639,96456,4,2,3507,0,0,0,0.25,0,0.695315,0.142857,1
9640,96457,4,2,3507,0,0,0,0.25,0,0.699048,0.142857,1
9641,96458,4,2,3507,0,0,0,0.25,0,0.70941,0.142857,1
9642,96454,3,2,3508,0,1,0,0.25,0,0.70117,0.142857,1
9643,96452,3,2,3508,0,0,0,0.25,0,0.701313,0.142857,1
9644,96452,4,2,3508,0,0,0,0.25,0,0.703846,0.142857,1
9645,96457,4,2,3508,0,0,0,0.25,0,0.703338,0.142857,1
9646,96456,4,2,3508,0,0,0,0.25,0,0.698739,0.142857,1
9647,96456,5,1,3509,0,1,0,0.25,0,0.689865,0.142857,1
9648,96460,5,1,3509,0,0,0,0.25,0,0.700194,0.142857,1
9649,96455,5,1,3509,0,0,0,0.25,0,0.694414,0.142857,1
9650,96456,4,2,3509,0,0,0,0.25,0,0.704517,0.142857,1
9651,96456,3,3,3509,0,0,0,0.25,0,0.69789,0.142857,1
9652,96451,4,4,3509,0,0,0,0.25,0,0.692412,0.142857,1
9653,96453,2,5,3510,0,1,0,0.25,0,0.709173,0.142857,1
9654,96451,5,5,3510,0,0,0,0.25,0,0.70629,0.142857,1
9655,96453,4,4,3512,0,2,0,0.25,0,0.701254,0.142857,1
9656,96448,5,4,3513,0,1,0,0.25,0,0.694869,0.142857,1
9657,96448,4,5,3513,0,0,0,0.25,0,0.694005,0.142857,1
9658,96447,5,5,3514,0,1,1,0.25,0,0.685289,0.142857,1
9659,96446,5,5,3513,0,0,0,0.25,0,0.671423,0.142857,1
9660,96448,7,5,3513,0,0,0,0.25,0,0.669652,0.142857,1
9661,96446,8,3,3514,0,2,0,0.25,0,0.676058,0.142857,1
9662,96443,8,4,3514,0,0,0,0.25,0,0.667282,0.142857,1
9663,96447,7,4,3515,0,1,0,0.25,0,0.658568,0.142857,1
9664,96443,8,4,3515,0,0,0,0.25,0,0.657108,0.142857,1
9665,96444,8,4,3516,0,1,0,0.25,0,0.641851,0.142857,1
9666,96442,8,5,3516,0,0,0,0.25,0,0.652233,0.142857,1
9667,96439,9,5,3518,0,2,0,0.25,0,0.649722,0.142857,1
9668,96439,10,5,3518,0,0,0,0.25,0,0.654653,0.142857,1
9669,96432,10,5,3518,0,0,0,0.25,0,0.651928,0.142857,1
9670,96427,10,7,3517,0,0,0,0.25,0,0.656726,0.142857,1
9671,96424,10,9,3517,0,0,0,0.25,0,0.663836,0.142857,1
9672,96421,10,8,3518,0,1,0,0.25,0,0.6653,0.142857,1
9673,96422,11,7,3519,0,1,0,0.25,0,0.660648,0.142857,1
9674,96424,11,7,3520,0,1,0,0.25,0,0.656378,0.142857,1
9675,96431,10,7,3521,0,1,0,0.25,0,0.662588,0.142857,1
9676,96432,9,7,3523,0,2,1,0.25,0,0.670526,0.142857,1
9677,96434,8,8,3524,0,1,1,0.25,0,0.681194,0.142857,1
9678,96435,8,8,3524,0,0,0,0.25,0,0.676675,0.142857,1
9679,96434,8,8,3524,0,1,1,0.25,0,0.681774,0.142857,1
9680,96428,11,7,3526,0,2,0,0.25,0,0.667132,0.142857,1
9681,96432,9,8,3527,0,1,0,0.25,0,0.683213,0.142857,1
9682,96432,8,8,3528,0,1,0,0.25,0,0.69121,0.142857,1
9683,96432,9,5,3531,0,3,1,0.25,0,0.698882,0.142857,1
9684,96430,8,6,3531,0,0,0,0.25,0,0.693933,0.142857,1
9685,96432,8,5,3533,0,2,0,0.25,0,0.699639,0.142857,1
9686,96433,7,6,3533,0,0,0,0.25,0,0.7099,0.142857,1
9687,96434,6,7,3532,0,0,0,0.25,0,0.705402,0.142857,1
9688,96433,8,7,3533,0,1,0,0.25,0,0.71156,0.142857,1
9689,96437,8,5,3537,0,4,5,0.25,0,0.723983,0.142857,1
9690,96436,8,5,3538,0,1,0,0.25,0,0.71284,0.142857,1
9691,96433,9,7,3537,0,0,0,0.25,0,0.715092,0.142857,1
9692,96433,8,6,3539,0,3,1,0.25,0,0.714212,0.142857,1
9693,96425,8,7,3540,0,1,0,0.25,0,0.712067,0.142857,1
9694,96425,7,5,3543,0,3,0,0.25,0,0.715788,0.142857,1
9695,96422,7,6,3543,0,0,0,0.25,0,0.717149,0.142857,1
9696,96424,8,5,3544,0,1,0,0.25,0,0.711671,0.142857,1
9697,96424,8,5,3545,0,1,0,0.25,0,0.715399,0.142857,1
9698,96431,8,6,3545,0,0,0,0.25,0,0.715339,0.142857,1
9699,96434,5,8,3546,0,1,2,0.25,0,0.730976,0.142857,1
9700,96435,7,5,3549,0,3,3,0.25,0,0.739742,0.142857,1
9701,96434,7,3,3551,0,2,0,0.25,0,0.752898,0.142857,1
9702,96429,6,3,3552,0,1,0,0.25,0,0.740577,0.142857,1
9703,96426,6,1,3554,0,2,1,0.25,0,0.739791,0.142857,1
9704,96425,6,2,3554,0,0,0,0.25,0,0.73977,0.142857,1
9705,96425,6,2,3554,0,0,0,0.25,0,0.735248,0.142857,1
9706,96421,5,3,3554,0,0,0,0.25,0,0.748465,0.142857,1
9707,96418,5,1,3556,0,2,4,0.25,0,0.75346,0.142857,1
9708,96413,4,2,3556,0,0,0,0.25,0,0.770228,0.142857,1
9709,96418,5,2,3556,0,0,0,0.25,0,0.76884,0.142857,1
9710,96415,5,4,3556,0,0,0,0.25,0,0.751693,0.142857,1
9711,96418,7,3,3556,0,1,0,0.25,0,0.737057,0.142857,1
9712,96420,7,2,3557,0,1,0,0.25,0,0.762316,0.142857,1
9713,96417,8,2,3557,0,0,0,0.25,0,0.768356,0.142857,1
9714,96414,8,2,3557,0,0,0,0.25,0,0.764135,0.142857,1
9715,96415,7,3,3557,0,0,0,0.25,0,0.762958,0.142857,1
9716,96413,7,3,3557,0,0,0,0.25,0,0.757989,0.142857,1
9717,96412,9,3,3557,0,0,0,0.25,0,0.763723,0.142857,1
9718,96412,10,3,3557,0,0,0,0.25,0,0.760892,0.142857,1
9719,96411,11,2,3557,0,1,0,0.25,0,0.770064,0.142857,1
9720,96407,9,4,3557,0,0,0,0.25,0,0.770713,0.142857,1
9721,96406,9,2,3559,0,2,0,0.25,0,0.773571,0.142857,1
9722,96402,9,2,3559,0,0,0,0.25,0,0.762783,0.142857,1
9723,96405,8,3,3559,0,0,0,0.25,0,0.773213,0.142857,1
9724,96407,8,2,3560,0,1,0,0.25,0,0.785384,0.142857,1
9725,96408,8,2,3561,0,1,0,0.25,0,0.802679,0.142857,1
9726,96407,7,1,3563,0,2,2,0.25,0,0.78137,0.142857,1
9727,96410,6,2,3562,0,0,0,0.25,0,0.783894,0.142857,1
9728,96404,5,3,3563,0,1,2,0.25,0,0.799481,0.142857,1
9729,96403,7,3,3563,0,0,0,0.25,0,0.807199,0.142857,1
9730,96405,8,2,3564,0,1,0,0.25,0,0.796815,0.142857,1
9731,96409,8,1,3565,0,1,1,0.25,0,0.798762,0.142857,1
9732,96414,7,2,3565,0,0,0,0.25,0,0.793876,0.142857,1
9733,96416,5,3,3566,0,1,0,0.25,0,0.786917,0.142857,1
9734,96418,5,3,3566,0,0,0,0.25,0,0.782164,0.142857,1
9735,96414,5,2,3567,0,1,0,0.25,0,0.785358,0.142857,1
9736,96409,5,2,3567,0,0,0,0.25,0,0.796252,0.142857,1
9737,96408,6,1,3567,0,1,0,0.25,0,0.806572,0.142857,1
9738,96405,6,1,3567,0,0,0,0.25,0,0.78515,0.142857,1
9739,96407,5,2,3567,0,0,0,0.25,0,0.78225,0.142857,1
9740,96407,5,2,3567,0,0,0,0.25,0,0.774396,0.142857,1
9741,96411,4,3,3567,0,0,0,0.25,0,0.777894,0.142857,1
9742,96408,5,2,3568,0,1,0,0.25,0,0.785339,0.142857,1
9743,96402,4,3,3568,0,0,0,0.25,0,0.773287,0.142857,1
9744,96397,4,3,3568,0,0,0,0.25,0,0.789432,0.142857,1
9745,96391,6,3,3568,0,0,0,0.25,0,0.798708,0.142857,1
9746,96391,6,2,3569,0,1,0,0.25,0,0.797928,0.142857,1
9747,96388,6,2,3569,0,0,0,0.25,0,0.803922,0.142857,1
9748,96387,6,3,3569,0,0,0,0.25,0,0.794946,0.142857,1
9749,96386,3,5,3570,0,1,0,0.25,0,0.792236,0.142857,1
9750,96388,4,6,3570,0,0,0,0.25,0,0.797203,0.142857,1
9751,96387,5,5,3571,0,1,1,0.25,0,0.8064,0.142857,1
9752,96390,5,5,3571,0,0,0,0.25,0,0.800862,0.142857,1
9753,96388,3,6,3572,0,1,0,0.25,0,0.802634,0.142857,1
9754,96389,2,5,3574,0,2,0,0.25,0,0.804306,0.142857,1
9755,96391,2,5,3574,0,0,0,0.25,0,0.813953,0.142857,1
9756,96388,3,3,3576,0,2,0,0.25,0,0.818616,0.142857,1
9757,96387,5,3,3577,0,1,0,0.25,0,0.818894,0.142857,1
9758,96386,5,3,3577,0,0,0,0.25,0,0.818098,0.142857,1
9759,96388,6,2,3578,0,1,0,0.25,0,0.82326,0.142857,1
9760,96388,6,1,3579,0,1,0,0.25,0,0.819098,0.142857,1
9761,96386,6,1,3579,0,0,0,0.25,0,0.801331,0.142857,1
9762,96385,6,1,3579,0,0,0,0.25,0,0.809085,0.142857,1
9763,96386,6,2,3578,0,0,0,0.25,0,0.799599,0.142857,1
9764,96384,5,2,3579,0,1,0,0.25,0,0.788184,0.142857,1
9765,96379,5,4,3579,0,0,0,0.25,0,0.798906,0.142857,1
9766,96377,5,4,3579,0,0,0,0.25,0,0.815615,0.142857,1
9767,96377,5,3,3580,0,1,1,0.25,0,0.812987,0.142857,1
9768,96376,5,1,3582,0,2,0,0.25,0,0.820186,0.142857,1
9769,96376,5,1,3581,0,0,0,0.25,0,0.805249,0.142857,1
9770,96381,5,1,3580,0,0,0,0.25,0,0.804541,0.142857,1
9771,96380,4,2,3580,0,0,0,0.25,0,0.783502,0.142857,1
9772,96381,3,3,3580,0,0,0,0.25,0,0.774252,0.142857,1
9773,96383,3,3,3580,0,0,0,0.25,0,0.77453,0.142857,1
9774,96381,3,3,3580,0,0,0,0.25,0,0.783594,0.142857,1
9775,96383,3,2,3581,0,1,0,0.25,0,0.782737,0.142857,1
9776,96384,3,1,3582,0,1,0,0.25,0,0.779142,0.142857,1
9777,96383,3,1,3582,0,0,0,0.25,0,0.799804,0.142857,1
9778,96381,1,3,3581,0,0,0,0.25,0,0.812122,0.142857,1
9779,96382,1,3,3581,0,0,0,0.25,0,0.808552,0.142857,1
9780,96379,1,3,3581,0,0,0,0.25,0,0.813041,0.142857,1
9781,96384,1,3,3581,0,0,0,0.25,0,0.8187,0.142857,1
9782,96382,2,4,3581,0,0,0,0.25,0,0.817945,0.142857,1
9783,96382,4,4,3581,0,0,0,0.25,0,0.826015,0.142857,1
9784,96381,8,2,3583,0,2,0,0.25,0,0.831505,0.142857,1
9785,96381,7,4,3583,0,0,0,0.25,0,0.835773,0.142857,1
9786,96380,7,5,3583,0,0,0,0.25,0,0.84467,0.142857,1
9787,96383,8,6,3583,0,0,0,0.25,0,0.853328,0.142857,1
9788,96380,10,5,3584,0,1,1,0.25,0,0.839771,0.142857,1
9789,96378,9,7,3584,0,0,0,0.25,0,0.83227,0.142857,1
9790,96377,9,6,3586,0,2,1,0.25,0,0.84164,0.142857,1
9791,96378,10,3,3588,0,3,0,0.25,0,0.836054,0.142857,1
9792,96373,7,5,3590,0,2,0,0.25,0,0.834463,0.142857,1
9793,96375,8,5,3590,0,0,0,0.25,0,0.845957,0.142857,1
9794,96369,11,2,3593,0,3,0,0.25,0,0.846152,0.142857,1
9795,96368,11,3,3594,0,1,0,0.25,0,0.83591,0.142857,1
9796,96369,10,4,3594,0,0,0,0.25,0,0.832376,0.142857,1
9797,96366,9,3,3597,0,3,0,0.25,0,0.838471,0.142857,1
9798,96364,9,3,3598,0,1,0,0.25,0,0.850363,0.142857,1
9799,96359,10,5,3598,0,0,0,0.25,0,0.849245,0.142857,1
9800,96364,9,5,3599,0,1,0,0.25,0,0.857014,0.142857,1
9801,96361,9,7,3600,0,1,0,0.25,0,0.858899,0.142857,1
9802,96358,9,5,3602,0,2,0,0.25,0,0.836786,0.142857,1
9803,96360,9,4,3603,0,1,1,0.25,0,0.840415,0.142857,1
9804,96358,9,2,3605,0,2,0,0.25,0,0.838453,0.142857,1
9805,96357,8,3,3606,0,1,0,0.25,0,0.849847,0.142857,1
9806,96357,6,6,3606,0,0,0,0.25,0,0.851417,0.142857,1
9807,96356,6,4,3608,0,2,1,0.25,0,0.849393,0.142857,1
9808,96359,5,3,3610,0,2,0,0.25,0,0.841014,0.142857,1
9809,96360,6,3,3610,0,0,0,0.25,0,0.845692,0.142857,1
9810,96361,5,5,3610,0,0,0,0.25,0,0.85347,0.142857,1
9811,96360,6,4,3612,0,2,2,0.25,0,0.845888,0.142857,1
9812,96357,8,4,3612,0,0,0,0.25,0,0.848337,0.142857,1
9813,96358,8,3,3612,0,1,0,0.25,0,0.843642,0.142857,1
9814,96358,8,4,3612,0,0,0,0.25,0,0.835051,0.142857,1
9815,96357,9,4,3612,0,0,0,0.25,0,0.847691,0.142857,1
9816,96354,11,5,3613,0,1,0,0.25,0,0.840447,0.142857,1
9817,96351,9,8,3613,0,0,0,0.25,0,0.847497,0.142857,1
9818,96349,10,8,3613,0,0,0,0.25,0,0.837937,0.142857,1
9819,96347,11,8,3613,0,0,0,0.25,0,0.855012,0.142857,1
9820,96345,10,8,3615,0,2,0,0.25,0,0.862173,0.142857,1
9821,96349,10,6,3617,0,2,1,0.25,0,0.844939,0.142857,1
9822,96349,9,6,3618,0,2,0,0.25,0,0.851858,0.142857,1
9823,96350,10,6,3618,0,0,0,0.25,0,0.830953,0.142857,1
9824,96346,11,6,3618,0,1,1,0.25,0,0.82819,0.142857,1
9825,96346,11,4,3620,0,2,0,0.25,0,0.829278,0.142857,1
9826,96350,9,6,3620,0,0,0,0.25,0,0.81223,0.142857,1
9827,96345,10,5,3622,0,2,0,0.25,0,0.830932,0.142857,1
9828,96343,9,6,3622,0,0,0,0.25,0,0.831321,0.142857,1
9829,96343,9,5,3624,0,2,0,0.25,0,0.819743,0.142857,1
9830,96338,9,3,3626,0,2,0,0.25,0,0.819573,0.142857,1
9831,96336,9,5,3626,0,0,0,0.25,0,0.823737,0.142857,1
9832,96339,10,3,3628,0,2,0,0.25,0,0.827586,0.142857,1
9833,96344,7,6,3628,0,0,0,0.25,0,0.817701,0.142857,1
9834,96344,7,6,3627,0,0,0,0.25,0,0.816827,0.142857,1
9835,96342,7,6,3628,0,1,0,0.25,0,0.815468,0.142857,1
9836,96339,7,6,3629,0,1,0,0.25,0,0.814901,0.142857,1
9837,96336,7,5,3629,0,1,0,0.25,0,0.829966,0.142857,1
9838,96331,6,5,3630,0,2,0,0.25,0,0.831268,0.142857,1
9839,96329,7,4,3632,0,2,0,0.25,0,0.810815,0.142857,1
9840,96331,6,4,3633,0,1,0,0.25,0,0.810099,0.142857,1
9841,96329,6,5,3633,0,0,0,0.25,0,0.816836,0.142857,1
9842,96332,5,5,3634,0,1,1,0.25,0,0.799418,0.142857,1
9843,96331,7,4,3635,0,1,0,0.25,0,0.811721,0.142857,1
9844,96326,8,6,3635,0,0,0,0.25,0,0.812599,0.142857,1
9845,96322,8,5,3637,0,2,0,0.25,0,0.810866,0.142857,1
9846,96321,7,5,3638,0,1,0,0.25,0,0.805113,0.142857,1
9847,96324,7,4,3639,0,1,2,0.25,0,0.817875,0.142857,1
9848,96322,6,5,3639,0,0,0,0.25,0,0.816412,0.142857,1
9849,96322,5,6,3640,0,1,1,0.25,0,0.802479,0.142857,1
9850,96321,4,7,3640,0,0,0,0.25,0,0.792635,0.142857,1
9851,96319,4,7,3639,0,0,0,0.25,0,0.800125,0.142857,1
9852,96321,3,6,3640,0,2,0,0.25,0,0.812429,0.142857,1
9853,96320,4,4,3642,0,2,0,0.25,0,0.804134,0.142857,1
9854,96310,5,3,3643,0,1,0,0.25,0,0.798179,0.142857,1
9855,96307,5,4,3643,0,0,0,0.25,0,0.790438,0.142857,1
9856,96307,4,3,3645,0,2,0,0.25,0,0.801742,0.142857,1
9857,96309,4,3,3644,0,0,0,0.25,0,0.797975,0.142857,1
9858,96310,2,5,3644,0,0,0,0.25,0,0.793723,0.142857,1
9859,96310,3,3,3646,0,2,1,0.25,0,0.782755,0.142857,1
9860,96310,2,3,3647,0,1,0,0.25,0,0.773513,0.142857,1
9861,96307,1,2,3649,0,2,0,0.25,0,0.772619,0.142857,1
9862,96312,0,3,3649,0,0,0,0.25,0,0.776294,0.142857,1
9863,96314,0,3,3649,0,0,0,0.25,0,0.764245,0.142857,1
9864,96317,1,2,3650,0,1,0,0.25,0,0.76203,0.142857,1
9865,96313,1,2,3650,0,0,0,0.25,0,0.757224,0.142857,1
9866,96307,2,2,3650,0,0,0,0.25,0,0.752605,0.142857,1
9867,96305,3,3,3650,0,0,0,0.25,0,0.764111,0.142857,1
9868,96305,3,1,3652,0,2,1,0.25,0,0.770048,0.142857,1
9869,96309,3,0,3652,0,1,1,0.25,0,0.775948,0.142857,1
9870,96307,2,1,3652,0,0,0,0.25,0,0.777838,0.142857,1
9871,96309,2,1,3652,0,0,0,0.25,0,0.77031,0.142857,1
9872,96306,2,1,3652,0,0,0,0.25,0,0.766198,0.142857,1
9873,96307,2,1,3652,0,0,0,0.25,0,0.759149,0.142857,1
9874,96305,2,0,3652,0,1,0,0.25,0,0.758205,0.142857,1
9875,96305,2,0,3652,0,0,0,0.25,0,0.76389,0.142857,1
9876,96305,2,1,3652,0,0,0,0.25,0,0.781097,0.142857,1
9877,96305,2,1,3650,0,0,0,0.25,0,0.787582,0.142857,1
9878,96304,2,0,3651,0,1,1,0.25,0,0.794073,0.142857,1
9879,96299,2,0,3651,0,0,0,0.25,0,0.787476,0.142857,1
9880,96296,3,0,3651,0,0,0,0.25,0,0.793769,0.142857,1
9881,96296,2,1,3651,0,0,0,0.25,0,0.804775,0.142857,1
9882,96299,1,2,3651,0,0,0,0.25,0,0.817064,0.142857,1
9883,96301,1,1,3652,0,1,0,0.25,0,0.820476,0.142857,1
9884,96301,1,1,3652,0,0,0,0.25,0,0.819026,0.142857,1
9885,96300,1,2,3652,0,0,0,0.25,0,0.811305,0.142857,1
9886,96299,1,2,3652,0,1,0,0.25,0,0.809917,0.142857,1
9887,96300,1,2,3653,0,1,0,0.25,0,0.804288,0.142857,1
9888,96302,2,2,3653,0,0,0,0.25,0,0.806514,0.142857,1
9889,96305,2,1,3655,0,2,0,0.25,0,0.81814,0.142857,1
9890,96303,2,1,3655,0,0,0,0.25,0,0.821129,0.142857,1
9891,96306,2,1,3655,0,0,0,0.25,0,0.808213,0.142857,1
9892,96304,2,1,3655,0,0,0,0.25,0,0.807782,0.142857,1
9893,96306,3,1,3655,0,0,0,0.25,0,0.807969,0.142857,1
9894,96306,2,2,3655,0,0,0,0.25,0,0.803128,0.142857,1
9895,96308,2,2,3655,0,0,0,0.25,0,0.799422,0.142857,1
9896,96310,2,1,3656,0,1,0,0.25,0,0.798875,0.142857,1
9897,96312,2,1,3656,0,0,0,0.25,0,0.788102,0.142857,1
9898,96301,2,1,3655,0,0,0,0.25,0,0.80237,0.142857,1
9899,96302,2,1,3655,0,0,0,0.25,0,0.80353,0.142857,1
9900,96304,2,0,3656,0,1,0,0.25,0,0.802927,0.142857,1
9901,96306,3,0,3656,0,0,0,0.25,0,0.795153,0.142857,1
9902,96307,3,0,3656,0,0,0,0.25,0,0.793211,0.142857,1
9903,96308,2,1,3656,0,0,0,0.25,0,0.791969,0.142857,1
9904,96307,3,1,3656,0,0,0,0.25,0,0.785516,0.142857,1
9905,96308,4,0,3657,0,1,0,0.25,0,0.778408,0.142857,1
9906,96308,4,0,3657,0,0,0,0.25,0,0.772434,0.142857,1
9907,96307,4,1,3657,0,0,0,0.25,0,0.789201,0.142857,1
9908,96309,2,3,3657,0,0,0,0.25,0,0.781346,0.142857,1
9909,96309,1,4,3657,0,0,0,0.25,0,0.787587,0.142857,1
9910,96307,1,4,3657,0,0,0,0.25,0,0.780515,0.142857,1
9911,96301,1,5,3657,0,0,0,0.25,0,0.786775,0.142857,1
9912,96300,1,3,3659,0,2,0,0.25,0,0.780379,0.142857,1
9913,96294,2,3,3659,0,0,0,0.25,0,0.786921,0.142857,1
9914,96295,1,3,3660,0,1,0,0.25,0,0.792896,0.142857,1
9915,96293,1,3,3660,0,0,0,0.25,0,0.787847,0.142857,1
9916,96298,0,4,3660,0,0,0,0.25,0,0.782261,0.142857,1
9917,96301,0,3,3661,0,1,0,0.25,0,0.784836,0.142857,1
9918,96299,0,2,3662,0,1,0,0.25,0,0.779551,0.142857,1
9919,96300,0,1,3663,0,1,0,0.25,0,0.789411,0.142857,1
9920,96304,0,1,3663,0,0,0,0.25,0,0.789256,0.142857,1
9921,96302,1,0,3664,0,1,0,0.25,0,0.788166,0.142857,1
9922,96306,1,0,3664,0,0,0,0.25,0,0.790311,0.142857,1
9923,96305,1,0,3664,0,0,0,0.25,0,0.792724,0.142857,1
9924,96300,2,0,3664,0,0,0,0.25,0,0.782274,0.142857,1
9925,96301,1,1,3664,0,0,0,0.25,0,0.776029,0.142857,1
9926,96299,1,2,3663,0,0,0,0.25,0,0.772654,0.142857,1
9927,96293,1,3,3663,0,0,0,0.25,0,0.760076,0.142857,1
9928,96294,1,1,3664,0,2,0,0.25,0,0.765384,0.142857,1
9929,96288,2,0,3665,0,1,0,0.25,0,0.762557,0.142857,1
9930,96288,2,0,3665,0,0,0,0.25,0,0.766662,0.142857,1
9931,96290,2,0,3665,0,0,0,0.25,0,0.767223,0.142857,1
9932,96292,2,0,3665,0,0,0,0.25,0,0.761925,0.142857,1
9933,96290,2,0,3665,0,0,0,0.25,0,0.74882,0.142857,1
9934,96282,1,1,3665,0,0,0,0.25,0,0.739341,0.142857,1
9935,96282,1,0,3666,0,1,0,0.25,0,0.736576,0.142857,1
9936,96281,1,0,3666,0,0,0,0.25,0,0.742793,0.142857,1
9937,96281,1,0,3666,0,0,0,0.25,0,0.751178,0.142857,1
9938,96276,1,0,3666,0,0,0,0.25,0,0.748297,0.142857,1
9939,96276,1,0,3666,0,0,0,0.25,0,0.739782,0.142857,1
9940,96277,1,0,3666,0,0,0,0.25,0,0.745905,0.142857,1
9941,96281,1,0,3666,0,0,0,0.25,0,0.732418,0.142857,1
9942,96280,1,0,3666,0,0,0,0.25,0,0.731442,0.142857,1
9943,96279,1,0,3666,0,0,0,0.25,0,0.737145,0.142857,1
9944,96276,1,0,3666,0,0,0,0.25,0,0.724895,0.142857,1
9945,96276,1,0,3666,0,0,0,0.25,0,0.725238,0.142857,1
9946,96275,1,0,3666,0,0,0,0.25,0,0.724045,0.142857,1
9947,96277,1,0,3666,0,0,0,0.25,0,0.724097,0.142857,1
9948,96276,1,0,3665,0,0,0,0.25,0,0.733425,0.142857,1
9949,96275,1,0,3665,0,0,0,0.25,0,0.733024,0.142857,1
9950,96280,1,0,3665,0,0,0,0.25,0,0.742001,0.142857,1
9951,96281,1,1,3665,0,0,0,0.25,0,0.735838,0.142857,1
9952,96280,1,1,3665,0,0,0,0.25,0,0.73852,0.142857,1
9953,96276,1,1,3666,0,1,1,0.25,0,0.743046,0.142857,1
9954,96277,2,0,3667,0,1,0,0.25,0,0.750232,0.142857,1
9955,96276,3,0,3667,0,0,0,0.25,0,0.75088,0.142857,1
9956,96278,3,0,3667,0,0,0,0.25,0,0.744914,0.142857,1
9957,96278,3,0,3667,0,0,0,0.25,0,0.750363,0.142857,1
9958,96277,3,0,3667,0,0,0,0.25,0,0.741256,0.142857,1
9959,96277,3,0,3667,0,0,0,0.25,0,0.739553,0.142857,1
9960,96279,3,0,3667,0,0,0,0.25,0,0.748428,0.142857,1
9961,96279,2,1,3667,0,0,0,0.25,0,0.732641,0.142857,1
9962,96280,2,1,3667,0,0,0,0.25,0,0.716414,0.142857,1
9963,96282,2,1,3667,0,0,0,0.25,0,0.724809,0.142857,1
9964,96279,2,2,3667,0,0,0,0.25,0,0.718822,0.142857,1
9965,96278,2,1,3668,0,1,0,0.25,0,0.718502,0.142857,1
9966,96279,1,3,3668,0,0,0,0.25,0,0.719659,0.142857,1
9967,96273,0,4,3668,0,0,0,0.25,0,0.707722,0.142857,1
9968,96273,0,3,3669,0,1,0,0.25,0,0.719306,0.142857,1
9969,96271,1,3,3669,0,0,0,0.25,0,0.726501,0.142857,1
9970,96267,1,3,3669,0,0,0,0.25,0,0.719263,0.142857,1
9971,96265,1,3,3669,0,0,0,0.25,0,0.729335,0.142857,1
9972,96269,1,3,3669,0,0,0,0.25,0,0.723959,0.142857,1
9973,96271,1,1,3670,0,2,1,0.25,0,0.736972,0.142857,1
9974,96272,1,0,3671,0,1,0,0.25,0,0.74197,0.142857,1
9975,96266,2,0,3671,0,0,0,0.25,0,0.739221,0.142857,1
9976,96269,2,0,3671,0,0,0,0.25,0,0.738277,0.142857,1
9977,96270,2,0,3671,0,0,0,0.25,0,0.755696,0.142857,1
9978,96272,2,0,3671,0,0,0,0.25,0,0.74336,0.142857,1
9979,96268,2,0,3671,0,0,0,0.25,0,0.75231,0.142857,1
9980,96264,3,0,3671,0,0,0,0.25,0,0.743464,0.142857,1
9981,96267,3,0,3671,0,0,0,0.25,0,0.740775,0.142857,1
9982,96270,4,0,3671,0,0,0,0.25,0,0.740928,0.142857,1
9983,96269,4,0,3671,0,0,0,0.25,0,0.752671,0.142857,1
9984,96272,4,0,3671,0,0,0,0.25,0,0.76407,0.142857,1
9985,96266,4,0,3671,0,0,0,0.25,0,0.78255,0.142857,1
9986,96265,3,1,3671,0,0,0,0.25,0,0.775044,0.142857,1
9987,96262,3,1,3671,0,0,0,0.25,0,0.779041,0.142857,1
9988,96264,5,1,3670,0,0,0,0.25,0,0.774282,0.142857,1
9989,96260,6,1,3670,0,0,0,0.25,0,0.765435,0.142857,1
9990,96260,5,1,3671,0,1,0,0.25,0,0.77138,0.142857,1
9991,96258,5,1,3670,0,0,0,0.25,0,0.766172,0.142857,1
9992,96260,6,1,3670,0,0,0,0.25,0,0.762744,0.142857,1
9993,96263,6,1,3670,0,0,0,0.25,0,0.768415,0.142857,1
9994,96265,4,2,3671,0,1,2,0.25,0,0.766444,0.142857,1
9995,96266,4,1,3672,0,1,0,0.25,0,0.759282,0.142857,1
9996,96263,3,2,3672,0,1,0,0.25,0,0.749568,0.142857,1
9997,96265,3,2,3671,0,0,0,0.25,0,0.757538,0.142857,1
9998,96268,3,1,3672,0,1,0,0.25,0,0.745269,0.142857,1
9999,96269,3,0,3673,0,1,0,0.25,0,0.737929,0.142857,1
10000,96268,3,0,3673,0,0,0,0.25,0,0.724641,0.142857,1
10001,96273,2,1,3673,0,0,0,0.25,0,0.730393,0.142857,1
10002,96275,2,0,3674,0,1,0,0.25,0,0.727278,0.142857,1
10003,96271,2,0,3674,0,0,0,0.25,0,0.74162,0.142857,1
10004,96276,2,0,3674,0,0,0,0.25,0,0.740068,0.142857,1
10005,96279,1,1,3674,0,0,0,0.25,0,0.74376,0.142857,1
10006,96278,1,1,3674,0,0,0,0.25,0,0.746242,0.142857,1
10007,96279,2,0,3675,0,1,0,0.25,0,0.747351,0.142857,1
10008,96280,2,0,3675,0,0,0,0.25,0,0.746556,0.142857,1
10009,96282,2,0,3675,0,0,0,0.25,0,0.741422,0.142857,1
10010,96283,1,1,3675,0,0,0,0.25,0,0.746134,0.142857,1
10011,96283,2,0,3675,0,1,0,0.25,0,0.739583,0.142857,1
10012,96284,2,0,3675,0,0,0,0.25,0,0.744788,0.142857,1
10013,96285,3,0,3675,0,0,0,0.25,0,0.743016,0.142857,1
10014,96286,3,0,3675,0,0,0,0.25,0,0.750286,0.142857,1
10015,96285,3,0,3674,0,0,0,0.25,0,0.758287,0.142857,1
10016,96288,3,0,3673,0,0,0,0.25,0,0.77067,0.142857,1
10017,96281,4,0,3673,0,0,0,0.25,0,0.76447,0.142857,1
10018,96279,4,0,3673,0,0,0,0.25,0,0.772443,0.142857,1
10019,96278,4,0,3673,0,0,0,0.25,0,0.77838,0.142857,1
10020,96276,4,0,3673,0,0,0,0.25,0,0.75872,0.142857,1
10021,96279,4,0,3673,0,0,0,0.25,0,0.763072,0.142857,1
10022,96277,4,0,3673,0,0,0,0.25,0,0.758351,0.142857,1
10023,96278,4,0,3673,0,0,0,0.25,0,0.763464,0.142857,1
10024,96274,4,0,3672,0,0,0,0.25,0,0.775529,0.142857,1
10025,96273,3,1,3672,0,0,0,0.25,0,0.778124,0.142857,1
10026,96278,2,2,3672,0,0,0,0.25,0,0.790414,0.142857,1
10027,96273,3,0,3674,0,2,0,0.25,0,0.773141,0.142857,1
10028,96276,3,0,3674,0,0,0,0.25,0,0.765413,0.142857,1
10029,96276,3,0,3674,0,0,0,0.25,0,0.774548,0.142857,1
10030,96273,3,0,3674,0,0,0,0.25,0,0.789647,0.142857,1
10031,96278,2,1,3674,0,0,0,0.25,0,0.797871,0.142857,1
10032,96273,2,0,3675,0,1,1,0.25,0,0.810877,0.142857,1
10033,96274,2,0,3675,0,0,0,0.25,0,0.818167,0.142857,1
10034,96279,3,0,3675,0,0,0,0.25,0,0.843884,0.142857,1
10035,96285,3,0,3675,0,0,0,0.25,0,0.841958,0.142857,1
10036,96281,4,0,3675,0,0,0,0.25,0,0.850585,0.142857,1
10037,96281,4,0,3675,0,0,0,0.25,0,0.847574,0.142857,1
10038,96283,3,2,3675,0,0,0,0.25,0,0.869723,0.142857,1
10039,96284,2,3,3675,0,0,0,0.25,0,0.880238,0.142857,1
10040,96281,2,2,3676,0,1,0,0.25,0,0.873244,0.142857,1
10041,96283,3,2,3676,0,0,0,0.25,0,0.868286,0.142857,1
10042,96278,4,2,3676,0,0,0,0.25,0,0.861069,0.142857,1
10043,96275,4,1,3677,0,1,0,0.25,0,0.862244,0.142857,1
10044,96273,4,1,3677,0,0,0,0.25,0,0.88014,0.142857,1
10045,96278,4,0,3678,0,1,0,0.25,0,0.87073,0.142857,1
10046,96273,4,0,3678,0,0,0,0.25,0,0.88718,0.142857,1
10047,96279,2,2,3678,0,0,0,0.25,0,0.872507,0.142857,1
10048,96282,2,2,3678,0,0,0,0.25,0,0.86311,0.142857,1
10049,96281,2,2,3678,0,1,0,0.25,0,0.861058,0.142857,1
10050,96284,2,2,3678,0,0,0,0.25,0,0.855205,0.142857,1
10051,96283,2,2,3678,0,0,0,0.25,0,0.851391,0.142857,1
10052,96284,2,2,3678,0,0,0,0.25,0,0.847914,0.142857,1
10053,96283,2,2,3678,0,0,0,0.25,0,0.835053,0.142857,1
10054,96282,1,3,3678,0,0,0,0.25,0,0.844669,0.142857,1
10055,96282,1,3,3679,0,1,0,0.25,0,0.836635,0.142857,1
10056,96287,1,2,3680,0,1,0,0.25,0,0.825693,0.142857,1
10057,96281,1,2,3680,0,0,0,0.25,0,0.829195,0.142857,1
10058,96281,1,1,3681,0,1,0,0.25,0,0.840998,0.142857,1
10059,96279,1,2,3681,0,0,0,0.25,0,0.831412,0.142857,1
10060,96281,1,2,3681,0,0,0,0.25,0,0.850437,0.142857,1
10061,96276,2,2,3681,0,0,0,0.25,0,0.841895,0.142857,1
10062,96275,3,2,3679,0,0,0,0.25,0,0.843045,0.142857,1
10063,96275,3,2,3679,0,0,0,0.25,0,0.850557,0.142857,1
10064,96277,4,2,3679,0,0,0,0.25,0,0.843293,0.142857,1
10065,96278,4,2,3679,0,0,0,0.25,0,0.837628,0.142857,1
10066,96279,3,3,3679,0,0,0,0.25,0,0.842713,0.142857,1
10067,96274,3,2,3679,0,1,1,0.25,0,0.863229,0.142857,1
10068,96278,2,3,3678,0,0,0,0.25,0,0.867392,0.142857,1
10069,96276,2,3,3679,0,1,0,0.25,0,0.861989,0.142857,1
10070,96280,3,3,3679,0,0,0,0.25,0,0.864271,0.142857,1
10071,96277,3,2,3680,0,1,0,0.25,0,0.855441,0.142857,1
10072,96280,2,3,3680,0,0,0,0.25,0,0.849468,0.142857,1
10073,96284,1,4,3679,0,0,0,0.25,0,0.849421,0.142857,1
10074,96285,2,2,3681,0,2,0,0.25,0,0.845964,0.142857,1
10075,96280,2,3,3680,0,0,0,0.25,0,0.852495,0.142857,1
10076,96276,2,2,3681,0,1,1,0.25,0,0.859334,0.142857,1
10077,96274,2,2,3681,0,0,0,0.25,0,0.848672,0.142857,1
10078,96278,2,2,3681,0,0,0,0.25,0,0.849508,0.142857,1
10079,96281,1,2,3681,0,1,0,0.25,0,0.842967,0.142857,1
10080,96280,1,2,3681,0,0,0,0.25,0,0.842499,0.142857,1
10081,96280,1,1,3682,0,1,0,0.25,0,0.827058,0.142857,1
10082,96281,1,1,3682,0,0,0,0.25,0,0.821064,0.142857,1
10083,96280,1,1,3682,0,0,0,0.25,0,0.822662,0.142857,1
10084,96286,1,1,3682,0,0,0,0.25,0,0.838819,0.142857,1
10085,96283,1,1,3682,0,0,0,0.25,0,0.832748,0.142857,1
10086,96281,2,0,3683,0,1,0,0.25,0,0.836775,0.142857,1
10087,96280,2,0,3682,0,0,0,0.25,0,0.8285,0.142857,1
10088,96279,2,0,3682,0,0,0,0.25,0,0.834549,0.142857,1
10089,96283,0,1,3683,0,1,0,0.25,0,0.82093,0.142857,1
10090,96281,0,0,3684,0,1,0,0.25,0,0.821044,0.142857,1
10091,96278,0,0,3684,0,0,0,0.25,0,0.810482,0.142857,1
10092,96281,0,0,3684,0,0,0,0.25,0,0.815343,0.142857,1
10093,96280,0,0,3684,0,0,0,0.25,0,0.792927,0.142857,1
10094,96278,0,0,3684,0,0,0,0.25,0,0.798203,0.142857,1
10095,96278,0,0,3683,0,0,0,0.25,0,0.798415,0.142857,1
10096,96275,2,0,3683,0,0,0,0.25,0,0.797333,0.142857,1
10097,96275,3,0,3683,0,0,0,0.25,0,0.789436,0.142857,1
10098,96274,3,0,3683,0,0,0,0.25,0,0.800884,0.142857,1
10099,96273,3,0,3683,0,0,0,0.25,0,0.803658,0.142857,1
10100,96271,2,1,3683,0,0,0,0.25,0,0.810558,0.142857,1
10101,96274,1,2,3683,0,0,0,0.25,0,0.817956,0.142857,1
10102,96274,3,2,3683,0,0,0,0.25,0,0.818122,0.142857,1
10103,96270,4,2,3684,0,1,0,0.25,0,0.832498,0.142857,1
10104,96268,6,2,3684,0,0,0,0.25,0,0.827367,0.142857,1
10105,96264,5,2,3685,0,1,0,0.25,0,0.843502,0.142857,1
10106,96266,3,3,3686,0,1,1,0.25,0,0.85172,0.142857,1
10107,96261,5,3,3686,0,0,0,0.25,0,0.842806,0.142857,1
10108,96263,5,2,3687,0,1,0,0.25,0,0.841816,0.142857,1
10109,96264,4,3,3687,0,0,0,0.25,0,0.845374,0.142857,1
10110,96272,5,3,3687,0,0,0,0.25,0,0.848977,0.142857,1
10111,96269,6,3,3687,0,0,0,0.25,0,0.84882,0.142857,1
10112,96273,7,3,3687,0,0,0,0.25,0,0.848922,0.142857,1
10113,96270,8,3,3687,0,0,0,0.25,0,0.865394,0.142857,1
10114,96269,8,2,3688,0,1,1,0.25,0,0.865884,0.142857,1
10115,96268,7,2,3689,0,1,1,0.25,0,0.873385,0.142857,1
10116,96267,7,2,3690,0,1,0,0.25,0,0.878273,0.142857,1
10117,96264,8,2,3690,0,0,0,0.25,0,0.880472,0.142857,1
10118,96265,8,2,3689,0,0,0,0.25,0,0.887382,0.142857,1
10119,96264,7,3,3689,0,0,0,0.25,0,0.892584,0.142857,1
10120,96263,5,3,3691,0,2,0,0.25,0,0.912852,0.142857,1
10121,96265,5,3,3690,0,0,0,0.25,0,0.92285,0.142857,1
10122,96268,5,3,3691,0,1,0,0.25,0,0.929215,0.142857,1
10123,96264,7,2,3692,0,1,0,0.25,0,0.937312,0.142857,1
10124,96261,6,3,3692,0,0,0,0.25,0,0.927041,0.142857,1
10125,96266,5,4,3691,0,0,0,0.25,0,0.93553,0.142857,1
10126,96265,5,4,3691,0,0,0,0.25,0,0.931455,0.142857,1
10127,96263,5,4,3691,0,0,0,0.25,0,0.931261,0.142857,1
10128,96263,6,3,3692,0,1,0,0.25,0,0.929276,0.142857,1
10129,96264,6,1,3694,0,2,1,0.25,0,0.929456,0.142857,1
10130,96262,6,1,3694,0,0,0,0.25,0,0.92724,0.142857,1
10131,96262,5,2,3693,0,0,0,0.25,0,0.936465,0.142857,1
10132,96262,5,1,3694,0,1,1,0.25,0,0.926701,0.142857,1
10133,96264,5,0,3695,0,1,0,0.25,0,0.942634,0.142857,1
10134,96264,5,0,3695,0,0,0,0.25,0,0.949606,0.142857,1
10135,96260,5,0,3695,0,0,0,0.25,0,0.953239,0.142857,1
10136,96262,3,2,3694,0,0,0,0.25,0,0.959091,0.142857,1
10137,96262,3,2,3694,0,0,0,0.25,0,0.962583,0.142857,1
10138,96262,2,2,3695,0,1,1,0.25,0,0.963883,0.142857,1
10139,96263,1,3,3695,0,0,0,0.25,0,0.962852,0.142857,1
10140,96265,0,4,3695,0,0,0,0.25,0,0.955729,0.142857,1
10141,96265,0,3,3695,0,1,2,0.25,0,0.948091,0.142857,1
10142,96259,1,2,3695,0,1,0,0.25,0,0.961301,0.142857,1
10143,96259,1,1,3696,0,1,0,0.25,0,0.966874,0.142857,1
10144,96259,1,1,3696,0,0,0,0.25,0,0.973997,0.142857,1
10145,96264,1,0,3697,0,1,0,0.25,0,1.00041,0.142857,1
10146,96259,1,0,3697,0,0,0,0.25,0,1.00476,0.142857,1
10147,96257,1,0,3697,0,0,0,0.25,0,0.998919,0.142857,1
10148,96258,1,0,3697,0,0,0,0.25,0,1.00114,0.142857,1
10149,96265,1,0,3697,0,0,0,0.25,0,1.01243,0.142857,1
10150,96264,1,0,3697,0,0,0,0.25,0,0.993697,0.142857,1
10151,96258,1,0,3697,0,0,0,0.25,0,0.987624,0.142857,1
10152,96261,1,0,3697,0,0,0,0.25,0,0.968738,0.142857,1
10153,96260,1,0,3697,0,0,0,0.25,0,0.968243,0.142857,1
10154,96259,2,0,3697,0,0,0,0.25,0,0.979196,0.142857,1
10155,96260,0,1,3698,0,1,0,0.25,0,0.965949,0.142857,1
10156,96259,0,0,3699,0,1,0,0.25,0,0.960898,0.142857,1
10157,96269,0,0,3699,0,0,0,0.25,0,0.960253,0.142857,1
10158,96267,0,0,3698,0,0,0,0.25,0,0.968228,0.142857,1
10159,96267,0,0,3698,0,0,0,0.25,0,0.988973,0.142857,1
10160,96270,0,0,3698,0,0,0,0.25,0,0.984594,0.142857,1
10161,96267,0,0,3698,0,0,0,0.25,0,0.979231,0.142857,1
10162,96267,0,0,3698,0,0,0,0.25,0,0.985066,0.142857,1
10163,96264,0,0,3697,0,0,0,0.25,0,0.986059,0.142857,1
10164,96262,0,0,3696,0,0,0,0.25,0,0.989007,0.142857,1
10165,96262,0,0,3696,0,0,0,0.25,0,0.995035,0.142857,1
10166,96260,0,0,3696,0,0,0,0.25,0,0.984909,0.142857,1
10167,96267,0,0,3696,0,0,0,0.25,0,0.976767,0.142857,1
10168,96264,0,0,3696,0,0,0,0.25,0,0.987365,0.142857,1
10169,96259,1,0,3696,0,0,0,0.25,0,1.00384,0.142857,1
10170,96260,1,0,3696,0,0,0,0.25,0,1.01152,0.142857,1
10171,96260,1,0,3696,0,0,0,0.25,0,1.01598,0.142857,1
10172,96255,1,0,3696,0,0,0,0.25,0,1.0287,0.142857,1
10173,96255,0,1,3696,0,0,0,0.25,0,1.04384,0.142857,1
10174,96259,0,0,3697,0,1,0,0.25,0,1.04149,0.142857,1
10175,96259,0,0,3697,0,0,0,0.25,0,1.05233,0.142857,1
10176,96257,0,0,3697,0,0,0,0.25,0,1.06074,0.142857,1
10177,96260,0,0,3697,0,0,0,0.25,0,1.06655,0.142857,1
10178,96263,0,0,3697,0,0,0,0.25,0,1.07391,0.142857,1
10179,96267,0,0,3697,0,0,0,0.25,0,1.05761,0.142857,1
10180,96265,1,0,3696,0,0,0,0.25,0,1.0532,0.142857,1
10181,96265,1,0,3696,0,0,0,0.25,0,1.03792,0.142857,1
10182,96265,1,0,3696,0,0,0,0.25,0,1.03287,0.142857,1
10183,96262,1,0,3696,0,0,0,0.25,0,1.04516,0.142857,1
10184,96259,1,0,3695,0,0,0,0.25,0,1.0378,0.142857,1
10185,96259,1,0,3695,0,0,0,0.25,0,1.02979,0.142857,1
10186,96266,1,0,3695,0,0,0,0.25,0,1.02631,0.142857,1
10187,96255,2,0,3695,0,0,0,0.25,0,1.01128,0.142857,1
10188,96261,2,0,3695,0,0,0,0.25,0,1.01397,0.142857,1
10189,96261,2,0,3695,0,0,0,0.25,0,1.00489,0.142857,1
10190,96262,3,0,3695,0,0,0,0.25,0,1.0046,0.142857,1
10191,96259,3,0,3695,0,0,0,0.25,0,1.00046,0.142857,1
10192,96256,4,0,3695,0,0,0,0.25,0,0.991713,0.142857,1
10193,96257,4,0,3695,0,0,0,0.25,0,0.977613,0.142857,1
10194,96256,4,0,3695,0,0,0,0.25,0,0.967311,0.142857,1
10195,96258,3,1,3695,0,0,0,0.25,0,0.969179,0.142857,1
10196,96260,4,0,3696,0,1,1,0.25,0,0.979889,0.142857,1
10197,96260,4,0,3696,0,0,0,0.25,0,0.982133,0.142857,1
10198,96258,4,0,3696,0,0,0,0.25,0,0.983221,0.142857,1
10199,96260,4,0,3696,0,0,0,0.25,0,0.98532,0.142857,1
10200,96258,3,1,3696,0,0,0,0.25,0,0.986631,0.142857,1
10201,96253,1,3,3696,0,0,0,0.25,0,0.979068,0.142857,1
10202,96254,2,2,3697,0,1,0,0.25,0,0.978906,0.142857,1
10203,96258,2,2,3697,0,0,0,0.25,0,0.979991,0.142857,1
10204,96255,4,3,3697,0,0,0,0.25,0,0.984806,0.142857,1
10205,96256,3,4,3696,0,0,0,0.25,0,0.98876,0.142857,1
10206,96256,3,4,3695,0,0,0,0.25,0,0.988988,0.142857,1
10207,96255,3,5,3695,0,0,0,0.25,0,0.988445,0.142857,1
10208,96250,5,4,3696,0,1,2,0.25,0,0.997044,0.142857,1
10209,96252,4,4,3697,0,1,1,0.25,0,1.00901,0.142857,1
10210,96251,5,4,3697,0,0,0,0.25,0,1.01066,0.142857,1
10211,96254,4,5,3697,0,0,0,0.25,0,1.00258,0.142857,1
10212,96249,4,3,3697,0,2,1,0.25,0,1.02412,0.142857,1
10213,96246,5,3,3697,0,0,0,0.25,0,1.00665,0.142857,1
10214,96247,5,3,3697,0,0,0,0.25,0,0.997494,0.142857,1
10215,96247,4,4,3697,0,0,0,0.25,0,0.974514,0.142857,1
10216,96252,5,3,3697,0,1,1,0.25,0,0.976206,0.142857,1
10217,96250,6,3,3697,0,0,0,0.25,0,0.979364,0.142857,1
10218,96244,6,4,3697,0,0,0,0.25,0,0.967252,0.142857,1
10219,96241,7,4,3698,0,1,1,0.25,0,0.972939,0.142857,1
10220,96242,7,2,3701,0,3,0,0.25,0,0.973067,0.142857,1
10221,96244,7,2,3701,0,0,0,0.25,0,0.969875,0.142857,1
10222,96245,5,4,3702,0,1,2,0.25,0,0.977078,0.142857,1
10223,96243,7,3,3703,0,1,0,0.25,0,0.971688,0.142857,1
10224,96241,7,3,3701,0,0,0,0.25,0,0.967048,0.142857,1
10225,96244,6,4,3701,0,0,0,0.25,0,0.969384,0.142857,1
10226,96243,6,3,3702,0,1,0,0.25,0,0.985947,0.142857,1
10227,96244,6,4,3702,0,0,0,0.25,0,0.982888,0.142857,1
10228,96245,6,4,3702,0,0,0,0.25,0,0.979194,0.142857,1
10229,96243,6,4,3702,0,0,0,0.25,0,0.967911,0.142857,1
10230,96234,6,4,3702,0,0,0,0.25,0,0.958996,0.142857,1
10231,96232,7,5,3702,0,0,0,0.25,0,0.955167,0.142857,1
10232,96229,7,6,3703,0,1,0,0.25,0,0.971586,0.142857,1
10233,96227,6,6,3704,0,1,0,0.25,0,0.979683,0.142857,1
10234,96224,8,6,3704,0,0,0,0.25,0,0.98217,0.142857,1
10235,96227,7,7,3704,0,0,0,0.25,0,0.989789,0.142857,1
10236,96231,6,8,3704,0,0,0,0.25,0,0.981891,0.142857,1
10237,96232,7,5,3707,0,3,1,0.25,0,0.977843,0.142857,1
10238,96235,7,5,3707,0,0,0,0.25,0,0.979989,0.142857,1
10239,96237,10,5,3707,0,0,0,0.25,0,0.987625,0.142857,1
10240,96240,9,6,3708,0,1,0,0.25,0,0.988736,0.142857,1
10241,96238,8,8,3708,0,0,0,0.25,0,0.993574,0.142857,1
10242,96233,7,6,3713,0,5,1,0.25,0,0.98267,0.142857,1
10243,96236,6,6,3714,0,1,0,0.25,0,0.99353,0.142857,1
10244,96234,6,5,3715,0,2,0,0.25,0,0.991651,0.142857,1
10245,96239,5,6,3715,0,0,0,0.25,0,0.982974,0.142857,1
10246,96237,6,5,3716,0,1,0,0.25,0,0.998714,0.142857,1
10247,96235,6,3,3718,0,2,0,0.25,0,0.988986,0.142857,1
10248,96235,5,4,3718,0,0,0,0.25,0,0.995431,0.142857,1
10249,96235,4,4,3719,0,1,0,0.25,0,1.00549,0.142857,1
10250,96235,4,2,3721,0,2,0,0.25,0,0.997986,0.142857,1
10251,96232,4,2,3721,0,0,0,0.25,0,0.997266,0.142857,1
10252,96233,4,1,3722,0,1,0,0.25,0,1.00207,0.142857,1
10253,96235,4,1,3722,0,0,0,0.25,0,1.00102,0.142857,1
10254,96234,3,2,3721,0,0,0,0.25,0,1.00286,0.142857,1
10255,96233,3,2,3722,0,1,1,0.25,0,1.00538,0.142857,1
10256,96236,3,0,3724,0,2,0,0.25,0,0.990092,0.142857,1
10257,96238,3,0,3724,0,0,0,0.25,0,0.993267,0.142857,1
10258,96236,3,0,3724,0,0,0,0.25,0,0.985734,0.142857,1
10259,96236,3,0,3724,0,0,0,0.25,0,0.987677,0.142857,1
10260,96231,3,0,3724,0,0,0,0.25,0,0.999581,0.142857,1
10261,96227,3,0,3724,0,0,0,0.25,0,0.992265,0.142857,1
10262,96224,3,0,3723,0,0,0,0.25,0,0.990238,0.142857,1
10263,96225,3,1,3723,0,0,0,0.25,0,0.991023,0.142857,1
10264,96227,2,2,3723,0,0,0,0.25,0,1.00697,0.142857,1
10265,96221,2,2,3723,0,0,0,0.25,0,1.00441,0.142857,1
10266,96221,2,2,3723,0,0,0,0.25,0,0.99828,0.142857,1
10267,96217,2,2,3723,0,1,1,0.25,0,0.993127,0.142857,1
10268,96219,3,2,3722,0,0,0,0.25,0,1.00055,0.142857,1
10269,96219,4,1,3723,0,1,0,0.25,0,1.0036,0.142857,1
10270,96219,2,3,3723,0,0,0,0.25,0,1.00704,0.142857,1
10271,96215,6,4,3723,0,0,0,0.25,0,1.01015,0.142857,1
10272,96213,7,4,3723,0,0,0,0.25,0,1.00409,0.142857,1
10273,96212,7,4,3723,0,0,0,0.25,0,1.01049,0.142857,1
10274,96210,7,4,3723,0,0,0,0.25,0,1.00461,0.142857,1
10275,96212,8,4,3721,0,0,0,0.25,0,1.00195,0.142857,1
10276,96207,8,5,3721,0,0,0,0.25,0,1.01186,0.142857,1
10277,96205,11,6,3721,0,0,0,0.25,0,1.02345,0.142857,1
10278,96205,12,6,3721,0,0,0,0.25,0,1.02713,0.142857,1
10279,96206,13,7,3722,0,1,0,0.25,0,1.03782,0.142857,1
10280,96205,9,10,3723,0,1,1,0.25,0,1.03369,0.142857,1
10281,96205,10,7,3726,0,3,0,0.25,0,1.03185,0.142857,1
10282,96203,11,6,3727,0,1,1,0.25,0,1.05601,0.142857,1
10283,96203,12,5,3729,0,2,0,0.25,0,1.08214,0.142857,1
10284,96202,13,5,3730,0,2,0,0.25,0,1.09653,0.142857,1
10285,96201,15,4,3731,0,1,0,0.25,0,1.07928,0.142857,1
10286,96199,14,5,3731,0,0,0,0.25,0,1.07211,0.142857,1
10287,96195,13,6,3732,0,1,0,0.25,0,1.05534,0.142857,1
10288,96192,14,6,3733,0,1,0,0.25,0,1.05394,0.142857,1
10289,96187,13,6,3736,0,3,0,0.25,0,1.05284,0.142857,1
10290,96183,13,6,3737,0,1,0,0.25,0,1.05037,0.142857,1
10291,96182,11,6,3739,0,2,1,0.25,0,1.03797,0.142857,1
10292,96182,11,4,3742,0,3,1,0.25,0,1.03719,0.142857,1
10293,96178,11,4,3742,0,0,0,0.25,0,1.05166,0.142857,1
10294,96174,12,5,3742,0,0,0,0.25,0,1.0412,0.142857,1
10295,96172,12,4,3744,0,2,1,0.25,0,1.04526,0.142857,1
10296,96176,11,5,3744,0,0,0,0.25,0,1.04606,0.142857,1
10297,96175,10,6,3744,0,0,0,0.25,0,1.05029,0.142857,1
10298,96170,11,7,3746,0,2,0,0.25,0,1.04555,0.142857,1
10299,96170,12,7,3747,0,1,0,0.25,0,1.05821,0.142857,1
10300,96172,12,7,3748,0,1,0,0.25,0,1.05264,0.142857,1
10301,96165,12,7,3750,0,2,0,0.25,0,1.06601,0.142857,1
10302,96163,12,5,3753,0,3,4,0.25,0,1.07063,0.142857,1
10303,96166,10,6,3754,0,1,1,0.25,0,1.07404,0.142857,1
10304,96163,12,7,3754,0,0,0,0.25,0,1.07564,0.142857,1
10305,96160,13,7,3755,0,1,0,0.25,0,1.08255,0.142857,1
10306,96162,13,7,3756,0,1,0,0.25,0,1.08411,0.142857,1
10307,96160,16,5,3758,0,2,1,0.25,0,1.08058,0.142857,1
10308,96157,15,10,3758,0,0,0,0.25,0,1.08142,0.142857,1
10309,96155,17,9,3759,0,3,0,0.25,0,1.08553,0.142857,1
10310,96156,17,9,3759,0,1,0,0.25,0,1.07246,0.142857,1
10311,96160,14,13,3759,0,0,0,0.25,0,1.06363,0.142857,1
10312,96154,14,14,3760,0,2,1,0.25,0,1.06265,0.142857,1
10313,96153,12,15,3764,0,4,0,0.25,0,1.06525,0.142857,1
10314,96151,10,18,3764,0,0,0,0.25,0,1.05885,0.142857,1
10315,96146,16,15,3768,0,4,1,0.25,0,1.04318,0.142857,1
10316,96144,18,15,3769,0,1,0,0.25,0,1.03272,0.142857,1
10317,96142,19,16,3771,0,2,0,0.25,0,1.02869,0.142857,1
10318,96134,21,13,3775,0,4,0,0.25,0,1.03273,0.142857,1
10319,96124,22,17,3777,0,2,0,0.25,0,1.04171,0.142857,1
10320,96116,22,21,3777,0,2,2,0.25,0,1.04637,0.142857,1
10321,96111,23,23,3780,0,3,0,0.25,0,1.05121,0.142857,1
10322,96108,21,23,3785,0,5,0,0.25,0,1.05029,0.142857,1
10323,96107,19,23,3788,0,4,3,0.25,0,1.03862,0.142857,1
10324,96097,23,20,3793,0,6,3,0.25,0,1.04526,0.142857,1
10325,96090,26,20,3795,0,2,1,0.25,0,1.03076,0.142857,1
10326,96086,27,23,3797,0,2,1,0.25,0,1.02985,0.142857,1
10327,96078,31,22,3801,0,4,0,0.25,0,1.0223,0.142857,1
10328,96075,32,20,3807,0,6,1,0.25,0,1.01394,0.142857,1
10329,96073,32,20,3810,0,3,1,0.25,0,1.02032,0.142857,1
10330,96076,25,23,3814,0,4,0,0.25,0,1.02604,0.142857,1
10331,96069,25,19,3822,0,8,3,0.25,0,1.03344,0.142857,1
10332,96060,28,18,3826,0,4,0,0.25,0,1.03841,0.142857,1
10333,96051,31,24,3827,0,1,0,0.25,0,1.0406,0.142857,1
10334,96048,35,22,3830,0,4,1,0.25,0,1.03866,0.142857,1
10335,96046,33,23,3833,0,3,0,0.25,0,1.05211,0.142857,1
10336,96040,37,20,3839,0,6,1,0.25,0,1.04825,0.142857,1
10337,96033,42,20,3840,0,1,0,0.25,0,1.03897,0.142857,1
10338,96031,41,19,3845,0,5,0,0.25,0,1.0458,0.142857,1
10339,96025,46,17,3850,0,5,1,0.25,0,1.04583,0.142857,1
10340,96023,41,21,3854,0,5,3,0.25,0,1.04246,0.142857,1
10341,96013,37,27,3857,0,4,0,0.25,0,1.04204,0.142857,1
10342,96007,37,25,3864,0,7,0,0.25,0,1.03356,0.142857,1
10343,96004,34,23,3872,0,8,1,0.25,0,1.03068,0.142857,1
10344,96007,36,20,3877,0,5,2,0.25,0,1.02944,0.142857,1
10345,96000,37,20,3882,0,5,2,0.25,0,1.03314,0.142857,1
10346,95997,34,23,3884,0,3,1,0.25,0,1.03076,0.142857,1
10347,95998,33,26,3885,0,1,1,0.25,0,1.03941,0.142857,1
10348,95995,36,27,3887,0,2,2,0.25,0,1.04991,0.142857,1
10349,95982,36,28,3892,0,5,0,0.25,0,1.0497,0.142857,1
10350,95979,39,26,3895,0,3,0,0.25,0,1.05517,0.142857,1
10351,95979,38,27,3901,0,6,0,0.25,0,1.04803,0.142857,1
10352,95971,37,28,3908,0,7,2,0.25,0,1.04545,0.142857,1
10353,95964,39,21,3919,0,11,5,0.25,0,1.03772,0.142857,1
10354,95966,37,23,3920,0,1,0,0.25,0,1.0388,0.142857,1
10355,95957,40,20,3927,0,7,2,0.25,0,1.03136,0.142857,1
10356,95953,39,22,3930,0,3,3,0.25,0,1.03447,0.142857,1
10357,95951,41,22,3934,0,4,0,0.25,0,1.02494,0.142857,1
10358,95953,34,24,3940,0,6,0,0.25,0,1.02321,0.142857,1
10359,95949,39,21,3946,0,6,0,0.25,0,1.02495,0.142857,1
10360,95943,43,21,3947,0,1,0,0.25,0,1.02486,0.142857,1
10361,95935,43,23,3949,0,2,0,0.25,0,1.03878,0.142857,1
10362,95929,45,24,3950,0,3,2,0.25,0,1.04343,0.142857,1
10363,95928,40,27,3955,0,5,3,0.25,0,1.0438,0.142857,1
10364,95917,44,29,3958,0,3,0,0.25,0,1.03657,0.142857,1
10365,95912,44,27,3964,0,6,0,0.25,0,1.03094,0.142857,1
10366,95911,46,26,3967,0,3,0,0.25,0,1.03501,0.142857,1
10367,95909,46,22,3975,0,8,1,0.25,0,1.0201,0.142857,1
10368,95906,44,24,3979,0,4,1,0.25,0,1.02319,0.142857,1
10369,95899,38,27,3984,0,5,3,0.25,0,1.01783,0.142857,1
10370,95895,36,28,3989,0,5,0,0.25,0,1.01737,0.142857,1
10371,95890,33,34,3992,0,3,1,0.25,0,1.00603,0.142857,1
10372,95886,35,31,3999,0,7,0,0.25,0,1.0185,0.142857,1
10373,95875,40,30,4005,0,6,3,0.25,0,1.00834,0.142857,1
10374,95877,40,24,4013,0,8,1,0.25,0,1.00332,0.142857,1
10375,95870,43,20,4019,0,6,3,0.25,0,1.00495,0.142857,1
10376,95865,43,20,4023,0,4,2,0.25,0,1.00404,0.142857,1
10377,95861,45,20,4028,0,5,0,0.25,0,1.00735,0.142857,1
10378,95858,44,20,4032,0,4,0,0.25,0,1.02976,0.142857,1
10379,95855,48,18,4034,0,2,1,0.25,0,1.02928,0.142857,1
10380,95851,47,21,4036,0,2,0,0.25,0,1.04664,0.142857,1
10381,95847,45,23,4040,0,4,2,0.25,0,1.04418,0.142857,1
10382,95838,47,23,4047,0,7,1,0.25,0,1.03939,0.142857,1
10383,95829,46,24,4052,0,5,0,0.25,0,1.0393,0.142857,1
10384,95814,48,26,4057,0,5,0,0.25,0,1.03911,0.142857,1
10385,95810,47,25,4063,0,6,0,0.25,0,1.04514,0.142857,1
10386,95803,48,25,4068,0,5,1,0.25,0,1.04484,0.142857,1
10387,95797,50,24,4071,0,4,0,0.25,0,1.04431,0.142857,1
10388,95788,51,27,4074,0,3,0,0.25,0,1.05543,0.142857,1
10389,95780,47,32,4078,0,4,0,0.25,0,1.07347,0.142857,1
10390,95768,49,34,4087,0,9,2,0.25,0,1.07809,0.142857,1
10391,95763,48,31,4096,0,10,0,0.25,0,1.08244,0.142857,1
10392,95760,54,26,4104,0,8,1,0.25,0,1.08631,0.142857,1
10393,95759,55,26,4110,0,6,0,0.25,0,1.07398,0.142857,1
10394,95756,47,28,4119,0,9,3,0.25,0,1.07135,0.142857,1
10395,95747,49,33,4124,0,5,1,0.25,0,1.07695,0.142857,1
10396,95739,50,31,4132,0,8,1,0.25,0,1.08372,0.142857,1
10397,95728,51,32,4136,0,5,0,0.25,0,1.07579,0.142857,1
10398,95721,50,31,4145,0,9,1,0.25,0,1.07742,0.142857,1
10399,95717,52,27,4154,0,9,1,0.25,0,1.09044,0.142857,1
10400,95717,48,31,4159,0,5,0,0.25,0,1.10448,0.142857,1
10401,95708,45,33,4165,0,6,0,0.25,0,1.09246,0.142857,1
10402,95703,46,27,4175,0,10,1,0.25,0,1.08177,0.142857,1
10403,95696,44,29,4180,0,5,0,0.25,0,1.08679,0.142857,1
10404,95695,41,26,4189,0,10,2,0.25,0,1.10242,0.142857,1
10405,95695,38,30,4192,0,3,0,0.25,0,1.1035,0.142857,1
10406,95690,36,28,4200,0,8,4,0.25,0,1.10593,0.142857,1
10407,95688,38,25,4204,0,4,1,0.25,0,1.10215,0.142857,1
10408,95686,44,22,4207,0,3,1,0.25,0,1.0914,0.142857,1
10409,95680,49,23,4210,0,4,2,0.25,0,1.09702,0.142857,1
10410,95673,43,23,4217,0,7,6,0.25,0,1.11052,0.142857,1
10411,95670,43,19,4224,0,7,0,0.25,0,1.12319,0.142857,1
10412,95669,43,18,4226,0,2,0,0.25,0,1.136,0.142857,1
10413,95660,47,18,4230,0,4,6,0.25,0,1.13412,0.142857,1
10414,95648,41,26,4234,0,4,0,0.25,0,1.12965,0.142857,1
10415,95644,43,26,4239,0,5,0,0.25,0,1.14756,0.142857,1
10416,95638,45,24,4244,0,5,0,0.25,0,1.154,0.142857,1
10417,95631,49,25,4246,0,2,2,0.25,0,1.15977,0.142857,1
10418,95618,53,25,4251,0,5,1,0.25,0,1.16821,0.142857,1
10419,95616,49,24,4257,0,6,0,0.25,0,1.18145,0.142857,1
10420,95610,48,25,4263,0,6,0,0.25,0,1.18302,0.142857,1
10421,95605,48,25,4269,0,6,1,0.25,0,1.19038,0.142857,1
10422,95598,51,28,4272,0,4,2,0.25,0,1.19765,0.142857,1
10423,95591,52,24,4281,0,9,2,0.25,0,1.20131,0.142857,1
10424,95583,55,28,4282,0,1,0,0.25,0,1.18474,0.142857,1
10425,95570,63,30,4285,0,3,0,0.25,0,1.17792,0.142857,1
10426,95569,62,32,4290,0,5,0,0.25,0,1.15046,0.142857,1
10427,95562,64,32,4297,0,7,1,0.25,0,1.15454,0.142857,1
10428,95553,62,34,4306,0,9,1,0.25,0,1.14965,0.142857,1
10429,95550,56,36,4314,0,8,4,0.25,0,1.1729,0.142857,1
10430,95540,55,38,4320,0,7,0,0.25,0,1.1667,0.142857,1
10431,95531,57,38,4329,0,9,0,0.25,0,1.16849,0.142857,1
10432,95524,61,38,4335,0,6,0,0.25,0,1.17042,0.142857,1
10433,95514,67,37,4341,0,7,7,0.25,0,1.18313,0.142857,1
10434,95506,65,40,4346,0,6,2,0.25,0,1.18388,0.142857,1
10435,95504,67,38,4355,0,9,0,0.25,0,1.18413,0.142857,1
10436,95503,66,38,4363,0,8,3,0.25,0,1.18844,0.142857,1
10437,95500,65,38,4370,0,7,3,0.25,0,1.18511,0.142857,1
10438,95496,62,37,4378,0,9,2,0.25,0,1.17346,0.142857,1
10439,95489,59,34,4390,0,12,0,0.25,0,1.17945,0.142857,1
10440,95478,65,30,4400,0,10,6,0.25,0,1.1857,0.142857,1
10441,95477,63,32,4403,0,4,1,0.25,0,1.187,0.142857,1
10442,95472,63,26,4410,0,7,2,0.25,0,1.18631,0.142857,1
10443,95463,58,32,4414,0,4,0,0.25,0,1.1902,0.142857,1
10444,95454,62,29,4420,0,7,2,0.25,0,1.19192,0.142857,1
10445,95442,66,29,4427,0,7,0,0.25,0,1.18375,0.142857,1
10446,95440,64,30,4435,0,9,4,0.25,0,1.1986,0.142857,1
10447,95437,59,31,4441,0,7,1,0.25,0,1.19977,0.142857,1
10448,95440,59,28,4446,0,6,0,0.25,0,1.20475,0.142857,1
10449,95434,56,31,4450,0,5,0,0.25,0,1.1844,0.142857,1
10450,95425,58,26,4459,0,9,2,0.25,0,1.18522,0.142857,1
10451,95415,55,33,4463,0,5,0,0.25,0,1.17949,0.142857,1
10452,95404,57,34,4468,0,5,2,0.25,0,1.18239,0.142857,1
10453,95398,60,34,4472,0,4,0,0.25,0,1.19512,0.142857,1
10454,95385,62,32,4481,0,9,0,0.25,0,1.19792,0.142857,1
10455,95380,55,36,4489,0,9,1,0.25,0,1.17629,0.142857,1
10456,95376,54,31,4497,0,10,5,0.25,0,1.18069,0.142857,1
10457,95367,56,33,4502,0,6,2,0.25,0,1.17002,0.142857,1
10458,95358,57,32,4510,0,8,2,0.25,0,1.16905,0.142857,1
10459,95355,54,38,4515,0,5,1,0.25,0,1.16649,0.142857,1
10460,95338,61,42,4519,0,4,1,0.25,0,1.16961,0.142857,1
10461,95323,65,41,4527,0,8,6,0.25,0,1.16885,0.142857,1
10462,95316,62,48,4529,0,4,0,0.25,0,1.17045,0.142857,1
10463,95296,67,43,4540,0,11,0,0.25,0,1.17035,0.142857,1
10464,95285,68,45,4546,0,6,0,0.25,0,1.17446,0.142857,1
10465,95280,62,47,4556,0,11,0,0.25,0,1.17053,0.142857,1
10466,95275,65,40,4565,0,10,1,0.25,0,1.1796,0.142857,1
10467,95272,60,42,4573,0,8,7,0.25,0,1.18911,0.142857,1
10468,95268,60,40,4581,0,8,2,0.25,0,1.18733,0.142857,1
10469,95263,52,40,4593,0,12,6,0.25,0,1.19408,0.142857,1
10470,95248,57,42,4600,0,7,1,0.25,0,1.19501,0.142857,1
10471,95238,56,41,4609,0,9,7,0.25,0,1.19475,0.142857,1
10472,95227,61,42,4615,0,6,1,0.25,0,1.21166,0.142857,1
10473,95216,68,42,4619,0,4,0,0.25,0,1.2026,0.142857,1
10474,95208,68,41,4627,0,9,0,0.25,0,1.21207,0.142857,1
10475,95196,69,38,4636,0,9,2,0.25,0,1.2111,0.142857,1
10476,95181,72,42,4643,0,7,0,0.25,0,1.21606,0.142857,1
10477,95174,68,42,4654,0,11,2,0.25,0,1.21967,0.142857,1
10478,95155,73,43,4664,0,10,0,0.25,0,1.22655,0.142857,1
10479,95150,71,43,4673,0,9,1,0.25,0,1.22948,0.142857,1
10480,95139,71,44,4681,0,8,1,0.25,0,1.23356,0.142857,1
10481,95126,75,42,4692,0,11,0,0.25,0,1.2358,0.142857,1
10482,95118,80,38,4702,0,10,0,0.25,0,1.24637,0.142857,1
10483,95106,80,38,4709,0,9,0,0.25,0,1.24402,0.142857,1
10484,95092,84,43,4716,0,7,0,0.25,0,1.2548,0.142857,1
10485,95085,80,46,4726,0,10,1,0.25,0,1.23021,0.142857,1
10486,95082,80,48,4733,0,7,1,0.25,0,1.22681,0.142857,1
10487,95077,86,44,4742,0,9,0,0.25,0,1.22195,0.142857,1
10488,95064,89,42,4753,0,11,2,0.25,0,1.21886,0.142857,1
10489,95048,96,40,4760,0,7,3,0.25,0,1.22184,0.142857,1
10490,95038,93,43,4770,0,11,1,0.25,0,1.20423,0.142857,1
10491,95033,87,46,4778,0,9,0,0.25,0,1.19804,0.142857,1
10492,95022,97,43,4786,0,8,0,0.25,0,1.1945,0.142857,1
10493,95019,85,45,4799,0,13,1,0.25,0,1.19111,0.142857,1
10494,95011,84,49,4808,0,9,2,0.25,0,1.19498,0.142857,1
10495,95005,78,50,4822,0,14,1,0.25,0,1.18502,0.142857,1
10496,94996,83,38,4838,0,17,0,0.25,0,1.17285,0.142857,1
10497,94987,87,34,4847,0,9,2,0.25,0,1.17548,0.142857,1
10498,94976,83,42,4852,0,5,0,0.25,0,1.18695,0.142857,1
10499,94970,78,45,4859,0,7,2,0.25,0,1.19715,0.142857,1
10500,94960,78,41,4870,0,11,1,0.25,0,1.20927,0.142857,1
10501,94951,80,44,4875,0,5,0,0.25,0,1.20133,0.142857,1
10502,94943,79,45,4885,0,10,1,0.25,0,1.19186,0.142857,1
10503,94927,82,46,4894,0,9,1,0.25,0,1.20303,0.142857,1
10504,94919,87,47,4896,0,2,2,0.25,0,1.1918,0.142857,1
10505,94907,89,50,4905,0,10,6,0.25,0,1.19218,0.142857,1
10506,94894,87,53,4916,0,11,1,0.25,0,1.19217,0.142857,1
10507,94885,83,60,4924,0,8,2,0.25,0,1.20518,0.142857,1
10508,94868,95,58,4934,0,10,2,0.25,0,1.20891,0.142857,1
10509,94852,97,59,4943,0,9,1,0.25,0,1.18548,0.142857,1
10510,94847,93,52,4957,0,14,0,0.25,0,1.18558,0.142857,1
10511,94838,88,55,4967,0,10,2,0.25,0,1.19382,0.142857,1
10512,94829,86,58,4976,0,9,0,0.25,0,1.18469,0.142857,1
10513,94818,81,58,4988,0,13,3,0.25,0,1.18018,0.142857,1
10514,94801,83,59,5000,0,12,1,0.25,0,1.1773,0.142857,1
10515,94788,87,55,5010,0,10,5,0.25,0,1.17033,0.142857,1
10516,94782,79,60,5021,0,11,3,0.25,0,1.16105,0.142857,1
10517,94760,87,58,5034,0,13,0,0.25,0,1.15091,0.142857,1
10518,94739,95,64,5038,0,5,0,0.25,0,1.15711,0.142857,1
10519,94722,101,60,5052,0,14,5,0.25,0,1.1579,0.142857,1
10520,94704,109,62,5059,0,7,0,0.25,0,1.16136,0.142857,1
10521,94691,104,71,5068,0,9,14,0.25,0,1.16495,0.142857,1
10522,94679,100,73,5083,0,15,1,0.25,0,1.16547,0.142857,1
10523,94667,102,69,5097,0,14,6,0.25,0,1.16381,0.142857,1
10524,94657,101,68,5110,0,13,0,0.25,0,1.15356,0.142857,1
10525,94640,107,60,5126,0,16,0,0.25,0,1.15721,0.142857,1
10526,94624,116,61,5134,0,8,0,0.25,0,1.1574,0.142857,1
10527,94603,109,76,5145,0,11,1,0.25,0,1.16207,0.142857,1
10528,94576,116,75,5160,0,15,0,0.25,0,1.15247,0.142857,1
10529,94553,120,76,5172,0,12,1,0.25,0,1.15718,0.142857,1
10530,94540,125,78,5181,0,10,2,0.25,0,1.15118,0.142857,1
10531,94528,119,78,5197,0,16,4,0.25,0,1.1415,0.142857,1
10532,94508,125,70,5216,0,19,1,0.25,0,1.14721,0.142857,1
10533,94494,128,71,5227,0,11,1,0.25,0,1.15024,0.142857,1
10534,94474,133,66,5246,0,20,3,0.25,0,1.16255,0.142857,1
10535,94462,128,68,5262,0,16,6,0.25,0,1.17272,0.142857,1
10536,94448,117,78,5275,0,14,5,0.25,0,1.16618,0.142857,1
10537,94429,121,75,5290,0,15,0,0.25,0,1.16086,0.142857,1
10538,94413,124,75,5304,0,16,4,0.25,0,1.17125,0.142857,1
10539,94399,121,77,5317,0,13,7,0.25,0,1.17515,0.142857,1
10540,94381,121,76,5334,0,17,4,0.25,0,1.1775,0.142857,1
10541,94359,132,72,5351,0,17,2,0.25,0,1.17211,0.142857,1
10542,94340,141,73,5364,0,13,2,0.25,0,1.18098,0.142857,1
10543,94321,145,80,5376,0,12,1,0.25,0,1.17784,0.142857,1
10544,94297,150,82,5390,0,14,3,0.25,0,1.16391,0.142857,1
10545,94282,147,80,5409,0,19,2,0.25,0,1.15962,0.142857,1
10546,94266,147,84,5419,0,11,3,0.25,0,1.15913,0.142857,1
10547,94249,143,85,5437,0,18,10,0.25,0,1.173,0.142857,1
10548,94231,150,80,5453,0,16,0,0.25,0,1.1824,0.142857,1
10549,94215,143,79,5475,0,23,3,0.25,0,1.18385,0.142857,1
10550,94191,146,78,5494,0,20,5,0.25,0,1.18498,0.142857,1
10551,94174,151,75,5510,0,16,4,0.25,0,1.18744,0.142857,1
10552,94153,152,81,5526,0,16,3,0.25,0,1.18539,0.142857,1
10553,94133,160,77,5541,0,17,0,0.25,0,1.18841,0.142857,1
10554,94108,159,84,5554,0,14,5,0.25,0,1.18171,0.142857,1
10555,94094,153,84,5571,0,18,2,0.25,0,1.18019,0.142857,1
10556,94081,145,88,5590,0,19,5,0.25,0,1.17935,0.142857,1
10557,94068,139,90,5609,0,19,1,0.25,0,1.18329,0.142857,1
10558,94040,150,83,5633,0,24,5,0.25,0,1.17353,0.142857,1
10559,94027,145,84,5655,0,22,0,0.25,0,1.1724,0.142857,1
10560,94001,152,82,5674,0,19,0,0.25,0,1.17527,0.142857,1
10561,93975,161,82,5691,0,18,3,0.25,0,1.17008,0.142857,1
10562,93960,170,79,5702,0,11,2,0.25,0,1.17299,0.142857,1
10563,93952,156,85,5719,0,17,6,0.25,0,1.16917,0.142857,1
10564,93947,142,90,5734,0,15,3,0.25,0,1.1779,0.142857,1
10565,93923,147,86,5752,0,20,7,0.25,0,1.17223,0.142857,1
10566,93903,152,95,5760,0,8,0,0.25,0,1.16725,0.142857,1
10567,93877,162,91,5777,0,17,2,0.25,0,1.16519,0.142857,1
10568,93864,160,88,5797,0,20,6,0.25,0,1.166,0.142857,1
10569,93847,170,83,5813,0,16,1,0.25,0,1.17294,0.142857,1
10570,93830,172,80,5831,0,18,0,0.25,0,1.1696,0.142857,1
10571,93816,169,76,5853,0,22,0,0.25,0,1.16405,0.142857,1
10572,93812,156,73,5875,0,22,7,0.25,0,1.16815,0.142857,1
10573,93796,157,73,5889,0,15,3,0.25,0,1.1565,0.142857,1
10574,93786,156,71,5903,0,14,0,0.25,0,1.16214,0.142857,1
10575,93774,150,77,5914,0,11,4,0.25,0,1.16468,0.142857,1
10576,93746,156,83,5927,0,14,1,0.25,0,1.15438,0.142857,1
10577,93715,156,94,5943,0,16,2,0.25,0,1.15615,0.142857,1
10578,93692,157,94,5965,0,22,1,0.25,0,1.16491,0.142857,1
10579,93667,162,100,5980,0,16,4,0.25,0,1.17606,0.142857,1
10580,93640,173,96,6001,0,21,1,0.25,0,1.16402,0.142857,1
10581,93622,171,96,6020,0,20,0,0.25,0,1.14584,0.142857,1
10582,93598,170,102,6039,0,19,4,0.25,0,1.14704,0.142857,1
10583,93570,177,104,6057,0,18,2,0.25,0,1.13428,0.142857,1
10584,93547,171,116,6073,0,16,2,0.25,0,1.12598,0.142857,1
10585,93523,168,118,6097,0,24,1,0.25,0,1.11949,0.142857,1
10586,93496,176,113,6123,0,27,10,0.25,0,1.11718,0.142857,1
10587,93468,181,106,6153,0,30,0,0.25,0,1.1108,0.142857,1
10588,93451,177,105,6177,0,24,19,0.25,0,1.1184,0.142857,1
10589,93429,178,106,6195,0,19,0,0.25,0,1.11487,0.142857,1
10590,93405,175,110,6218,0,23,9,0.25,0,1.11412,0.142857,1
10591,93372,186,115,6232,0,16,0,0.25,0,1.11401,0.142857,1
10592,93346,186,119,6253,0,22,3,0.25,0,1.11056,0.142857,1
10593,93315,194,122,6273,0,20,6,0.25,0,1.11369,0.142857,1
10594,93291,191,126,6299,0,26,0,0.25,0,1.1102,0.142857,1
10595,93268,198,120,6324,0,26,4,0.25,0,1.11823,0.142857,1
10596,93242,201,123,6341,0,18,8,0.25,0,1.11397,0.142857,1
10597,93217,193,139,6359,0,18,0,0.25,0,1.12003,0.142857,1
10598,93188,191,137,6388,0,29,7,0.25,0,1.12717,0.142857,1
10599,93151,210,126,6415,0,27,3,0.25,0,1.1347,0.142857,1
10600,93136,199,124,6444,0,29,3,0.25,0,1.1367,0.142857,1
10601,93109,201,127,6464,0,21,2,0.25,0,1.1492,0.142857,1
10602,93088,193,132,6485,0,21,3,0.25,0,1.13535,0.142857,1
10603,93055,210,130,6506,0,21,3,0.25,0,1.14422,0.142857,1
10604,93021,213,144,6525,0,20,7,0.25,0,1.15657,0.142857,1
10605,92979,224,148,6552,0,27,13,0.25,0,1.15219,0.142857,1
10606,92947,233,147,6574,0,22,1,0.25,0,1.15679,0.142857,1
10607,92912,235,147,6605,0,31,2,0.25,0,1.14849,0.142857,1
10608,92875,241,152,6630,0,25,0,0.25,0,1.14105,0.142857,1
10609,92848,232,161,6661,0,32,2,0.25,0,1.14022,0.142857,1
10610,92812,237,158,6692,0,32,1,0.25,0,1.16102,0.142857,1
10611,92776,252,147,6726,0,34,2,0.25,0,1.16619,0.142857,1
10612,92752,241,161,6748,0,22,9,0.25,0,1.16366,0.142857,1
10613,92712,249,164,6774,0,27,0,0.25,0,1.16038,0.142857,1
10614,92678,243,162,6809,0,35,11,0.25,0,1.16448,0.142857,1
10615,92640,262,156,6836,0,27,12,0.25,0,1.15347,0.142857,1
10616,92607,261,161,6865,0,29,13,0.25,0,1.15247,0.142857,1
10617,92569,257,171,6899,0,34,3,0.25,0,1.1544,0.142857,1
10618,92513,277,166,6936,0,37,10,0.25,0,1.16457,0.142857,1
10619,92470,287,157,6975,0,40,4,0.25,0,1.16757,0.142857,1
10620,92436,282,169,7003,0,28,5,0.25,0,1.16268,0.142857,1
10621,92395,287,176,7036,0,34,2,0.25,0,1.17112,0.142857,1
10622,92354,284,188,7066,0,30,2,0.25,0,1.17341,0.142857,1
10623,92301,294,194,7101,0,36,1,0.25,0,1.18373,0.142857,1
10624,92266,300,169,7158,0,57,6,0.25,0,1.18156,0.142857,1
10625,92226,307,175,7180,0,22,4,0.25,0,1.19063,0.142857,1
10626,92200,299,175,7219,0,39,9,0.25,0,1.18313,0.142857,1
10627,92150,306,179,7255,0,37,7,0.25,0,1.18388,0.142857,1
10628,92110,321,174,7289,0,34,12,0.25,0,1.17853,0.142857,1
10629,92061,326,178,7326,0,38,29,0.25,0,1.19937,0.142857,1
10630,92028,313,191,7361,0,36,7,0.25,0,1.21034,0.142857,1
10631,91974,332,191,7395,0,34,6,0.25,0,1.22143,0.142857,1
10632,91938,326,195,7431,0,37,39,0.25,0,1.21816,0.142857,1
10633,91889,337,191,7469,0,38,12,0.25,0,1.2058,0.142857,1
10634,91835,354,193,7501,0,32,0,0.25,0,1.21115,0.142857,1
10635,91794,356,196,7533,0,33,15,0.25,0,1.20971,0.142857,1
10636,91747,349,206,7574,0,41,3,0.25,0,1.21959,0.142857,1
10637,91716,350,190,7623,0,50,10,0.25,0,1.23071,0.142857,1
10638,91684,337,196,7665,0,42,10,0.25,0,1.2327,0.142857,1
10639,91636,342,187,7717,0,52,1,0.25,0,1.23691,0.142857,1
10640,91599,330,205,7748,0,33,4,0.25,0,1.2283,0.142857,1
10641,91562,326,203,7790,0,44,6,0.25,0,1.22336,0.142857,1
10642,91521,321,205,7833,0,43,14,0.25,0,1.21719,0.142857,1
10643,91468,340,201,7869,0,36,4,0.25,0,1.21631,0.142857,1
10644,91431,330,210,7905,0,36,4,0.25,0,1.23095,0.142857,1
10645,91397,325,212,7947,0,43,2,0.25,0,1.22647,0.142857,1
10646,91357,324,215,7986,0,39,0,0.25,0,1.21631,0.142857,1
10647,91304,321,224,8029,0,43,5,0.25,0,1.2099,0.142857,1
10648,91261,331,212,8076,0,47,2,0.25,0,1.20596,0.142857,1
10649,91203,346,219,8112,0,36,25,0.25,0,1.20986,0.142857,1
10650,91151,362,219,8149,0,37,0,0.25,0,1.20353,0.142857,1
10651,91104,364,211,8202,0,53,17,0.25,0,1.20716,0.142857,1
10652,91062,352,212,8255,0,53,21,0.25,0,1.20251,0.142857,1
10653,91024,344,219,8295,0,41,33,0.25,0,1.20065,0.142857,1
10654,90992,335,216,8344,0,49,4,0.25,0,1.19408,0.142857,1
10655,90950,341,204,8390,0,48,20,0.25,0,1.19687,0.142857,1
10656,90907,340,206,8432,0,42,14,0.25,0,1.19737,0.142857,1
10657,90863,350,200,8475,0,43,7,0.25,0,1.18791,0.142857,1
10658,90807,352,218,8510,0,35,15,0.25,0,1.18177,0.142857,1
10659,90761,354,216,8556,0,46,2,0.25,0,1.19258,0.142857,1
10660,90718,337,225,8605,0,49,15,0.25,0,1.20962,0.142857,1
10661,90665,335,226,8654,0,49,12,0.25,0,1.21186,0.142857,1
10662,90615,351,219,8700,0,46,6,0.25,0,1.19925,0.142857,1
10663,90568,363,213,8744,0,44,25,0.25,0,1.19924,0.142857,1
10664,90516,368,219,8784,0,40,0,0.25,0,1.17578,0.142857,1
10665,90477,344,233,8833,0,49,9,0.25,0,1.17633,0.142857,1
10666,90421,364,237,8866,0,33,7,0.25,0,1.15692,0.142857,1
10667,90377,355,249,8906,0,40,4,0.25,0,1.16113,0.142857,1
10668,90318,375,235,8958,0,52,10,0.25,0,1.14516,0.142857,1
10669,90261,393,223,9005,0,48,11,0.25,0,1.14205,0.142857,1
10670,90221,379,248,9035,0,31,1,0.25,0,1.14643,0.142857,1
10671,90160,380,260,9084,0,49,8,0.25,0,1.128,0.142857,1
10672,90114,377,260,9138,0,54,45,0.25,0,1.14657,0.142857,1
10673,90064,384,255,9186,0,48,8,0.25,0,1.15186,0.142857,1
10674,90020,381,250,9236,0,50,15,0.25,0,1.14713,0.142857,1
10675,89978,372,252,9283,0,47,0,0.25,0,1.14495,0.142857,1
10676,89932,370,257,9326,0,43,17,0.25,0,1.13868,0.142857,1
10677,89885,363,255,9383,0,57,17,0.25,0,1.13599,0.142857,1
10678,89843,374,241,9431,0,49,2,0.25,0,1.14065,0.142857,1
10679,89805,373,226,9486,0,57,3,0.25,0,1.14404,0.142857,1
10680,89753,366,240,9526,0,40,18,0.25,0,1.13082,0.142857,1
10681,89705,355,238,9586,0,60,9,0.25,0,1.13884,0.142857,1
10682,89647,372,236,9631,0,45,11,0.25,0,1.14137,0.142857,1
10683,89606,368,247,9663,0,34,18,0.25,0,1.12724,0.142857,1
10684,89559,375,233,9713,0,50,24,0.25,0,1.129,0.142857,1
10685,89521,382,222,9757,0,44,0,0.25,0,1.11976,0.142857,1
10686,89477,380,226,9798,0,41,0,0.25,0,1.13962,0.142857,1
10687,89419,401,214,9847,0,49,0,0.25,0,1.12527,0.142857,1
10688,89377,400,213,9889,0,42,2,0.25,0,1.11856,0.142857,1
10689,89329,409,212,9936,0,47,1,0.25,0,1.12451,0.142857,1
10690,89298,394,214,9983,0,47,4,0.25,0,1.12444,0.142857,1
10691,89247,395,231,10017,0,34,2,0.25,0,1.12929,0.142857,1
10692,89199,393,243,10059,0,42,5,0.25,0,1.14044,0.142857,1
10693,89139,405,247,10105,0,46,3,0.25,0,1.13461,0.142857,1
10694,89092,408,236,10159,0,54,1,0.25,0,1.13494,0.142857,1
10695,89040,416,235,10203,0,45,18,0.25,0,1.13059,0.142857,1
10696,89002,412,228,10254,0,51,16,0.25,0,1.12469,0.142857,1
10697,88961,418,224,10296,0,42,13,0.25,0,1.12378,0.142857,1
10698,88912,423,215,10348,0,52,8,0.25,0,1.10866,0.142857,1
10699,88870,401,239,10389,0,41,0,0.25,0,1.11002,0.142857,1
10700,88830,388,243,10436,0,47,9,0.25,0,1.11376,0.142857,1
10701,88796,371,240,10490,0,54,26,0.25,0,1.10411,0.142857,1
10702,88743,369,257,10529,0,41,8,0.25,0,1.12422,0.142857,1
10703,88707,365,253,10580,0,51,18,0.25,0,1.13114,0.142857,1
10704,88659,367,252,10629,0,49,32,0.25,0,1.13525,0.142857,1
10705,88615,371,236,10687,0,58,29,0.25,0,1.15245,0.142857,1
10706,88570,379,235,10725,0,38,1,0.25,0,1.17056,0.142857,1
10707,88509,381,240,10776,0,52,18,0.25,0,1.16311,0.142857,1
10708,88456,389,234,10826,0,50,1,0.25,0,1.17855,0.142857,1
10709,88415,380,239,10872,0,46,0,0.25,0,1.16393,0.142857,1
10710,88366,384,237,10919,0,47,3,0.25,0,1.17597,0.142857,1
10711,88321,389,234,10967,0,48,22,0.25,0,1.17268,0.142857,1
10712,88272,392,236,11011,0,45,15,0.25,0,1.16911,0.142857,1
10713,88228,392,231,11059,0,49,7,0.25,0,1.17191,0.142857,1
10714,88189,388,231,11103,0,44,8,0.25,0,1.17646,0.142857,1
10715,88132,409,237,11136,0,34,10,0.25,0,1.16794,0.142857,1
10716,88078,403,255,11177,0,41,6,0.25,0,1.17763,0.142857,1
10717,88034,397,262,11225,0,48,23,0.25,0,1.18557,0.142857,1
10718,87985,384,265,11283,0,59,1,0.25,0,1.19749,0.142857,1
10719,87942,368,277,11335,0,52,0,0.25,0,1.19302,0.142857,1
10720,87885,379,269,11390,0,55,1,0.25,0,1.19906,0.142857,1
10721,87826,401,255,11440,0,51,7,0.25,0,1.20066,0.142857,1
10722,87777,409,254,11484,0,45,39,0.25,0,1.19669,0.142857,1
10723,87732,408,244,11543,0,59,22,0.25,0,1.20129,0.142857,1
10724,87674,409,249,11596,0,53,22,0.25,0,1.2085,0.142857,1
10725,87627,405,248,11648,0,52,9,0.25,0,1.20768,0.142857,1
10726,87590,399,252,11691,0,43,22,0.25,0,1.21088,0.142857,1
10727,87536,408,239,11746,0,55,6,0.25,0,1.21588,0.142857,1
10728,87489,404,243,11794,0,48,36,0.25,0,1.20708,0.142857,1
10729,87452,396,250,11833,0,40,12,0.25,0,1.21514,0.142857,1
10730,87408,387,259,11876,0,44,29,0.25,0,1.20862,0.142857,1
10731,87374,372,248,11938,0,64,22,0.25,0,1.20264,0.142857,1
10732,87315,383,248,11989,0,52,35,0.25,0,1.19785,0.142857,1
10733,87269,371,260,12034,0,46,7,0.25,0,1.19278,0.142857,1
10734,87219,377,250,12088,0,55,42,0.25,0,1.19746,0.142857,1
10735,87176,379,245,12136,0,48,42,0.25,0,1.19697,0.142857,1
10736,87133,378,234,12191,0,55,17,0.25,0,1.18396,0.142857,1
10737,87094,382,237,12229,0,39,4,0.25,0,1.17147,0.142857,1
10738,87052,374,235,12278,0,49,0,0.25,0,1.15974,0.142857,1
10739,87004,386,228,12327,0,50,0,0.25,0,1.16717,0.142857,1
10740,86960,387,214,12383,0,56,20,0.25,0,1.17078,0.142857,1
10741,86922,384,207,12430,0,48,9,0.25,0,1.16225,0.142857,1
10742,86877,389,208,12469,0,40,10,0.25,0,1.17926,0.142857,1
10743,86825,399,204,12515,0,46,11,0.25,0,1.17266,0.142857,1
10744,86774,391,209,12567,0,52,20,0.25,0,1.18241,0.142857,1
10745,86732,375,233,12607,0,40,8,0.25,0,1.17617,0.142857,1
10746,86672,386,228,12659,0,52,3,0.25,0,1.18449,0.142857,1
10747,86629,379,233,12706,0,47,4,0.25,0,1.1869,0.142857,1
10748,86577,386,230,12754,0,50,22,0.25,0,1.18627,0.142857,1
10749,86533,389,224,12801,0,47,1,0.25,0,1.18772,0.142857,1
10750,86492,393,226,12843,0,42,5,0.25,0,1.21414,0.142857,1
10751,86450,396,212,12897,0,55,20,0.25,0,1.22558,0.142857,1
10752,86407,377,228,12943,0,46,13,0.25,0,1.23963,0.142857,1
10753,86357,376,235,12984,0,41,22,0.25,0,1.2442,0.142857,1
10754,86315,368,241,13027,0,44,25,0.25,0,1.22927,0.142857,1
10755,86261,377,234,13079,0,52,2,0.25,0,1.22836,0.142857,1
10756,86210,385,216,13136,0,58,58,0.25,0,1.22359,0.142857,1
10757,86162,393,216,13179,0,43,16,0.25,0,1.21559,0.142857,1
10758,86122,373,231,13224,0,46,21,0.25,0,1.2082,0.142857,1
10759,86072,382,217,13279,0,56,18,0.25,0,1.22691,0.142857,1
10760,86027,373,229,13321,0,42,8,0.25,0,1.22407,0.142857,1
10761,85966,377,245,13361,0,40,19,0.25,0,1.22214,0.142857,1
10762,85920,381,230,13418,0,58,6,0.25,0,1.21703,0.142857,1
10763,85873,382,236,13458,0,40,22,0.25,0,1.22492,0.142857,1
10764,85828,375,235,13508,0,51,6,0.25,0,1.21988,0.142857,1
10765,85771,389,229,13558,0,51,31,0.25,0,1.21618,0.142857,1
10766,85713,393,239,13603,0,45,0,0.25,0,1.20749,0.142857,1
10767,85656,394,247,13649,0,46,4,0.25,0,1.19772,0.142857,1
10768,85600,398,244,13705,0,57,11,0.25,0,1.18835,0.142857,1
10769,85541,398,259,13747,0,42,6,0.25,0,1.19035,0.142857,1
10770,85498,373,281,13792,0,46,69,0.25,0,1.20132,0.142857,1
10771,85456,366,284,13842,0,50,11,0.25,0,1.18721,0.142857,1
10772,85402,376,271,13900,0,58,5,0.25,0,1.19586,0.142857,1
10773,85330,385,277,13955,0,55,37,0.25,0,1.20326,0.142857,1
10774,85272,389,283,14003,0,49,46,0.25,0,1.20035,0.142857,1
10775,85208,409,270,14060,0,58,10,0.25,0,1.20307,0.142857,1
10776,85149,411,260,14124,0,65,47,0.25,0,1.20622,0.142857,1
10777,85078,423,272,14171,0,48,46,0.25,0,1.21112,0.142857,1
10778,85014,432,266,14234,0,64,11,0.25,0,1.2035,0.142857,1
10779,84964,428,273,14282,0,48,26,0.25,0,1.21158,0.142857,1
10780,84921,418,275,14335,0,53,69,0.25,0,1.22454,0.142857,1
10781,84862,422,291,14375,0,40,22,0.25,0,1.23634,0.142857,1
10782,84809,420,287,14433,0,58,8,0.25,0,1.23887,0.142857,1
10783,84738,437,286,14484,0,51,23,0.25,0,1.23901,0.142857,1
10784,84661,467,291,14528,0,44,5,0.25,0,1.24665,0.142857,1
10785,84605,456,297,14586,0,59,6,0.25,0,1.25157,0.142857,1
10786,84542,469,286,14646,0,61,5,0.25,0,1.2477,0.142857,1
10787,84460,490,285,14704,0,60,11,0.25,0,1.23235,0.142857,1
10788,84394,492,282,14771,0,67,35,0.25,0,1.22365,0.142857,1
10789,84329,488,295,14828,0,58,37,0.25,0,1.2399,0.142857,1
10790,84275,489,290,14891,0,63,33,0.25,0,1.25738,0.142857,1
10791,84201,488,312,14944,0,53,2,0.25,0,1.26077,0.142857,1
10792,84124,498,316,15004,0,62,19,0.25,0,1.2454,0.142857,1
10793,84058,494,302,15085,0,82,10,0.25,0,1.24113,0.142857,1
10794,83992,489,312,15140,0,57,19,0.25,0,1.23513,0.142857,1
10795,83924,492,314,15199,0,59,8,0.25,0,1.23886,0.142857,1
10796,83839,496,342,15253,0,54,2,0.25,0,1.2578,0.142857,1
10797,83772,500,335,15320,0,68,35,0.25,0,1.26569,0.142857,1
10798,83693,517,329,15387,0,69,26,0.25,0,1.2678,0.142857,1
10799,83628,510,336,15449,0,62,58,0.25,0,1.27425,0.142857,1
10800,83547,530,343,15501,0,53,22,0.25,0,1.27316,0.142857,1
10801,83469,542,347,15565,0,66,39,0.25,0,1.2771,0.142857,1
10802,83402,542,346,15635,0,71,23,0.25,0,1.27793,0.142857,1
10803,83311,566,333,15709,0,74,19,0.25,0,1.27759,0.142857,1
10804,83246,550,343,15779,0,70,12,0.25,0,1.2784,0.142857,1
10805,83181,545,340,15850,0,71,10,0.25,0,1.28038,0.142857,1
10806,83106,563,342,15904,0,56,7,0.25,0,1.28106,0.142857,1
10807,83052,557,325,15984,0,80,43,0.25,0,1.26813,0.142857,1
10808,82988,541,349,16043,0,59,19,0.25,0,1.27709,0.142857,1
10809,82918,560,336,16107,0,64,17,0.25,0,1.27958,0.142857,1
10810,82844,546,364,16167,0,60,24,0.25,0,1.29229,0.142857,1
10811,82767,562,348,16249,0,82,28,0.25,0,1.2971,0.142857,1
10812,82697,574,339,16318,0,70,50,0.25,0,1.29435,0.142857,1
10813,82616,574,347,16383,0,67,4,0.25,0,1.27728,0.142857,1
10814,82525,581,379,16436,0,54,15,0.25,0,1.27821,0.142857,1
10815,82450,575,384,16509,0,75,5,0.25,0,1.28196,0.142857,1
10816,82374,585,379,16580,0,71,3,0.25,0,1.28423,0.142857,1
10817,82306,562,391,16657,0,77,33,0.25,0,1.28146,0.142857,1
10818,82240,558,396,16723,0,68,7,0.25,0,1.27888,0.142857,1
10819,82153,572,404,16792,0,69,17,0.25,0,1.27574,0.142857,1
10820,82070,580,408,16859,0,68,20,0.25,0,1.27778,0.142857,1
10821,81986,582,405,16941,0,83,18,0.25,0,1.27356,0.142857,1
10822,81902,594,393,17024,0,83,9,0.25,0,1.28964,0.142857,1
10823,81830,611,381,17094,0,71,41,0.25,0,1.28898,0.142857,1
10824,81742,613,400,17157,0,63,29,0.25,0,1.28478,0.142857,1
10825,81661,639,387,17228,0,71,15,0.25,0,1.27995,0.142857,1
10826,81568,655,396,17299,0,71,3,0.25,0,1.27486,0.142857,1
10827,81497,643,399,17380,0,82,12,0.25,0,1.27816,0.142857,1
10828,81412,649,416,17446,0,67,21,0.25,0,1.26901,0.142857,1
10829,81321,660,431,17508,0,63,20,0.25,0,1.26634,0.142857,1
10830,81226,659,454,17582,0,76,6,0.25,0,1.27271,0.142857,1
10831,81121,667,457,17678,0,96,67,0.25,0,1.28981,0.142857,1
10832,81043,669,466,17746,0,68,19,0.25,0,1.30197,0.142857,1
10833,80931,694,465,17830,0,85,10,0.25,0,1.312,0.142857,1
10834,80844,691,470,17915,0,86,13,0.25,0,1.3203,0.142857,1
10835,80752,685,492,17994,0,79,8,0.25,0,1.32755,0.142857,1
10836,80637,721,482,18083,0,89,48,0.25,0,1.32922,0.142857,1
10837,80517,740,474,18191,0,110,5,0.25,0,1.32528,0.142857,1
10838,80412,744,468,18299,0,108,14,0.25,0,1.32791,0.142857,1
10839,80307,762,468,18387,0,88,1,0.25,0,1.32824,0.142857,1
10840,80212,757,483,18473,0,86,5,0.25,0,1.29906,0.142857,1
10841,80118,763,482,18567,0,94,12,0.25,0,1.29241,0.142857,1
10842,80006,772,470,18680,0,116,4,0.25,0,1.27985,0.142857,1
10843,79909,784,467,18769,0,91,67,0.25,0,1.29309,0.142857,1
10844,79805,792,472,18859,0,90,50,0.25,0,1.27978,0.142857,1
10845,79702,804,458,18958,0,100,46,0.25,0,1.25798,0.142857,1
10846,79628,785,459,19048,0,91,52,0.25,0,1.26395,0.142857,1
10847,79516,800,460,19142,0,95,14,0.25,0,1.25824,0.142857,1
10848,79430,778,467,19243,0,102,4,0.25,0,1.25562,0.142857,1
10849,79342,780,460,19338,0,95,115,0.25,0,1.24385,0.142857,1
10850,79257,777,456,19428,0,90,21,0.25,0,1.24077,0.142857,1
10851,79154,799,459,19506,0,79,0,0.25,0,1.24972,0.142857,1
10852,79065,773,475,19601,0,97,12,0.25,0,1.24898,0.142857,1
10853,78953,809,466,19685,0,84,1,0.25,0,1.25649,0.142857,1
10854,78862,805,473,19777,0,92,12,0.25,0,1.26319,0.142857,1
10855,78759,816,449,19892,0,115,20,0.25,0,1.27265,0.142857,1
10856,78668,803,468,19983,0,91,47,0.25,0,1.26395,0.142857,1
10857,78566,811,460,20080,0,98,6,0.25,0,1.27578,0.142857,1
10858,78482,778,467,20191,0,111,21,0.25,0,1.28002,0.142857,1
10859,78389,782,457,20290,0,100,44,0.25,0,1.2871,0.142857,1
10860,78290,794,441,20391,0,102,4,0.25,0,1.2854,0.142857,1
10861,78205,782,460,20467,0,76,2,0.25,0,1.28911,0.142857,1
10862,78109,784,455,20564,0,97,39,0.25,0,1.28981,0.142857,1
10863,78032,758,457,20664,0,100,8,0.25,0,1.27824,0.142857,1
10864,77942,745,469,20754,0,91,0,0.25,0,1.28573,0.142857,1
10865,77852,759,439,20866,0,112,25,0.25,0,1.28155,0.142857,1
10866,77781,747,455,20936,0,70,2,0.25,0,1.24531,0.142857,1
10867,77718,713,451,21038,0,104,16,0.25,0,1.25579,0.142857,1
10868,77632,714,457,21116,0,78,8,0.25,0,1.25521,0.142857,1
10869,77550,724,443,21205,0,89,20,0.25,0,1.26893,0.142857,1
10870,77444,724,438,21313,0,110,10,0.25,0,1.25705,0.142857,1
10871,77356,720,429,21411,0,98,0,0.25,0,1.25488,0.142857,1
10872,77275,723,424,21494,0,83,10,0.25,0,1.24766,0.142857,1
10873,77211,696,426,21584,0,90,46,0.25,0,1.25882,0.142857,1
10874,77128,689,434,21661,0,79,25,0.25,0,1.26587,0.142857,1
10875,77043,690,429,21751,0,90,30,0.25,0,1.26868,0.142857,1
10876,76984,673,417,21841,0,90,7,0.25,0,1.28,0.142857,1
10877,76902,675,422,21915,0,75,14,0.25,0,1.28047,0.142857,1
10878,76823,670,407,22012,0,97,15,0.25,0,1.27298,0.142857,1
10879,76741,660,414,22095,0,85,12,0.25,0,1.27466,0.142857,1
10880,76646,681,409,22170,0,76,26,0.25,0,1.28306,0.142857,1
10881,76571,672,406,22256,0,87,0,0.25,0,1.28532,0.142857,1
10882,76488,657,424,22332,0,77,7,0.25,0,1.27929,0.142857,1
10883,76429,641,399,22433,0,102,39,0.25,0,1.27262,0.142857,1
10884,76356,616,415,22513,0,81,36,0.25,0,1.25115,0.142857,1
10885,76264,630,415,22591,0,78,9,0.25,0,1.24157,0.142857,1
10886,76178,650,402,22669,0,79,19,0.25,0,1.22899,0.142857,1
10887,76097,649,410,22740,0,74,10,0.25,0,1.23525,0.142857,1
10888,76021,644,413,22816,0,76,9,0.25,0,1.23814,0.142857,1
10889,75949,651,414,22882,0,68,71,0.25,0,1.24502,0.142857,1
10890,75865,660,412,22954,0,73,12,0.25,0,1.24047,0.142857,1
10891,75795,653,399,23041,0,88,24,0.25,0,1.24725,0.142857,1
10892,75724,634,403,23128,0,87,25,0.25,0,1.24353,0.142857,1
10893,75661,625,391,23212,0,84,36,0.25,0,1.24154,0.142857,1
10894,75590,617,398,23279,0,69,20,0.25,0,1.2451,0.142857,1
10895,75522,608,399,23351,0,74,80,0.25,0,1.22866,0.142857,1
10896,75442,603,396,23439,0,88,29,0.25,0,1.22799,0.142857,1
10897,75375,594,387,23524,0,85,1,0.25,0,1.22796,0.142857,1
10898,75306,592,374,23612,0,88,45,0.25,0,1.23587,0.142857,1
10899,75233,583,394,23672,0,61,24,0.25,0,1.22951,0.142857,1
10900,75169,581,386,23749,0,78,19,0.25,0,1.21928,0.142857,1
10901,75089,596,384,23817,0,70,14,0.25,0,1.22329,0.142857,1
10902,75020,603,368,23899,0,82,1,0.25,0,1.22744,0.142857,1
10903,74950,597,363,23979,0,81,11,0.25,0,1.22607,0.142857,1
10904,74891,578,363,24053,0,76,62,0.25,0,1.22123,0.142857,1
10905,74834,543,373,24130,0,80,48,0.25,0,1.22275,0.142857,1
10906,74762,543,364,24211,0,83,12,0.25,0,1.22567,0.142857,1
10907,74708,531,352,24283,0,74,96,0.25,0,1.20144,0.142857,1
10908,74649,519,350,24360,0,78,26,0.25,0,1.19623,0.142857,1
10909,74590,500,343,24444,0,86,7,0.25,0,1.18101,0.142857,1
10910,74529,492,341,24513,0,70,3,0.25,0,1.18082,0.142857,1
10911,74478,488,301,24610,0,97,64,0.25,0,1.17397,0.142857,1
10912,74441,468,306,24667,0,57,14,0.25,0,1.18903,0.142857,1
10913,74399,452,314,24720,0,54,6,0.25,0,1.18624,0.142857,1
10914,74330,465,307,24781,0,63,7,0.25,0,1.18287,0.142857,1
10915,74281,445,320,24836,0,55,11,0.25,0,1.18194,0.142857,1
10916,74226,453,311,24892,0,57,7,0.25,0,1.19557,0.142857,1
10917,74172,457,310,24941,0,51,3,0.25,0,1.19687,0.142857,1
10918,74121,448,309,25001,0,62,4,0.25,0,1.19612,0.142857,1
10919,74081,435,294,25071,0,70,40,0.25,0,1.19413,0.142857,1
10920,74025,437,281,25138,0,68,2,0.25,0,1.20043,0.142857,1
10921,73968,431,281,25198,0,61,9,0.25,0,1.19413,0.142857,1
10922,73916,422,289,25252,0,55,26,0.25,0,1.20605,0.142857,1
10923,73859,417,285,25315,0,64,5,0.25,0,1.20102,0.142857,1
10924,73806,412,287,25371,0,57,1,0.25,0,1.20967,0.142857,1
10925,73764,407,272,25433,0,62,31,0.25,0,1.20124,0.142857,1
10926,73720,395,277,25485,0,53,5,0.25,0,1.20063,0.142857,1
10927,73673,402,266,25536,0,52,5,0.25,0,1.2099,0.142857,1
10928,73626,396,271,25586,0,53,1,0.25,0,1.20614,0.142857,1
10929,73576,388,273,25639,0,55,5,0.25,0,1.21434,0.142857,1
10930,73533,390,268,25688,0,49,17,0.25,0,1.22005,0.142857,1
10931,73485,398,243,25751,0,64,17,0.25,0,1.2075,0.142857,1
10932,73439,412,229,25798,0,47,0,0.25,0,1.2057,0.142857,1
10933,73390,405,241,25843,0,46,1,0.25,0,1.19571,0.142857,1
10934,73341,409,227,25903,0,61,5,0.25,0,1.1964,0.142857,1
10935,73315,393,218,25954,0,52,9,0.25,0,1.20557,0.142857,1
10936,73274,394,220,25991,0,38,15,0.25,0,1.21601,0.142857,1
10937,73230,376,240,26032,0,43,0,0.25,0,1.22813,0.142857,1
10938,73194,372,244,26071,0,41,23,0.25,0,1.22522,0.142857,1
10939,73146,377,243,26110,0,39,13,0.25,0,1.23396,0.142857,1
10940,73095,370,254,26156,0,47,4,0.25,0,1.22973,0.142857,1
10941,73042,365,261,26208,0,52,6,0.25,0,1.23942,0.142857,1
10942,72995,360,258,26260,0,53,3,0.25,0,1.24897,0.142857,1
10943,72948,360,256,26311,0,52,10,0.25,0,1.24443,0.142857,1
10944,72901,363,233,26379,0,68,24,0.25,0,1.23948,0.142857,1
10945,72848,362,253,26415,0,36,18,0.25,0,1.22721,0.142857,1
10946,72800,376,234,26469,0,55,13,0.25,0,1.23472,0.142857,1
10947,72762,361,250,26507,0,40,0,0.25,0,1.23947,0.142857,1
10948,72706,384,229,26560,0,54,16,0.25,0,1.23966,0.142857,1
10949,72660,381,229,26609,0,50,9,0.25,0,1.2397,0.142857,1
10950,72629,368,213,26669,0,60,28,0.25,0,1.25675,0.142857,1
10951,72579,368,219,26713,0,45,25,0.25,0,1.25092,0.142857,1
10952,72549,362,219,26755,0,42,25,0.25,0,1.25052,0.142857,1
10953,72509,354,222,26798,0,44,49,0.25,0,1.25164,0.142857,1
10954,72468,349,216,26846,0,50,5,0.25,0,1.25878,0.142857,1
10955,72433,338,225,26884,0,38,2,0.25,0,1.25245,0.142857,1
10956,72396,335,230,26922,0,40,5,0.25,0,1.25818,0.142857,1
10957,72357,343,214,26970,0,48,5,0.25,0,1.24565,0.142857,1
10958,72306,346,209,27024,0,55,10,0.25,0,1.2442,0.142857,1
10959,72270,347,200,27069,0,46,1,0.25,0,1.26,0.142857,1
10960,72239,345,184,27120,0,52,4,0.25,0,1.25871,0.142857,1
10961,72210,342,186,27154,0,34,3,0.25,0,1.27076,0.142857,1
10962,72173,337,185,27198,0,44,29,0.25,0,1.28343,0.142857,1
10963,72143,323,189,27236,0,38,17,0.25,0,1.27008,0.142857,1
10964,72106,312,209,27265,0,29,7,0.25,0,1.2611,0.142857,1
10965,72062,330,193,27306,0,42,32,0.25,0,1.25014,0.142857,1
10966,72027,335,184,27344,0,38,1,0.25,0,1.24886,0.142857,1
10967,71988,329,191,27385,0,42,3,0.25,0,1.24725,0.142857,1
10968,71958,327,178,27427,0,45,0,0.25,0,1.24161,0.142857,1
10969,71913,331,177,27467,0,41,2,0.25,0,1.23317,0.142857,1
10970,71888,308,196,27495,0,30,7,0.25,0,1.21548,0.142857,1
10971,71852,310,197,27529,0,34,9,0.25,0,1.21074,0.142857,1
10972,71813,306,202,27566,0,38,6,0.25,0,1.22761,0.142857,1
10973,71793,298,192,27609,0,43,3,0.25,0,1.23572,0.142857,1
10974,71766,292,178,27657,0,48,0,0.25,0,1.24476,0.142857,1
10975,71744,270,182,27699,0,42,3,0.25,0,1.23778,0.142857,1
10976,71709,265,191,27728,0,31,1,0.25,0,1.22773,0.142857,1
10977,71682,261,183,27770,0,42,2,0.25,0,1.22814,0.142857,1
10978,71653,266,176,27804,0,35,0,0.25,0,1.23155,0.142857,1
10979,71621,257,180,27840,0,39,15,0.25,0,1.22982,0.142857,1
10980,71587,258,177,27876,0,37,37,0.25,0,1.24385,0.142857,1
10981,71546,268,168,27914,0,40,25,0.25,0,1.24227,0.142857,1
10982,71516,266,166,27949,0,36,9,0.25,0,1.24708,0.142857,1
10983,71489,261,165,27981,0,36,3,0.25,0,1.25576,0.142857,1
10984,71462,261,150,28023,0,42,7,0.25,0,1.26547,0.142857,1
10985,71437,251,162,28048,0,26,0,0.25,0,1.2795,0.142857,1
10986,71415,255,156,28075,0,29,0,0.25,0,1.2838,0.142857,1
10987,71390,249,159,28108,0,33,16,0.25,0,1.29008,0.142857,1
10988,71366,232,166,28141,0,33,12,0.25,0,1.29415,0.142857,1
10989,71340,219,166,28176,0,40,11,0.25,0,1.2937,0.142857,1
10990,71309,225,155,28210,0,35,9,0.25,0,1.28097,0.142857,1
10991,71288,223,156,28237,0,27,18,0.25,0,1.28799,0.142857,1
10992,71258,220,154,28270,0,35,3,0.25,0,1.27655,0.142857,1
10993,71235,219,153,28299,0,30,3,0.25,0,1.2649,0.142857,1
10994,71205,223,159,28322,0,23,6,0.25,0,1.26084,0.142857,1
10995,71181,223,154,28350,0,29,2,0.25,0,1.26006,0.142857,1
10996,71167,220,139,28386,0,37,4,0.25,0,1.26165,0.142857,1
10997,71145,224,132,28413,0,27,1,0.25,0,1.25664,0.142857,1
10998,71123,225,127,28440,0,28,2,0.25,0,1.26194,0.142857,1
10999,71098,234,125,28459,0,22,11,0.25,0,1.26972,0.142857,1
11000,71081,222,120,28489,0,33,26,0.25,0,1.28331,0.142857,1
11001,71063,217,118,28512,0,25,13,0.25,0,1.27375,0.142857,1
11002,71034,230,116,28534,0,22,0,0.25,0,1.27603,0.142857,1
11003,71008,224,128,28554,0,21,7,0.25,0,1.28011,0.142857,1
11004,70987,217,127,28585,0,31,9,0.25,0,1.27439,0.142857,1
11005,70969,210,133,28603,0,20,1,0.25,0,1.26842,0.142857,1
11006,70950,200,147,28615,0,14,2,0.25,0,1.27822,0.142857,1
11007,70933,196,153,28636,0,22,11,0.25,0,1.28373,0.142857,1
11008,70898,202,159,28658,0,23,1,0.25,0,1.29088,0.142857,1
11009,70871,206,148,28693,0,36,4,0.25,0,1.30014,0.142857,1
11010,70840,217,131,28731,0,40,4,0.25,0,1.31396,0.142857,1
11011,70821,213,130,28756,0,25,1,0.25,0,1.29801,0.142857,1
11012,70801,197,139,28784,0,29,30,0.25,0,1.31204,0.142857,1
11013,70791,189,130,28813,0,30,5,0.25,0,1.31428,0.142857,1
11014,70775,175,132,28842,0,30,8,0.25,0,1.32216,0.142857,1
11015,70753,171,122,28873,0,32,8,0.25,0,1.32761,0.142857,1
11016,70740,163,118,28899,0,28,0,0.25,0,1.32668,0.142857,1
11017,70717,168,109,28926,0,27,13,0.25,0,1.3305,0.142857,1
11018,70698,159,115,28947,0,21,1,0.25,0,1.33276,0.142857,1
11019,70674,166,106,28972,0,28,7,0.25,0,1.33414,0.142857,1
11020,70658,170,103,28989,0,19,12,0.25,0,1.31683,0.142857,1
11021,70637,168,97,29016,0,28,16,0.25,0,1.33583,0.142857,1
11022,70616,167,96,29037,0,22,3,0.25,0,1.3237,0.142857,1
11023,70601,165,96,29055,0,20,8,0.25,0,1.33595,0.142857,1
11024,70586,160,94,29072,0,21,6,0.25,0,1.3371,0.142857,1
11025,70568,160,92,29089,0,18,6,0.25,0,1.33498,0.142857,1
11026,70549,154,90,29115,0,27,9,0.25,0,1.33951,0.142857,1
11027,70532,154,94,29132,0,17,6,0.25,0,1.33336,0.142857,1
11028,70504,155,92,29158,0,26,4,0.25,0,1.33317,0.142857,1
11029,70487,151,102,29169,0,11,9,0.25,0,1.33275,0.142857,1
11030,70459,153,109,29182,0,18,7,0.25,0,1.3349,0.142857,1
11031,70438,151,107,29209,0,27,1,0.25,0,1.33359,0.142857,1
11032,70423,143,109,29233,0,25,10,0.25,0,1.34213,0.142857,1
11033,70401,148,106,29254,0,21,3,0.25,0,1.3356,0.142857,1
11034,70379,148,105,29274,0,20,1,0.25,0,1.33525,0.142857,1
11035,70363,147,98,29299,0,26,5,0.25,0,1.33817,0.142857,1
11036,70345,151,90,29321,0,22,3,0.25,0,1.33882,0.142857,1
11037,70332,149,86,29342,0,21,3,0.25,0,1.32123,0.142857,1
11038,70323,137,86,29360,0,19,9,0.25,0,1.31711,0.142857,1
11039,70314,131,85,29378,0,19,1,0.25,0,1.31787,0.142857,1
11040,70300,129,97,29385,0,7,0,0.25,0,1.31888,0.142857,1
11041,70284,130,87,29411,0,26,16,0.25,0,1.32367,0.142857,1
11042,70262,141,81,29426,0,16,1,0.25,0,1.32506,0.142857,1
11043,70247,145,81,29436,0,13,2,0.25,0,1.32031,0.142857,1
11044,70228,149,84,29450,0,14,1,0.25,0,1.32794,0.142857,1
11045,70217,144,87,29463,0,14,0,0.25,0,1.31737,0.142857,1
11046,70206,142,93,29475,0,12,1,0.25,0,1.331,0.142857,1
11047,70194,140,80,29503,0,29,0,0.25,0,1.31945,0.142857,1
11048,70186,132,83,29517,0,15,0,0.25,0,1.32209,0.142857,1
11049,70170,127,90,29530,0,13,2,0.25,0,1.30958,0.142857,1
11050,70149,130,96,29538,0,9,0,0.25,0,1.30558,0.142857,1
11051,70146,123,94,29554,0,16,8,0.25,0,1.2789,0.142857,1
11052,70137,119,88,29569,0,19,9,0.25,0,1.28907,0.142857,1
11053,70121,119,84,29586,0,17,5,0.25,0,1.28024,0.142857,1
11054,70100,123,83,29604,0,18,13,0.25,0,1.27552,0.142857,1
11055,70084,120,88,29616,0,13,0,0.25,0,1.27776,0.142857,1
11056,70067,120,81,29640,0,25,6,0.25,0,1.29325,0.142857,1
11057,70051,120,80,29657,0,17,0,0.25,0,1.31162,0.142857,1
11058,70036,122,80,29673,0,16,0,0.25,0,1.3206,0.142857,1
11059,70023,118,81,29686,0,14,2,0.25,0,1.325,0.142857,1
11060,70011,112,79,29707,0,21,3,0.25,0,1.32003,0.142857,1
11061,70000,114,69,29727,0,21,2,0.25,0,1.32457,0.142857,1
11062,69989,115,68,29738,0,12,2,0.25,0,1.3193,0.142857,1
11063,69973,114,68,29756,0,18,0,0.25,0,1.31306,0.142857,1
11064,69957,114,70,29766,0,14,1,0.25,0,1.31094,0.142857,1
11065,69942,114,75,29776,0,10,0,0.25,0,1.31215,0.142857,1
11066,69931,112,81,29782,0,7,0,0.25,0,1.31624,0.142857,1
11067,69916,106,87,29794,0,13,1,0.25,0,1.3188,0.142857,1
11068,69898,109,83,29811,0,18,3,0.25,0,1.31084,0.142857,1
11069,69885,112,74,29829,0,19,3,0.25,0,1.30102,0.142857,1
11070,69867,124,71,29840,0,11,2,0.25,0,1.30362,0.142857,1
11071,69852,127,70,29853,0,15,3,0.25,0,1.29148,0.142857,1
11072,69844,118,73,29867,0,15,4,0.25,0,1.2953,0.142857,1
11073,69824,119,77,29880,0,15,1,0.25,0,1.29527,0.142857,1
11074,69805,124,71,29895,0,17,0,0.25,0,1.27694,0.142857,1
11075,69793,123,72,29908,0,14,0,0.25,0,1.27877,0.142857,1
11076,69780,114,81,29920,0,12,0,0.25,0,1.28456,0.142857,1
11077,69769,110,75,29943,0,24,4,0.25,0,1.28481,0.142857,1
11078,69761,107,76,29953,0,12,15,0.25,0,1.28821,0.142857,1
11079,69742,117,75,29967,0,15,3,0.25,0,1.28982,0.142857,1
11080,69728,117,74,29982,0,16,10,0.25,0,1.2821,0.142857,1
11081,69708,120,73,29994,0,14,6,0.25,0,1.28422,0.142857,1
11082,69694,126,66,30008,0,16,13,0.25,0,1.28413,0.142857,1
11083,69679,125,66,30023,0,15,0,0.25,0,1.29304,0.142857,1
11084,69672,119,64,30041,0,18,0,0.25,0,1.28811,0.142857,1
11085,69665,117,63,30053,0,13,5,0.25,0,1.27676,0.142857,1
11086,69659,111,67,30061,0,9,11,0.25,0,1.28496,0.142857,1
11087,69642,118,62,30071,0,11,0,0.25,0,1.28054,0.142857,1
11088,69633,114,64,30080,0,12,4,0.25,0,1.27365,0.142857,1
11089,69620,115,60,30093,0,15,2,0.25,0,1.27805,0.142857,1
11090,69608,114,62,30105,0,14,0,0.25,0,1.29977,0.142857,1
11091,69595,114,71,30109,0,7,0,0.25,0,1.32526,0.142857,1
11092,69590,113,73,30118,0,11,4,0.25,0,1.31273,0.142857,1
11093,69579,118,75,30122,0,5,2,0.25,0,1.30191,0.142857,1
11094,69570,119,68,30137,0,18,13,0.25,0,1.291,0.142857,1
11095,69550,118,74,30152,0,16,0,0.25,0,1.2889,0.142857,1
11096,69537,120,71,30168,0,20,2,0.25,0,1.28791,0.142857,1
11097,69523,128,64,30182,0,14,9,0.25,0,1.28524,0.142857,1
11098,69509,127,69,30193,0,11,1,0.25,0,1.29697,0.142857,1
11099,69502,121,66,30208,0,17,4,0.25,0,1.2855,0.142857,1
11100,69497,110,65,30227,0,19,1,0.25,0,1.27735,0.142857,1
11101,69471,126,66,30234,0,8,2,0.25,0,1.27985,0.142857,1
11102,69458,135,66,30242,0,9,0,0.25,0,1.27049,0.142857,1
11103,69452,130,66,30251,0,12,11,0.25,0,1.26897,0.142857,1
11104,69437,123,81,30255,0,8,12,0.25,0,1.26666,0.142857,1
11105,69426,119,89,30264,0,11,0,0.25,0,1.26917,0.142857,1
11106,69418,109,90,30283,0,19,0,0.25,0,1.2867,0.142857,1
11107,69405,106,81,30302,0,22,4,0.25,0,1.29735,0.142857,1
11108,69392,112,72,30320,0,19,3,0.25,0,1.299,0.142857,1
11109,69378,116,69,30335,0,16,6,0.25,0,1.29747,0.142857,1
11110,69367,110,66,30350,0,16,4,0.25,0,1.29172,0.142857,1
11111,69357,109,66,30361,0,12,3,0.25,0,1.29054,0.142857,1
11112,69339,112,65,30375,0,15,4,0.25,0,1.28833,0.142857,1
11113,69331,99,72,30387,0,13,0,0.25,0,1.28678,0.142857,1
11114,69320,101,69,30397,0,13,0,0.25,0,1.28251,0.142857,1
11115,69309,106,65,30408,0,14,0,0.25,0,1.2935,0.142857,1
11116,69296,107,62,30418,0,12,12,0.25,0,1.31752,0.142857,1
11117,69284,105,66,30426,0,9,4,0.25,0,1.28911,0.142857,1
11118,69271,94,76,30436,0,10,0,0.25,0,1.28495,0.142857,1
11119,69247,99,86,30444,0,8,3,0.25,0,1.29071,0.142857,1
11120,69230,99,88,30454,0,13,1,0.25,0,1.30189,0.142857,1
11121,69217,105,82,30469,0,17,5,0.25,0,1.29629,0.142857,1
11122,69209,108,78,30484,0,15,2,0.25,0,1.29336,0.142857,1
11123,69196,108,80,30496,0,13,0,0.25,0,1.26904,0.142857,1
11124,69175,113,76,30510,0,17,0,0.25,0,1.26386,0.142857,1
11125,69161,115,77,30521,0,13,3,0.25,0,1.26398,0.142857,1
11126,69149,111,83,30532,0,11,1,0.25,0,1.23809,0.142857,1
11127,69132,112,79,30553,0,21,0,0.25,0,1.23808,0.142857,1
11128,69121,105,80,30569,0,17,2,0.25,0,1.24087,0.142857,1
11129,69113,103,73,30586,0,19,1,0.25,0,1.23485,0.142857,1
11130,69105,104,72,30598,0,12,2,0.25,0,1.23033,0.142857,1
11131,69086,104,72,30616,0,18,4,0.25,0,1.22744,0.142857,1
11132,69075,100,71,30629,0,16,1,0.25,0,1.21225,0.142857,1
11133,69063,104,69,30640,0,12,1,0.25,0,1.20508,0.142857,1
11134,69052,104,67,30651,0,14,1,0.25,0,1.19847,0.142857,1
11135,69041,105,66,30660,0,11,2,0.25,0,1.20274,0.142857,1
11136,69024,108,65,30673,0,14,5,0.25,0,1.20676,0.142857,1
11137,69019,105,63,30684,0,12,1,0.25,0,1.19456,0.142857,1
11138,69003,113,65,30686,0,6,0,0.25,0,1.19478,0.142857,1
11139,68999,114,58,30701,0,18,1,0.25,0,1.19371,0.142857,1
11140,68985,113,63,30710,0,10,3,0.25,0,1.2085,0.142857,1
11141,68977,103,69,30719,0,13,11,0.25,0,1.22709,0.142857,1
11142,68966,107,64,30729,0,13,5,0.25,0,1.22477,0.142857,1
11143,68959,106,56,30744,0,16,5,0.25,0,1.22718,0.142857,1
11144,68949,102,57,30757,0,13,1,0.25,0,1.22864,0.142857,1
11145,68941,99,56,30769,0,13,3,0.25,0,1.22419,0.142857,1
11146,68934,96,56,30780,0,11,1,0.25,0,1.22768,0.142857,1
11147,68927,88,52,30796,0,17,14,0.25,0,1.25648,0.142857,1
11148,68915,91,44,30811,0,16,5,0.25,0,1.2549,0.142857,1
11149,68908,87,49,30817,0,6,1,0.25,0,1.25522,0.142857,1
11150,68904,85,46,30826,0,9,1,0.25,0,1.25358,0.142857,1
11151,68901,80,42,30837,0,12,1,0.25,0,1.25599,0.142857,1
11152,68898,77,42,30844,0,9,4,0.25,0,1.26297,0.142857,1
11153,68885,80,48,30845,0,3,0,0.25,0,1.27373,0.142857,1
11154,68878,83,41,30854,0,10,3,0.25,0,1.25863,0.142857,1
11155,68868,79,47,30860,0,6,0,0.25,0,1.27789,0.142857,1
11156,68866,77,44,30867,0,9,0,0.25,0,1.27147,0.142857,1
11157,68860,80,45,30872,0,5,2,0.25,0,1.26487,0.142857,1
11158,68857,77,44,30880,0,8,1,0.25,0,1.26257,0.142857,1
11159,68845,81,46,30888,0,10,9,0.25,0,1.26849,0.142857,1
11160,68839,78,48,30899,0,11,1,0.25,0,1.26562,0.142857,1
11161,68834,74,50,30909,0,10,8,0.25,0,1.2575,0.142857,1
11162,68823,74,55,30916,0,7,9,0.25,0,1.24993,0.142857,1
11163,68809,78,56,30920,0,6,0,0.25,0,1.25688,0.142857,1
11164,68800,78,54,30930,0,11,3,0.25,0,1.25172,0.142857,1
11165,68790,76,61,30932,0,4,0,0.25,0,1.24724,0.142857,1
11166,68778,74,62,30944,0,15,0,0.25,0,1.25145,0.142857,1
11167,68764,75,61,30951,0,10,0,0.25,0,1.24382,0.142857,1
11168,68753,75,62,30962,0,11,2,0.25,0,1.2557,0.142857,1
11169,68741,78,58,30971,0,11,4,0.25,0,1.26722,0.142857,1
11170,68729,83,59,30978,0,8,1,0.25,0,1.25996,0.142857,1
11171,68721,86,58,30986,0,8,1,0.25,0,1.25537,0.142857,1
11172,68716,83,60,30994,0,9,9,0.25,0,1.25246,0.142857,1
11173,68711,84,55,31006,0,13,7,0.25,0,1.24465,0.142857,1
11174,68698,86,50,31015,0,10,1,0.25,0,1.25464,0.142857,1
11175,68692,82,51,31025,0,11,9,0.25,0,1.26353,0.142857,1
11176,68685,83,50,31032,0,8,1,0.25,0,1.26912,0.142857,1
11177,68679,76,53,31042,0,10,6,0.25,0,1.272,0.142857,1
11178,68670,82,39,31060,0,18,3,0.25,0,1.26928,0.142857,1
11179,68665,81,39,31066,0,8,1,0.25,0,1.26073,0.142857,1
11180,68658,84,34,31075,0,9,1,0.25,0,1.26368,0.142857,1
11181,68654,79,37,31081,0,8,3,0.25,0,1.27273,0.142857,1
11182,68647,76,45,31086,0,6,0,0.25,0,1.26815,0.142857,1
11183,68642,71,50,31095,0,9,0,0.25,0,1.284,0.142857,1
11184,68627,77,53,31102,0,7,0,0.25,0,1.2757,0.142857,1
11185,68624,75,51,31107,0,9,1,0.25,0,1.27216,0.142857,1
11186,68620,68,53,31119,0,13,4,0.25,0,1.27124,0.142857,1
11187,68616,66,50,31128,0,10,1,0.25,0,1.27874,0.142857,1
11188,68609,68,47,31137,0,10,0,0.25,0,1.27072,0.142857,1
11189,68606,67,43,31148,0,12,0,0.25,0,1.25322,0.142857,1
11190,68606,59,41,31162,0,14,2,0.25,0,1.24704,0.142857,1
11191,68602,56,46,31166,0,4,0,0.25,0,1.23864,0.142857,1
11192,68595,59,43,31175,0,10,0,0.25,0,1.23955,0.142857,1
11193,68588,59,47,31180,0,5,1,0.25,0,1.23429,0.142857,1
11194,68579,61,39,31190,0,13,2,0.25,0,1.23159,0.142857,1
11195,68575,60,36,31194,0,7,3,0.25,0,1.24031,0.142857,1
11196,68565,64,33,31202,0,8,0,0.25,0,1.22835,0.142857,1
11197,68563,55,37,31206,0,10,1,0.25,0,1.22583,0.142857,1
11198,68555,60,31,31213,0,8,3,0.25,0,1.23546,0.142857,1
11199,68549,55,38,31213,0,3,1,0.25,0,1.24925,0.142857,1
11200,68547,57,38,31218,0,6,0,0.25,0,1.2489,0.142857,1
11201,68539,59,37,31221,0,6,0,0.25,0,1.23575,0.142857,1
11202,68536,58,31,31232,0,11,4,0.25,0,1.23453,0.142857,1
11203,68535,56,32,31237,0,6,0,0.25,0,1.23582,0.142857,1
11204,68532,53,33,31242,0,5,0,0.25,0,1.23307,0.142857,1
11205,68526,51,37,31250,0,8,0,0.25,0,1.22643,0.142857,1
11206,68517,54,39,31256,0,6,1,0.25,0,1.23384,0.142857,1
11207,68512,57,34,31262,0,8,6,0.25,0,1.22006,0.142857,1
11208,68500,56,41,31264,0,3,0,0.25,0,1.22294,0.142857,1
11209,68488,62,36,31273,0,10,0,0.25,0,1.22088,0.142857,1
11210,68483,66,32,31279,0,6,2,0.25,0,1.23158,0.142857,1
11211,68483,62,33,31285,0,7,1,0.25,0,1.24692,0.142857,1
11212,68479,59,37,31286,0,6,6,0.25,0,1.23729,0.142857,1
11213,68477,58,38,31292,0,7,3,0.25,0,1.22818,0.142857,1
11214,68476,56,42,31293,0,3,1,0.25,0,1.23189,0.142857,1
11215,68469,60,42,31296,0,7,10,0.25,0,1.22943,0.142857,1
11216,68460,60,43,31301,0,6,3,0.25,0,1.22777,0.142857,1
11217,68458,57,39,31312,0,11,2,0.25,0,1.21521,0.142857,1
11218,68452,61,32,31320,0,9,1,0.25,0,1.21707,0.142857,1
11219,68446,61,31,31325,0,6,0,0.25,0,1.21983,0.142857,1
11220,68442,65,26,31332,0,8,1,0.25,0,1.21251,0.142857,1
11221,68439,64,27,31336,0,4,2,0.25,0,1.21171,0.142857,1
11222,68439,54,33,31340,0,5,0,0.25,0,1.20035,0.142857,1
11223,68434,55,31,31346,0,7,0,0.25,0,1.20741,0.142857,1
11224,68429,52,29,31356,0,11,0,0.25,0,1.1971,0.142857,1
11225,68421,50,31,31362,0,7,0,0.25,0,1.18501,0.142857,1
11226,68420,49,25,31371,0,11,0,0.25,0,1.19175,0.142857,1
11227,68416,50,25,31374,0,4,2,0.25,0,1.19098,0.142857,1
11228,68418,43,30,31375,0,3,0,0.25,0,1.18675,0.142857,1
11229,68415,41,28,31381,0,6,0,0.25,0,1.19647,0.142857,1
11230,68413,38,30,31383,0,4,0,0.25,0,1.19474,0.142857,1
11231,68410,35,29,31390,0,7,0,0.25,0,1.19962,0.142857,1
11232,68405,36,29,31393,0,4,0,0.25,0,1.19665,0.142857,1
11233,68404,35,25,31399,0,6,1,0.25,0,1.20762,0.142857,1
11234,68398,38,23,31403,0,4,1,0.25,0,1.20394,0.142857,1
11235,68397,39,19,31410,0,7,1,0.25,0,1.20916,0.142857,1
11236,68394,34,19,31417,0,7,5,0.25,0,1.21571,0.142857,1
11237,68391,33,19,31418,0,2,0,0.25,0,1.21677,0.142857,1
11238,68387,27,24,31420,0,4,5,0.25,0,1.2136,0.142857,1
11239,68389,29,20,31425,0,5,1,0.25,0,1.21491,0.142857,1
11240,68382,31,19,31429,0,4,1,0.25,0,1.21222,0.142857,1
11241,68382,28,18,31433,0,5,5,0.25,0,1.20223,0.142857,1
11242,68377,29,16,31437,0,5,0,0.25,0,1.22346,0.142857,1
11243,68377,24,21,31440,0,3,2,0.25,0,1.23313,0.142857,1
11244,68373,27,19,31443,0,4,0,0.25,0,1.23685,0.142857,1
11245,68369,26,18,31444,0,4,0,0.25,0,1.24013,0.142857,1
11246,68371,26,17,31447,0,3,0,0.25,0,1.24019,0.142857,1
11247,68369,25,16,31452,0,5,3,0.25,0,1.24844,0.142857,1
11248,68364,30,16,31453,0,1,0,0.25,0,1.25891,0.142857,1
11249,68366,32,12,31457,0,4,0,0.25,0,1.23956,0.142857,1
11250,68368,29,13,31458,0,3,0,0.25,0,1.24178,0.142857,1
11251,68370,23,20,31458,0,1,0,0.25,0,1.24464,0.142857,1
11252,68368,25,21,31457,0,2,0,0.25,0,1.23786,0.142857,1
11253,68367,25,16,31462,0,7,0,0.25,0,1.25063,0.142857,1
11254,68361,28,17,31463,0,1,0,0.25,0,1.24348,0.142857,1
11255,68361,28,16,31466,0,3,3,0.25,0,1.23981,0.142857,1
11256,68359,29,16,31467,0,2,2,0.25,0,1.22633,0.142857,1
11257,68355,30,18,31468,0,2,0,0.25,0,1.22314,0.142857,1
11258,68354,29,20,31468,0,0,0,0.25,0,1.2296,0.142857,1
11259,68348,28,23,31472,0,4,0,0.25,0,1.22873,0.142857,1
11260,68347,28,20,31476,0,5,2,0.25,0,1.22249,0.142857,1
11261,68341,30,16,31479,0,7,1,0.25,0,1.22607,0.142857,1
11262,68336,28,18,31479,0,1,0,0.25,0,1.20259,0.142857,1
11263,68327,32,21,31480,0,2,3,0.25,0,1.19684,0.142857,1
11264,68323,33,17,31484,0,6,6,0.25,0,1.20006,0.142857,1
11265,68314,32,20,31485,0,2,1,0.25,0,1.19965,0.142857,1
11266,68314,31,20,31488,0,3,1,0.25,0,1.21099,0.142857,1
11267,68309,32,20,31492,0,4,0,0.25,0,1.21382,0.142857,1
11268,68305,32,21,31494,0,3,4,0.25,0,1.22531,0.142857,1
11269,68301,32,20,31498,0,4,1,0.25,0,1.22961,0.142857,1
11270,68298,33,19,31499,0,4,0,0.25,0,1.2126,0.142857,1
11271,68296,29,20,31504,0,6,0,0.25,0,1.22705,0.142857,1
11272,68293,30,14,31509,0,7,3,0.25,0,1.23682,0.142857,1
11273,68291,27,17,31508,0,2,0,0.25,0,1.23587,0.142857,1
11274,68288,28,15,31510,0,4,0,0.25,0,1.22577,0.142857,1
11275,68294,23,17,31513,0,3,0,0.25,0,1.24484,0.142857,1
11276,68295,21,17,31517,0,4,0,0.25,0,1.24529,0.142857,1
11277,68293,21,15,31521,0,4,1,0.25,0,1.24544,0.142857,1
11278,68289,19,17,31524,0,4,1,0.25,0,1.25516,0.142857,1
11279,68288,23,17,31524,0,1,0,0.25,0,1.24997,0.142857,1
11280,68284,26,14,31529,0,6,0,0.25,0,1.25675,0.142857,1
11281,68287,25,13,31531,0,4,1,0.25,0,1.27165,0.142857,1
11282,68282,25,13,31534,0,4,0,0.25,0,1.27769,0.142857,1
11283,68286,26,11,31536,0,2,1,0.25,0,1.28385,0.142857,1
11284,68286,27,9,31537,0,3,1,0.25,0,1.28775,0.142857,1
11285,68284,24,16,31537,0,0,0,0.25,0,1.2944,0.142857,1
11286,68277,26,19,31537,0,0,0,0.25,0,1.28714,0.142857,1
11287,68276,26,16,31543,0,6,3,0.25,0,1.27435,0.142857,1
11288,68272,24,18,31545,0,3,0,0.25,0,1.2632,0.142857,1
11289,68273,26,14,31551,0,6,0,0.25,0,1.24439,0.142857,1
11290,68270,27,12,31554,0,3,0,0.25,0,1.24402,0.142857,1
11291,68271,25,12,31557,0,3,1,0.25,0,1.25301,0.142857,1
11292,68266,29,9,31556,0,3,1,0.25,0,1.2522,0.142857,1
11293,68264,25,14,31556,0,2,0,0.25,0,1.25731,0.142857,1
11294,68261,25,16,31557,0,2,0,0.25,0,1.26042,0.142857,1
11295,68252,26,17,31560,0,4,0,0.25,0,1.25955,0.142857,1
11296,68248,25,14,31565,0,5,0,0.25,0,1.27721,0.142857,1
11297,68248,22,15,31564,0,2,0,0.25,0,1.29447,0.142857,1
11298,68249,21,16,31563,0,1,0,0.25,0,1.28991,0.142857,1
11299,68248,20,15,31564,0,4,1,0.25,0,1.29309,0.142857,1
11300,68249,18,18,31565,0,3,1,0.25,0,1.29815,0.142857,1
11301,68242,22,17,31566,0,3,0,0.25,0,1.31176,0.142857,1
11302,68235,26,16,31567,0,4,0,0.25,0,1.30712,0.142857,1
11303,68233,24,17,31570,0,3,3,0.25,0,1.31237,0.142857,1
11304,68232,21,17,31573,0,3,0,0.25,0,1.31312,0.142857,1
11305,68233,20,16,31574,0,3,0,0.25,0,1.30499,0.142857,1
11306,68233,19,17,31575,0,2,0,0.25,0,1.30068,0.142857,1
11307,68228,21,14,31579,0,5,5,0.25,0,1.30861,0.142857,1
11308,68224,22,14,31578,0,2,1,0.25,0,1.31548,0.142857,1
11309,68219,22,17,31577,0,1,0,0.25,0,1.31281,0.142857,1
11310,68225,20,15,31581,0,4,1,0.25,0,1.32006,0.142857,1
11311,68222,21,15,31583,0,2,0,0.25,0,1.32489,0.142857,1
11312,68219,22,14,31585,0,3,0,0.25,0,1.32099,0.142857,1
11313,68218,24,15,31587,0,2,2,0.25,0,1.3263,0.142857,1
11314,68213,26,15,31586,0,2,1,0.25,0,1.33114,0.142857,1
11315,68213,29,8,31593,0,8,0,0.25,0,1.33233,0.142857,1
11316,68212,28,9,31595,0,2,3,0.25,0,1.33756,0.142857,1
11317,68207,25,9,31597,0,3,1,0.25,0,1.33703,0.142857,1
11318,68205,24,12,31598,0,1,0,0.25,0,1.33173,0.142857,1
11319,68203,23,12,31600,0,2,1,0.25,0,1.33142,0.142857,1
11320,68196,26,14,31599,0,0,0,0.25,0,1.33399,0.142857,1
11321,68198,24,16,31600,0,1,0,0.25,0,1.34258,0.142857,1
11322,68188,26,17,31601,0,3,2,0.25,0,1.3493,0.142857,1
11323,68177,26,14,31605,0,6,0,0.25,0,1.35109,0.142857,1
11324,68176,26,13,31608,0,4,0,0.25,0,1.34159,0.142857,1
11325,68173,25,13,31611,0,4,0,0.25,0,1.34273,0.142857,1
11326,68172,27,12,31611,0,2,0,0.25,0,1.34588,0.142857,1
11327,68168,26,14,31614,0,4,2,0.25,0,1.36292,0.142857,1
11328,68171,26,15,31613,0,0,0,0.25,0,1.36402,0.142857,1
11329,68170,26,13,31617,0,5,0,0.25,0,1.36509,0.142857,1
11330,68171,21,14,31622,0,5,0,0.25,0,1.36228,0.142857,1
11331,68171,21,12,31625,0,3,0,0.25,0,1.35802,0.142857,1
11332,68169,23,11,31624,0,2,1,0.25,0,1.37477,0.142857,1
11333,68170,20,16,31624,0,2,1,0.25,0,1.3633,0.142857,1
11334,68170,18,15,31627,0,4,3,0.25,0,1.36588,0.142857,1
11335,68173,18,13,31627,0,3,0,0.25,0,1.37762,0.142857,1
11336,68178,20,12,31628,0,2,0,0.25,0,1.38159,0.142857,1
11337,68177,22,10,31629,0,2,0,0.25,0,1.37809,0.142857,1
11338,68174,21,10,31631,0,2,0,0.25,0,1.36693,0.142857,1
11339,68175,22,8,31633,0,3,1,0.25,0,1.37246,0.142857,1
11340,68170,24,8,31632,0,1,0,0.25,0,1.38424,0.142857,1
11341,68170,20,12,31632,0,1,1,0.25,0,1.37961,0.142857,1
11342,68167,20,10,31634,0,4,2,0.25,0,1.38401,0.142857,1
11343,68169,20,11,31635,0,1,1,0.25,0,1.39027,0.142857,1
11344,68169,22,10,31636,0,1,0,0.25,0,1.39091,0.142857,1
11345,68172,20,11,31636,0,1,0,0.25,0,1.37482,0.142857,1
11346,68167,21,12,31633,0,0,0,0.25,0,1.37314,0.142857,1
11347,68169,23,11,31635,0,2,0,0.25,0,1.36575,0.142857,1
11348,68167,24,10,31635,0,3,1,0.25,0,1.36213,0.142857,1
11349,68169,23,10,31635,0,2,0,0.25,0,1.3652,0.142857,1
11350,68164,23,12,31632,0,1,2,0.25,0,1.37351,0.142857,1
11351,68166,24,12,31634,0,3,0,0.25,0,1.3799,0.142857,1
11352,68166,21,14,31636,0,2,0,0.25,0,1.37765,0.142857,1
11353,68166,22,12,31639,0,4,0,0.25,0,1.36783,0.142857,1
11354,68160,22,12,31637,0,1,0,0.25,0,1.3715,0.142857,1
11355,68158,21,14,31639,0,2,0,0.25,0,1.38198,0.142857,1
11356,68155,23,10,31644,0,5,1,0.25,0,1.37183,0.142857,1
11357,68154,22,8,31648,0,5,1,0.25,0,1.37588,0.142857,1
11358,68154,18,11,31649,0,2,0,0.25,0,1.38046,0.142857,1
11359,68158,17,12,31649,0,2,1,0.25,0,1.3885,0.142857,1
11360,68159,17,11,31650,0,1,0,0.25,0,1.38198,0.142857,1
11361,68158,18,10,31650,0,1,0,0.25,0,1.38864,0.142857,1
11362,68156,17,11,31650,0,1,0,0.25,0,1.39089,0.142857,1
11363,68153,15,14,31647,0,0,0,0.25,0,1.38689,0.142857,1
11364,68146,20,11,31652,0,5,2,0.25,0,1.37541,0.142857,1
11365,68146,17,14,31652,0,1,1,0.25,0,1.38984,0.142857,1
11366,68144,15,14,31653,0,3,0,0.25,0,1.39636,0.142857,1
11367,68138,18,11,31656,0,3,0,0.25,0,1.39347,0.142857,1
11368,68137,17,10,31657,0,3,0,0.25,0,1.39396,0.142857,1
11369,68129,16,8,31661,0,4,1,0.25,0,1.39605,0.142857,1
11370,68129,17,8,31662,0,1,0,0.25,0,1.40024,0.142857,1
11371,68127,14,11,31664,0,2,0,0.25,0,1.40177,0.142857,1
11372,68124,14,13,31665,0,2,0,0.25,0,1.39372,0.142857,1
11373,68125,13,10,31668,0,5,1,0.25,0,1.38988,0.142857,1
11374,68122,15,9,31667,0,2,0,0.25,0,1.40377,0.142857,1
11375,68125,15,8,31667,0,1,1,0.25,0,1.39787,0.142857,1
11376,68123,14,11,31666,0,1,0,0.25,0,1.40913,0.142857,1
11377,68125,12,10,31669,0,4,1,0.25,0,1.39736,0.142857,1
11378,68126,14,11,31667,0,0,0,0.25,0,1.40295,0.142857,1
11379,68126,13,10,31670,0,3,0,0.25,0,1.39407,0.142857,1
11380,68122,16,8,31671,0,4,1,0.25,0,1.40358,0.142857,1
11381,68122,18,7,31671,0,1,0,0.25,0,1.3974,0.142857,1
11382,68124,18,9,31669,0,0,0,0.25,0,1.38544,0.142857,1
11383,68126,19,10,31670,0,2,1,0.25,0,1.3907,0.142857,1
11384,68129,20,10,31669,0,1,0,0.25,0,1.38055,0.142857,1
11385,68127,20,11,31670,0,1,0,0.25,0,1.38544,0.142857,1
11386,68121,22,13,31670,0,0,0,0.25,0,1.37607,0.142857,1
11387,68121,21,14,31672,0,2,1,0.25,0,1.38225,0.142857,1
11388,68122,22,14,31672,0,1,0,0.25,0,1.39069,0.142857,1
11389,68120,21,14,31674,0,3,5,0.25,0,1.38785,0.142857,1
11390,68121,20,14,31677,0,3,0,0.25,0,1.40175,0.142857,1
11391,68119,21,13,31679,0,3,1,0.25,0,1.40689,0.142857,1
11392,68118,21,13,31681,0,2,0,0.25,0,1.40991,0.142857,1
11393,68112,20,15,31682,0,3,1,0.25,0,1.40005,0.142857,1
11394,68107,23,13,31683,0,4,0,0.25,0,1.40527,0.142857,1
11395,68106,25,11,31686,0,3,1,0.25,0,1.4175,0.142857,1
11396,68103,25,11,31688,0,2,0,0.25,0,1.39836,0.142857,1
11397,68105,21,11,31691,0,4,0,0.25,0,1.40219,0.142857,1
11398,68101,20,13,31692,0,2,1,0.25,0,1.40597,0.142857,1
11399,68099,21,15,31690,0,0,0,0.25,0,1.39561,0.142857,1
11400,68099,21,17,31691,0,2,1,0.25,0,1.39056,0.142857,1
11401,68098,21,12,31697,0,7,0,0.25,0,1.40886,0.142857,1
11402,68099,16,16,31697,0,1,0,0.25,0,1.40387,0.142857,1
11403,68099,18,14,31701,0,4,1,0.25,0,1.40811,0.142857,1
11404,68094,22,9,31706,0,5,2,0.25,0,1.41283,0.142857,1
11405,68095,21,11,31704,0,0,0,0.25,0,1.40869,0.142857,1
11406,68089,21,11,31706,0,2,0,0.25,0,1.42312,0.142857,1
11407,68086,22,11,31706,0,2,0,0.25,0,1.41473,0.142857,1
11408,68083,20,13,31709,0,5,0,0.25,0,1.41984,0.142857,1
11409,68083,22,16,31708,0,0,0,0.25,0,1.43476,0.142857,1
11410,68083,24,17,31706,0,0,0,0.25,0,1.42932,0.142857,1
11411,68086,23,18,31707,0,1,0,0.25,0,1.42281,0.142857,1
11412,68083,26,15,31711,0,4,0,0.25,0,1.42773,0.142857,1
11413,68085,28,15,31710,0,0,0,0.25,0,1.42092,0.142857,1
11414,68081,26,15,31713,0,4,0,0.25,0,1.42769,0.142857,1
11415,68080,27,14,31716,0,3,1,0.25,0,1.42505,0.142857,1
11416,68076,31,12,31718,0,2,1,0.25,0,1.42812,0.142857,1
11417,68076,31,12,31720,0,3,0,0.25,0,1.41907,0.142857,1
11418,68075,32,10,31722,0,3,0,0.25,0,1.4248,0.142857,1
11419,68071,31,12,31722,0,2,0,0.25,0,1.42594,0.142857,1
11420,68071,32,10,31723,0,3,0,0.25,0,1.42728,0.142857,1
11421,68072,27,12,31725,0,4,1,0.25,0,1.41797,0.142857,1
11422,68071,27,16,31727,0,2,0,0.25,0,1.43586,0.142857,1
11423,68069,27,17,31731,0,4,2,0.25,0,1.43455,0.142857,1
11424,68067,25,16,31738,0,7,0,0.25,0,1.44887,0.142857,1
11425,68063,25,12,31744,0,6,4,0.25,0,1.44189,0.142857,1
11426,68065,21,13,31749,0,5,1,0.25,0,1.46093,0.142857,1
11427,68062,19,11,31754,0,6,0,0.25,0,1.46089,0.142857,1
11428,68060,17,13,31755,0,2,0,0.25,0,1.47161,0.142857,1
11429,68064,13,14,31759,0,4,0,0.25,0,1.47037,0.142857,1
11430,68067,15,12,31760,0,2,0,0.25,0,1.4889,0.142857,1
11431,68070,16,11,31762,0,2,0,0.25,0,1.48778,0.142857,1
11432,68067,15,12,31763,0,2,1,0.25,0,1.4881,0.142857,1
11433,68067,15,13,31762,0,0,0,0.25,0,1.49142,0.142857,1
11434,68071,14,12,31765,0,3,0,0.25,0,1.49159,0.142857,1
11435,68066,19,11,31765,0,1,0,0.25,0,1.4948,0.142857,1
11436,68060,19,12,31769,0,4,1,0.25,0,1.49844,0.142857,1
11437,68060,19,8,31773,0,5,0,0.25,0,1.50065,0.142857,1
11438,68059,18,6,31776,0,4,5,0.25,0,1.50071,0.142857,1
11439,68056,18,5,31774,0,2,0,0.25,0,1.49944,0.142857,1
11440,68059,18,4,31775,0,2,0,0.25,0,1.49473,0.142857,1
11441,68059,16,5,31776,0,1,1,0.25,0,1.49054,0.142857,1
11442,68054,16,8,31776,0,0,0,0.25,0,1.49435,0.142857,1
11443,68043,21,5,31780,0,4,0,0.25,0,1.48632,0.142857,1
11444,68042,18,10,31781,0,1,0,0.25,0,1.49512,0.142857,1
11445,68042,17,9,31781,0,3,2,0.25,0,1.48527,0.142857,1
11446,68047,17,6,31785,0,4,1,0.25,0,1.48445,0.142857,1
11447,68043,15,6,31785,0,2,0,0.25,0,1.48301,0.142857,1
11448,68041,17,6,31786,0,1,0,0.25,0,1.48928,0.142857,1
11449,68042,15,9,31785,0,0,0,0.25,0,1.50054,0.142857,1
11450,68041,15,8,31786,0,2,0,0.25,0,1.51356,0.142857,1
11451,68044,14,6,31787,0,3,1,0.25,0,1.51603,0.142857,1
11452,68041,14,5,31787,0,2,2,0.25,0,1.50661,0.142857,1
11453,68044,11,8,31785,0,0,0,0.25,0,1.50083,0.142857,1
11454,68044,10,7,31785,0,3,0,0.25,0,1.50009,0.142857,1
11455,68042,12,5,31786,0,3,1,0.25,0,1.4953,0.142857,1
11456,68041,12,6,31786,0,0,0,0.25,0,1.5009,0.142857,1
11457,68041,10,9,31783,0,0,0,0.25,0,1.49427,0.142857,1
11458,68044,9,12,31781,0,0,0,0.25,0,1.48425,0.142857,1
11459,68045,9,11,31782,0,3,0,0.25,0,1.47505,0.142857,1
11460,68044,9,13,31781,0,0,0,0.25,0,1.46469,0.142857,1
11461,68045,12,11,31783,0,2,1,0.25,0,1.44982,0.142857,1
11462,68043,12,9,31786,0,3,0,0.25,0,1.43599,0.142857,1
11463,68034,13,9,31786,0,2,1,0.25,0,1.41399,0.142857,1
11464,68029,12,12,31786,0,1,2,0.25,0,1.42609,0.142857,1
11465,68031,11,15,31784,0,0,0,0.25,0,1.42183,0.142857,1
11466,68026,14,13,31787,0,3,0,0.25,0,1.41803,0.142857,1
11467,68023,18,13,31786,0,1,0,0.25,0,1.42342,0.142857,1
11468,68018,17,12,31787,0,5,1,0.25,0,1.42903,0.142857,1
11469,68018,16,12,31789,0,3,0,0.25,0,1.42564,0.142857,1
11470,68019,17,11,31790,0,2,0,0.25,0,1.42353,0.142857,1
11471,68017,17,10,31791,0,2,0,0.25,0,1.4276,0.142857,1
11472,68015,17,12,31790,0,0,0,0.25,0,1.4214,0.142857,1
11473,68017,18,12,31791,0,2,0,0.25,0,1.42079,0.142857,1
11474,68016,18,13,31790,0,0,0,0.25,0,1.40117,0.142857,1
11475,68018,14,16,31788,0,1,0,0.25,0,1.40494,0.142857,1
11476,68015,17,14,31789,0,3,1,0.25,0,1.40402,0.142857,1
11477,68012,20,12,31791,0,5,2,0.25,0,1.39031,0.142857,1
11478,68012,18,13,31793,0,2,0,0.25,0,1.38555,0.142857,1
11479,68011,19,12,31793,0,1,1,0.25,0,1.39593,0.142857,1
11480,68007,18,14,31795,0,2,2,0.25,0,1.40367,0.142857,1
11481,68004,18,15,31797,0,2,0,0.25,0,1.40244,0.142857,1
11482,68008,17,13,31798,0,4,0,0.25,0,1.40212,0.142857,1
11483,68008,20,11,31799,0,2,0,0.25,0,1.39916,0.142857,1
11484,68008,19,13,31798,0,0,0,0.25,0,1.39749,0.142857,1
11485,68005,21,12,31801,0,3,0,0.25,0,1.39945,0.142857,1
11486,68002,21,15,31800,0,0,0,0.25,0,1.4006,0.142857,1
11487,68001,20,17,31801,0,1,0,0.25,0,1.40308,0.142857,1
11488,67994,22,18,31802,0,2,1,0.25,0,1.39753,0.142857,1
11489,67991,23,19,31800,0,1,0,0.25,0,1.40799,0.142857,1
11490,67990,23,18,31802,0,3,4,0.25,0,1.40075,0.142857,1
11491,67990,24,19,31802,0,3,3,0.25,0,1.40037,0.142857,1
11492,67992,24,18,31804,0,4,0,0.25,0,1.42624,0.142857,1
11493,67987,24,19,31805,0,3,0,0.25,0,1.42372,0.142857,1
11494,67987,25,16,31810,0,6,1,0.25,0,1.41994,0.142857,1
11495,67988,21,18,31812,0,2,0,0.25,0,1.41664,0.142857,1
11496,67986,22,15,31818,0,6,2,0.25,0,1.40963,0.142857,1
11497,67985,24,14,31821,0,5,0,0.25,0,1.39519,0.142857,1
11498,67983,19,17,31822,0,3,2,0.25,0,1.40613,0.142857,1
11499,67985,16,19,31824,0,2,1,0.25,0,1.41783,0.142857,1
11500,67982,15,19,31826,0,3,0,0.25,0,1.42418,0.142857,1
11501,67976,20,17,31828,0,3,0,0.25,0,1.41644,0.142857,1
11502,67976,21,16,31829,0,3,2,0.25,0,1.42938,0.142857,1
11503,67973,23,17,31831,0,2,0,0.25,0,1.42864,0.142857,1
11504,67975,28,15,31833,0,2,0,0.25,0,1.44056,0.142857,1
11505,67971,31,17,31833,0,1,0,0.25,0,1.44173,0.142857,1
11506,67968,34,19,31829,0,0,0,0.25,0,1.43692,0.142857,1
11507,67962,35,20,31831,0,4,1,0.25,0,1.43952,0.142857,1
11508,67958,33,22,31835,0,4,2,0.25,0,1.44821,0.142857,1
11509,67954,32,23,31837,0,4,1,0.25,0,1.45932,0.142857,1
11510,67949,32,24,31842,0,5,0,0.25,0,1.46473,0.142857,1
11511,67940,34,26,31846,0,4,0,0.25,0,1.46732,0.142857,1
11512,67929,35,24,31855,0,9,9,0.25,0,1.4595,0.142857,1
11513,67929,37,20,31860,0,6,1,0.25,0,1.47551,0.142857,1
11514,67929,34,20,31862,0,3,1,0.25,0,1.47892,0.142857,1
11515,67928,34,20,31861,0,2,0,0.25,0,1.4844,0.142857,1
11516,67927,34,23,31862,0,2,0,0.25,0,1.4783,0.142857,1
11517,67921,33,22,31867,0,5,3,0.25,0,1.48332,0.142857,1
11518,67922,32,23,31870,0,3,0,0.25,0,1.46314,0.142857,1
11519,67915,35,22,31871,0,5,2,0.25,0,1.48448,0.142857,1
11520,67913,35,18,31873,0,6,0,0.25,0,1.48876,0.142857,1
11521,67910,37,18,31873,0,3,0,0.25,0,1.4995,0.142857,1
11522,67908,39,15,31878,0,5,0,0.25,0,1.49648,0.142857,1
11523,67904,37,11,31886,0,8,0,0.25,0,1.50128,0.142857,1
11524,67895,35,15,31889,0,3,0,0.25,0,1.50281,0.142857,1
11525,67891,34,16,31894,0,5,0,0.25,0,1.50704,0.142857,1
11526,67895,31,18,31897,0,3,1,0.25,0,1.50676,0.142857,1
11527,67892,31,16,31900,0,4,1,0.25,0,1.49675,0.142857,1
11528,67888,33,13,31903,0,4,0,0.25,0,1.49193,0.142857,1
11529,67878,36,14,31905,0,2,0,0.25,0,1.48979,0.142857,1
11530,67876,34,18,31903,0,1,1,0.25,0,1.5039,0.142857,1
11531,67871,34,19,31909,0,6,3,0.25,0,1.50487,0.142857,1
11532,67869,32,20,31911,0,5,0,0.25,0,1.49513,0.142857,1
11533,67870,31,18,31915,0,6,1,0.25,0,1.49911,0.142857,1
11534,67866,35,17,31916,0,2,1,0.25,0,1.50557,0.142857,1
11535,67859,37,19,31917,0,3,2,0.25,0,1.52075,0.142857,1
11536,67854,36,19,31921,0,5,0,0.25,0,1.50514,0.142857,1
11537,67853,35,21,31923,0,3,0,0.25,0,1.49994,0.142857,1
11538,67849,33,21,31927,0,4,0,0.25,0,1.50033,0.142857,1
11539,67841,37,22,31928,0,2,0,0.25,0,1.50324,0.142857,1
11540,67836,31,22,31935,0,9,0,0.25,0,1.50377,0.142857,1
11541,67835,33,22,31937,0,2,0,0.25,0,1.49842,0.142857,1
11542,67836,31,20,31943,0,7,0,0.25,0,1.49417,0.142857,1
11543,67837,30,18,31946,0,3,0,0.25,0,1.49831,0.142857,1
11544,67830,32,20,31946,0,1,0,0.25,0,1.50661,0.142857,1
11545,67824,30,26,31947,0,2,0,0.25,0,1.51839,0.142857,1
11546,67821,34,24,31951,0,4,2,0.25,0,1.53707,0.142857,1
11547,67820,32,25,31953,0,3,0,0.25,0,1.5249,0.142857,1
11548,67819,33,22,31959,0,6,0,0.25,0,1.526,0.142857,1
11549,67818,33,22,31963,0,4,0,0.25,0,1.52181,0.142857,1
11550,67816,31,23,31967,0,4,0,0.25,0,1.51861,0.142857,1
11551,67811,30,25,31970,0,3,0,0.25,0,1.51763,0.142857,1
11552,67807,31,19,31976,0,8,1,0.25,0,1.52357,0.142857,1
11553,67802,34,18,31979,0,4,3,0.25,0,1.54357,0.142857,1
11554,67797,28,24,31983,0,6,0,0.25,0,1.55265,0.142857,1
11555,67797,29,24,31986,0,4,0,0.25,0,1.56327,0.142857,1
11556,67793,28,22,31990,0,5,0,0.25,0,1.57813,0.142857,1
11557,67788,31,24,31992,0,3,0,0.25,0,1.56345,0.142857,1
11558,67785,31,26,31993,0,3,1,0.25,0,1.56256,0.142857,1
11559,67774,34,25,31997,0,4,0,0.25,0,1.57616,0.142857,1
11560,67770,33,28,31994,0,2,1,0.25,0,1.59648,0.142857,1
11561,67763,36,27,31999,0,5,0,0.25,0,1.61037,0.142857,1
11562,67758,35,28,32004,0,6,1,0.25,0,1.60973,0.142857,1
11563,67755,33,26,32012,0,8,0,0.25,0,1.61252,0.142857,1
11564,67748,36,27,32014,0,3,1,0.25,0,1.61062,0.142857,1
11565,67745,39,25,32014,0,4,0,0.25,0,1.61021,0.142857,1
11566,67739,38,23,32019,0,8,0,0.25,0,1.60227,0.142857,1
11567,67737,37,20,32026,0,7,0,0.25,0,1.5847,0.142857,1
11568,67738,32,23,32024,0,3,1,0.25,0,1.59666,0.142857,1
11569,67726,35,25,32028,0,4,0,0.25,0,1.59901,0.142857,1
11570,67715,38,25,32029,0,5,3,0.25,0,1.60098,0.142857,1
11571,67711,33,30,32036,0,7,2,0.25,0,1.59803,0.142857,1
11572,67707,36,29,32039,0,3,0,0.25,0,1.59413,0.142857,1
11573,67703,33,27,32044,0,7,1,0.25,0,1.60292,0.142857,1
11574,67692,40,28,32046,0,4,1,0.25,0,1.60161,0.142857,1
11575,67685,43,24,32054,0,8,3,0.25,0,1.60661,0.142857,1
11576,67679,48,22,32058,0,5,0,0.25,0,1.61225,0.142857,1
11577,67677,48,20,32061,0,5,0,0.25,0,1.61182,0.142857,1
11578,67669,46,25,32063,0,4,1,0.25,0,1.621,0.142857,1
11579,67667,44,27,32067,0,4,1,0.25,0,1.62988,0.142857,1
11580,67659,45,31,32069,0,3,2,0.25,0,1.64656,0.142857,1
11581,67658,43,31,32073,0,5,3,0.25,0,1.6562,0.142857,1
11582,67648,50,28,32079,0,7,0,0.25,0,1.66239,0.142857,1
11583,67644,50,26,32083,0,6,0,0.25,0,1.66631,0.142857,1
11584,67635,50,32,32086,0,3,1,0.25,0,1.67444,0.142857,1
11585,67625,48,35,32090,0,6,0,0.25,0,1.67961,0.142857,1
11586,67613,54,39,32094,0,4,0,0.25,0,1.68858,0.142857,1
11587,67611,53,41,32100,0,7,2,0.25,0,1.68748,0.142857,1
11588,67610,47,42,32108,0,8,3,0.25,0,1.68708,0.142857,1
11589,67595,52,45,32112,0,5,1,0.25,0,1.69291,0.142857,1
11590,67590,52,45,32116,0,7,4,0.25,0,1.70982,0.142857,1
11591,67578,60,44,32123,0,8,3,0.25,0,1.70166,0.142857,1
11592,67570,58,46,32129,0,8,0,0.25,0,1.68588,0.142857,1
11593,67564,63,39,32140,0,11,0,0.25,0,1.68623,0.142857,1
11594,67556,63,39,32148,0,9,0,0.25,0,1.68192,0.142857,1
11595,67549,63,34,32157,0,11,0,0.25,0,1.68063,0.142857,1
11596,67546,61,39,32158,0,3,1,0.25,0,1.68784,0.142857,1
11597,67539,60,41,32165,0,7,1,0.25,0,1.68236,0.142857,1
11598,67527,67,42,32168,0,5,0,0.25,0,1.67525,0.142857,1
11599,67524,63,36,32181,0,16,3,0.25,0,1.67763,0.142857,1
11600,67516,65,33,32188,0,8,0,0.25,0,1.66897,0.142857,1
11601,67509,66,35,32193,0,5,3,0.25,0,1.66287,0.142857,1
11602,67501,69,33,32200,0,8,0,0.25,0,1.66411,0.142857,1
11603,67494,72,31,32205,0,6,0,0.25,0,1.66632,0.142857,1
11604,67488,72,31,32209,0,6,1,0.25,0,1.64704,0.142857,1
11605,67483,67,34,32213,0,5,7,0.25,0,1.62936,0.142857,1
11606,67481,64,37,32215,0,5,2,0.25,0,1.62476,0.142857,1
11607,67475,67,32,32224,0,10,3,0.25,0,1.62203,0.142857,1
11608,67470,68,30,32231,0,7,0,0.25,0,1.63298,0.142857,1
11609,67461,65,31,32239,0,9,0,0.25,0,1.64485,0.142857,1
11610,67456,66,31,32244,0,6,1,0.25,0,1.6442,0.142857,1
11611,67454,66,30,32247,0,7,0,0.25,0,1.64342,0.142857,1
11612,67447,66,33,32251,0,6,1,0.25,0,1.6384,0.142857,1
11613,67442,64,31,32260,0,9,6,0.25,0,1.64428,0.142857,1
11614,67438,65,32,32264,0,4,0,0.25,0,1.63636,0.142857,1
11615,67432,65,35,32269,0,6,0,0.25,0,1.62818,0.142857,1
11616,67428,66,34,32273,0,6,0,0.25,0,1.62882,0.142857,1
11617,67424,62,32,32283,0,11,6,0.25,0,1.63057,0.142857,1
11618,67423,59,31,32291,0,8,0,0.25,0,1.62775,0.142857,1
11619,67414,61,35,32291,0,3,1,0.25,0,1.65006,0.142857,1
11620,67410,64,34,32295,0,4,0,0.25,0,1.65259,0.142857,1
11621,67398,64,39,32298,0,3,1,0.25,0,1.66327,0.142857,1
11622,67383,70,39,32304,0,8,0,0.25,0,1.66294,0.142857,1
11623,67377,73,36,32312,0,8,5,0.25,0,1.65324,0.142857,1
11624,67371,70,35,32320,0,9,1,0.25,0,1.63865,0.142857,1
11625,67373,69,32,32326,0,8,0,0.25,0,1.63459,0.142857,1
11626,67371,71,27,32332,0,7,3,0.25,0,1.63755,0.142857,1
11627,67367,63,32,32338,0,7,3,0.25,0,1.62121,0.142857,1
11628,67364,66,31,32343,0,5,0,0.25,0,1.62179,0.142857,1
11629,67356,68,32,32348,0,6,0,0.25,0,1.6207,0.142857,1
11630,67350,70,38,32348,0,1,0,0.25,0,1.60338,0.142857,1
11631,67344,70,28,32363,0,16,3,0.25,0,1.61004,0.142857,1
11632,67343,64,33,32369,0,6,2,0.25,0,1.60679,0.142857,1
11633,67342,63,31,32374,0,6,0,0.25,0,1.60625,0.142857,1
11634,67335,60,30,32382,0,8,0,0.25,0,1.60155,0.142857,1
11635,67326,59,33,32386,0,6,2,0.25,0,1.59737,0.142857,1
11636,67325,52,41,32387,0,2,0,0.25,0,1.60011,0.142857,1
11637,67311,57,41,32396,0,9,7,0.25,0,1.60737,0.142857,1
11638,67297,63,44,32398,0,4,0,0.25,0,1.6176,0.142857,1
11639,67294,57,46,32408,0,11,7,0.25,0,1.62385,0.142857,1
11640,67290,59,40,32416,0,9,1,0.25,0,1.62967,0.142857,1
11641,67286,60,38,32420,0,7,1,0.25,0,1.62213,0.142857,1
11642,67281,60,40,32426,0,6,8,0.25,0,1.61262,0.142857,1
11643,67269,66,39,32433,0,9,1,0.25,0,1.61792,0.142857,1
11644,67261,68,34,32441,0,10,2,0.25,0,1.62688,0.142857,1
11645,67255,69,34,32445,0,5,0,0.25,0,1.63388,0.142857,1
11646,67252,64,40,32449,0,5,0,0.25,0,1.63062,0.142857,1
11647,67248,61,43,32454,0,8,2,0.25,0,1.61734,0.142857,1
11648,67242,65,40,32461,0,8,1,0.25,0,1.62229,0.142857,1
11649,67232,68,41,32465,0,6,0,0.25,0,1.59717,0.142857,1
11650,67218,79,38,32470,0,7,1,0.25,0,1.59861,0.142857,1
11651,67211,83,39,32472,0,4,2,0.25,0,1.60383,0.142857,1
11652,67203,83,42,32477,0,6,1,0.25,0,1.62202,0.142857,1
11653,67191,85,48,32481,0,5,1,0.25,0,1.60521,0.142857,1
11654,67188,80,49,32489,0,9,1,0.25,0,1.59949,0.142857,1
11655,67181,84,49,32494,0,8,2,0.25,0,1.6006,0.142857,1
11656,67173,83,51,32501,0,9,2,0.25,0,1.59875,0.142857,1
11657,67167,86,47,32508,0,11,2,0.25,0,1.61838,0.142857,1
11658,67160,89,44,32518,0,10,6,0.25,0,1.60835,0.142857,1
11659,67150,92,42,32526,0,9,4,0.25,0,1.6149,0.142857,1
11660,67145,90,42,32537,0,11,0,0.25,0,1.60832,0.142857,1
11661,67136,91,38,32550,0,13,3,0.25,0,1.61689,0.142857,1
11662,67129,94,37,32557,0,8,0,0.25,0,1.61528,0.142857,1
11663,67126,91,42,32561,0,5,1,0.25,0,1.62758,0.142857,1
11664,67115,95,46,32561,0,2,0,0.25,0,1.6263,0.142857,1
11665,67101,90,55,32572,0,11,0,0.25,0,1.63644,0.142857,1
11666,67095,93,51,32581,0,10,0,0.25,0,1.63496,0.142857,1
11667,67090,93,51,32592,0,11,2,0.25,0,1.63889,0.142857,1
11668,67073,103,45,32604,0,13,14,0.25,0,1.64215,0.142857,1
11669,67067,100,46,32612,0,9,3,0.25,0,1.64125,0.142857,1
11670,67056,99,47,32622,0,11,1,0.25,0,1.6342,0.142857,1
11671,67043,97,44,32638,0,16,8,0.25,0,1.64388,0.142857,1
11672,67033,95,49,32642,0,6,2,0.25,0,1.64322,0.142857,1
11673,67020,100,43,32652,0,12,7,0.25,0,1.64862,0.142857,1
11674,67012,97,38,32662,0,14,0,0.25,0,1.66652,0.142857,1
11675,67015,91,34,32674,0,13,0,0.25,0,1.65771,0.142857,1
11676,67009,90,39,32679,0,7,2,0.25,0,1.65826,0.142857,1
11677,67001,96,35,32688,0,9,0,0.25,0,1.6633,0.142857,1
11678,66994,96,34,32691,0,7,3,0.25,0,1.66788,0.142857,1
11679,66991,91,39,32698,0,7,3,0.25,0,1.66918,0.142857,1
11680,66979,92,40,32708,0,11,0,0.25,0,1.66605,0.142857,1
11681,66973,88,46,32715,0,7,0,0.25,0,1.64921,0.142857,1
11682,66968,83,51,32721,0,7,0,0.25,0,1.62632,0.142857,1
11683,66956,86,47,32735,0,16,3,0.25,0,1.61685,0.142857,1
11684,66944,87,47,32745,0,12,4,0.25,0,1.61506,0.142857,1
11685,66930,83,53,32754,0,10,0,0.25,0,1.60405,0.142857,1
11686,66921,86,45,32766,0,14,3,0.25,0,1.61433,0.142857,1
11687,66910,84,49,32774,0,9,3,0.25,0,1.61151,0.142857,1
11688,66893,84,52,32784,0,10,1,0.25,0,1.61239,0.142857,1
11689,66885,84,54,32792,0,8,3,0.25,0,1.61934,0.142857,1
11690,66870,80,56,32804,0,12,0,0.25,0,1.62699,0.142857,1
11691,66856,73,64,32812,0,10,4,0.25,0,1.61569,0.142857,1
11692,66831,87,58,32824,0,13,7,0.25,0,1.61752,0.142857,1
11693,66823,80,61,32836,0,13,23,0.25,0,1.63503,0.142857,1
11694,66804,86,60,32848,0,12,1,0.25,0,1.64744,0.142857,1
11695,66793,87,66,32855,0,7,0,0.25,0,1.66462,0.142857,1
11696,66786,82,64,32873,0,18,0,0.25,0,1.6612,0.142857,1
11697,66768,87,66,32881,0,8,3,0.25,0,1.65877,0.142857,1
11698,66760,90,54,32898,0,19,10,0.25,0,1.66572,0.142857,1
11699,66745,88,57,32909,0,12,20,0.25,0,1.66374,0.142857,1
11700,66734,88,55,32922,0,13,3,0.25,0,1.66542,0.142857,1
11701,66723,93,53,32935,0,13,1,0.25,0,1.66569,0.142857,1
11702,66715,97,58,32939,0,5,4,0.25,0,1.67052,0.142857,1
11703,66701,98,59,32951,0,13,4,0.25,0,1.66635,0.142857,1
11704,66679,109,62,32958,0,10,6,0.25,0,1.67104,0.142857,1
11705,66666,103,68,32970,0,13,6,0.25,0,1.66978,0.142857,1
11706,66648,110,61,32986,0,17,7,0.25,0,1.67879,0.142857,1
11707,66642,101,57,33006,0,20,9,0.25,0,1.68761,0.142857,1
11708,66631,98,55,33020,0,15,4,0.25,0,1.68948,0.142857,1
11709,66620,101,48,33036,0,17,0,0.25,0,1.68948,0.142857,1
11710,66612,99,45,33050,0,15,1,0.25,0,1.68151,0.142857,1
11711,66600,100,42,33063,0,13,10,0.25,0,1.68913,0.142857,1
11712,66582,104,45,33069,0,8,1,0.25,0,1.68753,0.142857,1
11713,66575,105,50,33074,0,6,1,0.25,0,1.68636,0.142857,1
11714,66561,107,53,33080,0,7,1,0.25,0,1.6939,0.142857,1
11715,66550,109,60,33081,0,5,0,0.25,0,1.70363,0.142857,1
11716,66537,110,61,33091,0,11,2,0.25,0,1.7067,0.142857,1
11717,66515,116,64,33102,0,11,0,0.25,0,1.71164,0.142857,1
11718,66505,112,68,33115,0,14,0,0.25,0,1.71495,0.142857,1
11719,66500,107,69,33125,0,12,2,0.25,0,1.71165,0.142857,1
11720,66483,106,74,33137,0,14,0,0.25,0,1.72899,0.142857,1
11721,66471,103,74,33147,0,13,6,0.25,0,1.74089,0.142857,1
11722,66449,106,81,33158,0,11,2,0.25,0,1.73003,0.142857,1
11723,66436,112,73,33173,0,18,11,0.25,0,1.74109,0.142857,1
11724,66417,117,71,33190,0,17,1,0.25,0,1.73756,0.142857,1
11725,66407,113,75,33201,0,12,1,0.25,0,1.72568,0.142857,1
11726,66390,114,78,33214,0,13,0,0.25,0,1.72822,0.142857,1
11727,66375,119,75,33230,0,17,0,0.25,0,1.73843,0.142857,1
11728,66362,121,70,33249,0,20,3,0.25,0,1.75853,0.142857,1
11729,66354,118,71,33259,0,14,7,0.25,0,1.75591,0.142857,1
11730,66342,108,77,33273,0,15,15,0.25,0,1.77355,0.142857,1
11731,66330,110,71,33289,0,16,0,0.25,0,1.76716,0.142857,1
11732,66309,122,69,33302,0,13,2,0.25,0,1.77334,0.142857,1
11733,66292,124,72,33315,0,14,4,0.25,0,1.77926,0.142857,1
11734,66278,122,71,33332,0,19,2,0.25,0,1.78974,0.142857,1
11735,66257,131,69,33347,0,15,2,0.25,0,1.79513,0.142857,1
11736,66249,129,70,33361,0,14,7,0.25,0,1.79758,0.142857,1
11737,66229,130,73,33378,0,17,5,0.25,0,1.8145,0.142857,1
11738,66216,132,74,33386,0,9,3,0.25,0,1.80202,0.142857,1
11739,66202,129,72,33402,0,17,1,0.25,0,1.79131,0.142857,1
11740,66183,133,67,33421,0,20,8,0.25,0,1.7829,0.142857,1
11741,66169,135,73,33426,0,5,0,0.25,0,1.79558,0.142857,1
11742,66149,134,71,33444,0,20,3,0.25,0,1.81574,0.142857,1
11743,66133,134,76,33458,0,14,3,0.25,0,1.8046,0.142857,1
11744,66105,146,70,33476,0,19,7,0.25,0,1.80842,0.142857,1
11745,66089,139,76,33492,0,17,14,0.25,0,1.80944,0.142857,1
11746,66075,143,72,33508,0,18,2,0.25,0,1.79471,0.142857,1
11747,66061,144,74,33518,0,10,4,0.25,0,1.79326,0.142857,1
11748,66045,142,73,33537,0,20,6,0.25,0,1.80255,0.142857,1
11749,66025,140,84,33545,0,10,4,0.25,0,1.80531,0.142857,1
11750,66013,139,84,33559,0,15,1,0.25,0,1.80292,0.142857,1
11751,65983,153,73,33588,0,30,4,0.25,0,1.8123,0.142857,1
11752,65974,149,72,33599,0,16,0,0.25,0,1.81048,0.142857,1
11753,65964,150,69,33614,0,15,3,0.25,0,1.82133,0.142857,1
11754,65946,147,70,33629,0,19,2,0.25,0,1.82647,0.142857,1
11755,65913,157,80,33640,0,13,8,0.25,0,1.82176,0.142857,1
11756,65898,162,77,33655,0,17,6,0.25,0,1.82353,0.142857,1
11757,65874,169,84,33668,0,13,4,0.25,0,1.82952,0.142857,1
11758,65856,170,88,33687,0,19,9,0.25,0,1.82791,0.142857,1
11759,65829,168,89,33711,0,25,2,0.25,0,1.82583,0.142857,1
11760,65816,164,88,33729,0,20,6,0.25,0,1.81929,0.142857,1
11761,65792,170,84,33750,0,22,0,0.25,0,1.81941,0.142857,1
11762,65771,168,77,33774,0,27,3,0.25,0,1.82289,0.142857,1
11763,65748,162,83,33797,0,24,3,0.25,0,1.81314,0.142857,1
11764,65735,170,79,33811,0,18,1,0.25,0,1.82422,0.142857,1
11765,65713,169,85,33822,0,14,8,0.25,0,1.82751,0.142857,1
11766,65702,157,96,33833,0,15,1,0.25,0,1.82567,0.142857,1
11767,65678,152,103,33853,0,22,3,0.25,0,1.81192,0.142857,1
11768,65656,152,105,33871,0,20,6,0.25,0,1.79417,0.142857,1
11769,65642,147,101,33894,0,24,8,0.25,0,1.79411,0.142857,1
11770,65619,156,99,33913,0,19,10,0.25,0,1.8039,0.142857,1
11771,65602,158,84,33939,0,26,3,0.25,0,1.80194,0.142857,1
11772,65585,156,90,33954,0,16,5,0.25,0,1.79019,0.142857,1
11773,65557,165,87,33976,0,24,1,0.25,0,1.783,0.142857,1
11774,65548,161,83,33995,0,19,2,0.25,0,1.77827,0.142857,1
11775,65533,162,83,34010,0,17,0,0.25,0,1.77681,0.142857,1
11776,65517,164,78,34028,0,19,8,0.25,0,1.7765,0.142857,1
11777,65503,161,76,34045,0,19,3,0.25,0,1.77901,0.142857,1
11778,65491,157,82,34057,0,13,1,0.25,0,1.78416,0.142857,1
11779,65470,160,84,34074,0,18,11,0.25,0,1.77825,0.142857,1
11780,65451,151,92,34091,0,19,0,0.25,0,1.78069,0.142857,1
11781,65434,152,96,34108,0,18,4,0.25,0,1.79302,0.142857,1
11782,65420,154,92,34123,0,17,16,0.25,0,1.79112,0.142857,1
11783,65402,145,106,34137,0,15,2,0.25,0,1.78936,0.142857,1
11784,65373,154,107,34157,0,20,0,0.25,0,1.80498,0.142857,1
11785,65340,171,102,34176,0,20,2,0.25,0,1.79923,0.142857,1
11786,65319,165,110,34194,0,18,2,0.25,0,1.79218,0.142857,1
11787,65284,179,115,34208,0,17,4,0.25,0,1.78668,0.142857,1
11788,65270,180,113,34228,0,21,2,0.25,0,1.78892,0.142857,1
11789,65232,181,126,34251,0,23,13,0.25,0,1.79574,0.142857,1
11790,65194,198,122,34270,0,21,2,0.25,0,1.79254,0.142857,1
11791,65165,199,130,34291,0,21,3,0.25,0,1.78571,0.142857,1
11792,65144,194,129,34319,0,30,4,0.25,0,1.78446,0.142857,1
11793,65107,195,142,34340,0,21,1,0.25,0,1.78135,0.142857,1
11794,65069,217,138,34361,0,23,6,0.25,0,1.77503,0.142857,1
11795,65045,213,141,34389,0,28,2,0.25,0,1.77343,0.142857,1
11796,65013,224,140,34413,0,24,2,0.25,0,1.76177,0.142857,1
11797,64979,235,135,34442,0,29,19,0.25,0,1.75539,0.142857,1
11798,64944,235,143,34470,0,28,13,0.25,0,1.75059,0.142857,1
11799,64908,237,143,34504,0,35,4,0.25,0,1.76611,0.142857,1
11800,64877,238,146,34532,0,28,13,0.25,0,1.76996,0.142857,1
11801,64849,245,142,34556,0,26,3,0.25,0,1.76278,0.142857,1
11802,64811,255,148,34580,0,25,16,0.25,0,1.77086,0.142857,1
11803,64769,263,144,34617,0,37,0,0.25,0,1.77877,0.142857,1
11804,64745,263,147,34644,0,27,5,0.25,0,1.77842,0.142857,1
11805,64708,268,143,34678,0,35,6,0.25,0,1.79058,0.142857,1
11806,64678,273,149,34701,0,24,7,0.25,0,1.77312,0.142857,1
11807,64655,261,153,34735,0,34,6,0.25,0,1.78201,0.142857,1
11808,64619,257,168,34760,0,25,2,0.25,0,1.78538,0.142857,1
11809,64586,265,163,34791,0,34,25,0.25,0,1.76664,0.142857,1
11810,64554,264,165,34823,0,32,26,0.25,0,1.78312,0.142857,1
11811,64511,271,171,34854,0,31,1,0.25,0,1.78238,0.142857,1
11812,64482,271,180,34876,0,24,8,0.25,0,1.78741,0.142857,1
11813,64443,272,179,34916,0,40,4,0.25,0,1.78734,0.142857,1
11814,64402,265,189,34954,0,39,19,0.25,0,1.79138,0.142857,1
11815,64357,280,185,34988,0,34,2,0.25,0,1.79792,0.142857,1
11816,64327,278,184,35023,0,37,4,0.25,0,1.8032,0.142857,1
11817,64282,282,188,35061,0,38,26,0.25,0,1.81585,0.142857,1
11818,64242,292,192,35089,0,31,10,0.25,0,1.81005,0.142857,1
11819,64199,305,191,35121,0,32,13,0.25,0,1.8145,0.142857,1
11820,64155,307,199,35151,0,32,0,0.25,0,1.80558,0.142857,1
11821,64108,322,197,35186,0,36,8,0.25,0,1.8122,0.142857,1
11822,64070,312,206,35226,0,42,1,0.25,0,1.8141,0.142857,1
11823,64024,325,201,35266,0,41,0,0.25,0,1.81026,0.142857,1
11824,63971,343,200,35302,0,36,18,0.25,0,1.8165,0.142857,1
11825,63930,344,201,35341,0,41,5,0.25,0,1.81571,0.142857,1
11826,63894,350,200,35378,0,37,2,0.25,0,1.82052,0.142857,1
11827,63857,346,206,35415,0,38,31,0.25,0,1.81722,0.142857,1
11828,63810,352,218,35448,0,33,9,0.25,0,1.81431,0.142857,1
11829,63755,369,208,35496,0,48,19,0.25,0,1.81166,0.142857,1
11830,63710,357,219,35540,0,45,12,0.25,0,1.82834,0.142857,1
11831,63665,355,223,35582,0,43,26,0.25,0,1.83773,0.142857,1
11832,63625,345,225,35630,0,50,28,0.25,0,1.85398,0.142857,1
11833,63567,362,215,35685,0,56,6,0.25,0,1.84768,0.142857,1
11834,63516,369,227,35715,0,34,2,0.25,0,1.85298,0.142857,1
11835,63485,358,229,35758,0,44,1,0.25,0,1.86123,0.142857,1
11836,63446,369,225,35798,0,40,9,0.25,0,1.84874,0.142857,1
11837,63401,369,220,35848,0,50,38,0.25,0,1.85419,0.142857,1
11838,63357,377,206,35898,0,52,3,0.25,0,1.84612,0.142857,1
11839,63317,367,214,35941,0,44,28,0.25,0,1.85153,0.142857,1
11840,63253,378,222,35986,0,47,2,0.25,0,1.84619,0.142857,1
11841,63198,390,235,36018,0,33,11,0.25,0,1.84122,0.142857,1
11842,63148,400,227,36068,0,51,9,0.25,0,1.86688,0.142857,1
11843,63089,401,234,36117,0,49,6,0.25,0,1.87135,0.142857,1
11844,63018,429,219,36172,0,55,1,0.25,0,1.87399,0.142857,1
11845,62978,430,211,36223,0,52,21,0.25,0,1.86214,0.142857,1
11846,62928,428,222,36263,0,43,28,0.25,0,1.86573,0.142857,1
11847,62891,410,224,36318,0,56,7,0.25,0,1.86815,0.142857,1
11848,62840,402,239,36360,0,44,1,0.25,0,1.87121,0.142857,1
11849,62781,412,231,36417,0,57,2,0.25,0,1.8721,0.142857,1
11850,62730,404,241,36465,0,49,0,0.25,0,1.86075,0.142857,1
11851,62670,421,237,36514,0,49,4,0.25,0,1.87311,0.142857,1
11852,62628,419,236,36561,0,47,8,0.25,0,1.89263,0.142857,1
11853,62565,454,232,36596,0,38,13,0.25,0,1.893,0.142857,1
11854,62508,453,250,36633,0,39,1,0.25,0,1.8883,0.142857,1
11855,62436,457,257,36688,0,56,7,0.25,0,1.8803,0.142857,1
11856,62375,468,254,36746,0,58,12,0.25,0,1.88861,0.142857,1
11857,62325,463,261,36795,0,50,1,0.25,0,1.88348,0.142857,1
11858,62276,456,273,36837,0,43,3,0.25,0,1.88528,0.142857,1
11859,62222,454,252,36913,0,77,0,0.25,0,1.88232,0.142857,1
11860,62170,458,249,36963,0,53,4,0.25,0,1.88628,0.142857,1
11861,62127,454,248,37013,0,50,4,0.25,0,1.88772,0.142857,1
11862,62082,443,255,37063,0,50,0,0.25,0,1.88706,0.142857,1
11863,62025,440,268,37112,0,51,22,0.25,0,1.88973,0.142857,1
11864,61970,453,259,37164,0,54,1,0.25,0,1.88411,0.142857,1
11865,61902,461,268,37215,0,53,2,0.25,0,1.89359,0.142857,1
11866,61832,471,274,37269,0,56,12,0.25,0,1.90952,0.142857,1
11867,61771,472,284,37319,0,50,8,0.25,0,1.91787,0.142857,1
11868,61706,479,277,37379,0,63,4,0.25,0,1.91829,0.142857,1
11869,61642,484,254,37460,0,82,1,0.25,0,1.93818,0.142857,1
11870,61581,485,272,37504,0,44,0,0.25,0,1.93076,0.142857,1
11871,61516,489,285,37551,0,49,24,0.25,0,1.93747,0.142857,1
11872,61444,500,274,37623,0,73,17,0.25,0,1.94779,0.142857,1
11873,61389,505,267,37676,0,55,14,0.25,0,1.95164,0.142857,1
11874,61328,510,281,37722,0,47,23,0.25,0,1.9378,0.142857,1
11875,61257,523,285,37778,0,56,19,0.25,0,1.93671,0.142857,1
11876,61175,527,307,37834,0,57,3,0.25,0,1.95095,0.142857,1
11877,61105,537,302,37897,0,66,98,0.25,0,1.95861,0.142857,1
11878,61033,552,305,37958,0,62,13,0.25,0,1.95387,0.142857,1
11879,60948,561,315,38023,0,66,0,0.25,0,1.95948,0.142857,1
11880,60870,574,317,38083,0,60,0,0.25,0,1.95845,0.142857,1
11881,60800,577,324,38144,0,62,15,0.25,0,1.95212,0.142857,1
11882,60732,567,328,38218,0,75,14,0.25,0,1.96223,0.142857,1
11883,60649,581,335,38282,0,65,3,0.25,0,1.9674,0.142857,1
11884,60571,585,347,38342,0,63,17,0.25,0,1.97164,0.142857,1
11885,60492,601,343,38404,0,69,26,0.25,0,1.96831,0.142857,1
11886,60416,609,351,38468,0,65,23,0.25,0,1.97419,0.142857,1
11887,60320,638,342,38550,0,82,1,0.25,0,1.96053,0.142857,1
11888,60238,643,344,38623,0,73,64,0.25,0,1.96306,0.142857,1
11889,60151,655,353,38689,0,66,20,0.25,0,1.97432,0.142857,1
11890,60063,676,351,38760,0,71,24,0.25,0,1.98143,0.142857,1
11891,59975,680,370,38826,0,66,17,0.25,0,1.98918,0.142857,1
11892,59898,685,380,38889,0,64,16,0.25,0,1.9902,0.142857,1
11893,59819,673,386,38973,0,86,14,0.25,0,1.99096,0.142857,1
11894,59741,672,407,39029,0,59,5,0.25,0,1.99033,0.142857,1
11895,59633,695,408,39116,0,87,3,0.25,0,2.00372,0.142857,1
11896,59541,715,401,39199,0,83,4,0.25,0,2.00868,0.142857,1
11897,59459,712,421,39268,0,70,0,0.25,0,2.00756,0.142857,1
11898,59365,728,407,39361,0,95,17,0.25,0,2.01474,0.142857,1
11899,59275,734,401,39450,0,90,8,0.25,0,2.03416,0.142857,1
11900,59189,726,408,39537,0,87,23,0.25,0,2.03121,0.142857,1
11901,59087,740,413,39620,0,84,4,0.25,0,2.02775,0.142857,1
11902,58985,759,434,39682,0,64,22,0.25,0,2.04024,0.142857,1
11903,58895,763,429,39770,0,90,24,0.25,0,2.03109,0.142857,1
11904,58789,767,444,39860,0,91,2,0.25,0,2.03248,0.142857,1
11905,58684,786,444,39945,0,87,16,0.25,0,2.0254,0.142857,1
11906,58605,775,448,40034,0,89,25,0.25,0,2.03036,0.142857,1
11907,58502,784,453,40122,0,89,21,0.25,0,2.02208,0.142857,1
11908,58390,791,464,40216,0,96,14,0.25,0,2.04261,0.142857,1
11909,58286,795,480,40299,0,85,6,0.25,0,2.05133,0.142857,1
11910,58193,789,491,40394,0,95,13,0.25,0,2.05034,0.142857,1
11911,58070,806,499,40495,0,102,7,0.25,0,2.04374,0.142857,1
11912,57969,803,509,40584,0,91,9,0.25,0,2.04106,0.142857,1
11913,57859,817,511,40681,0,97,92,0.25,0,2.02948,0.142857,1
11914,57738,848,494,40786,0,107,85,0.25,0,2.01148,0.142857,1
11915,57635,848,512,40873,0,87,4,0.25,0,2.02136,0.142857,1
11916,57541,854,506,40976,0,104,18,0.25,0,2.0193,0.142857,1
11917,57432,867,501,41078,0,102,28,0.25,0,2.02066,0.142857,1
11918,57317,873,512,41176,0,101,3,0.25,0,2.00955,0.142857,1
11919,57205,878,529,41265,0,91,2,0.25,0,2.01334,0.142857,1
11920,57100,875,542,41361,0,97,8,0.25,0,2.01038,0.142857,1
11921,56974,884,544,41475,0,115,26,0.25,0,2.00426,0.142857,1
11922,56831,918,552,41576,0,104,19,0.25,0,2.00401,0.142857,1
11923,56706,936,548,41686,0,114,1,0.25,0,2.00364,0.142857,1
11924,56577,941,556,41806,0,121,10,0.25,0,2.00281,0.142857,1
11925,56443,956,573,41912,0,109,24,0.25,0,2.01316,0.142857,1
11926,56313,948,601,42027,0,116,35,0.25,0,2.01975,0.142857,1
11927,56188,952,610,42141,0,115,42,0.25,0,2.01491,0.142857,1
11928,56053,984,593,42258,0,120,16,0.25,0,2.02355,0.142857,1
11929,55927,978,605,42381,0,123,96,0.25,0,2.02072,0.142857,1
11930,55798,980,610,42499,0,122,9,0.25,0,2.02409,0.142857,1
11931,55636,995,644,42610,0,112,0,0.25,0,2.02341,0.142857,1
11932,55488,1031,619,42749,0,140,33,0.25,0,2.0186,0.142857,1
11933,55376,1001,641,42872,0,125,43,0.25,0,2.02218,0.142857,1
11934,55245,1000,648,42998,0,126,22,0.25,0,2.03282,0.142857,1
11935,55097,1037,630,43126,0,132,30,0.25,0,2.02904,0.142857,1
11936,54954,1061,630,43243,0,118,16,0.25,0,2.04445,0.142857,1
11937,54828,1041,638,43381,0,140,194,0.25,0,2.04875,0.142857,1
11938,54690,1029,650,43518,0,139,31,0.25,0,2.05571,0.142857,1
11939,54563,1044,628,43649,0,133,11,0.25,0,2.05427,0.142857,1
11940,54436,1039,628,43787,0,139,4,0.25,0,2.0534,0.142857,1
11941,54269,1049,639,43931,0,144,25,0.25,0,2.06403,0.142857,1
11942,54131,1071,628,44058,0,128,7,0.25,0,2.0581,0.142857,1
11943,53999,1070,625,44199,0,141,71,0.25,0,2.06064,0.142857,1
11944,53844,1085,653,44317,0,118,17,0.25,0,2.06677,0.142857,1
11945,53691,1092,671,44443,0,127,60,0.25,0,2.06902,0.142857,1
11946,53548,1115,680,44556,0,115,44,0.25,0,2.07055,0.142857,1
11947,53400,1120,687,44688,0,133,3,0.25,0,2.07779,0.142857,1
11948,53255,1121,691,44831,0,145,36,0.25,0,2.07507,0.142857,1
11949,53099,1128,707,44966,0,137,15,0.25,0,2.07547,0.142857,1
11950,52958,1142,692,45112,0,149,1,0.25,0,2.07609,0.142857,1
11951,52787,1180,708,45233,0,121,5,0.25,0,2.0692,0.142857,1
11952,52641,1183,703,45381,0,148,2,0.25,0,2.07968,0.142857,1
11953,52500,1177,723,45513,0,133,29,0.25,0,2.08528,0.142857,1
11954,52352,1161,741,45656,0,147,10,0.25,0,2.08429,0.142857,1
11955,52184,1173,760,45793,0,138,48,0.25,0,2.09252,0.142857,1
11956,52008,1207,770,45928,0,136,146,0.25,0,2.10101,0.142857,1
11957,51867,1204,779,46061,0,136,11,0.25,0,2.11313,0.142857,1
11958,51718,1206,778,46214,0,153,51,0.25,0,2.1086,0.142857,1
11959,51557,1224,773,46360,0,149,10,0.25,0,2.11723,0.142857,1
11960,51410,1216,773,46519,0,159,28,0.25,0,2.12375,0.142857,1
11961,51242,1230,771,46669,0,156,9,0.25,0,2.12916,0.142857,1
11962,51083,1221,760,46845,0,179,3,0.25,0,2.13925,0.142857,1
11963,50905,1256,757,46995,0,152,4,0.25,0,2.14135,0.142857,1
11964,50740,1276,749,47148,0,153,89,0.25,0,2.14514,0.142857,1
11965,50574,1284,773,47282,0,136,12,0.25,0,2.15888,0.142857,1
11966,50413,1263,798,47440,0,160,30,0.25,0,2.17223,0.142857,1
11967,50266,1238,814,47590,0,155,171,0.25,0,2.17636,0.142857,1
11968,50069,1254,871,47712,0,124,45,0.25,0,2.18956,0.142857,1
11969,49880,1286,855,47881,0,172,75,0.25,0,2.1935,0.142857,1
11970,49705,1312,824,48058,0,177,30,0.25,0,2.19617,0.142857,1
11971,49551,1295,827,48229,0,175,28,0.25,0,2.20572,0.142857,1
11972,49359,1343,824,48377,0,150,31,0.25,0,2.20734,0.142857,1
11973,49157,1369,838,48537,0,162,35,0.25,0,2.21791,0.142857,1
11974,48975,1377,840,48707,0,172,0,0.25,0,2.21154,0.142857,1
11975,48820,1368,841,48867,0,163,43,0.25,0,2.20964,0.142857,1
11976,48641,1354,855,49044,0,179,8,0.25,0,2.21153,0.142857,1
11977,48442,1376,855,49220,0,177,5,0.25,0,2.20398,0.142857,1
11978,48260,1391,822,49418,0,200,57,0.25,0,2.20321,0.142857,1
11979,48067,1412,854,49557,0,140,122,0.25,0,2.21739,0.142857,1
11980,47894,1407,862,49727,0,170,14,0.25,0,2.2296,0.142857,1
11981,47705,1412,870,49896,0,173,42,0.25,0,2.23249,0.142857,1
11982,47539,1406,868,50072,0,177,18,0.25,0,2.23689,0.142857,1
11983,47368,1376,894,50247,0,177,64,0.25,0,2.25708,0.142857,1
11984,47175,1406,890,50416,0,171,2,0.25,0,2.24191,0.142857,1
11985,46961,1438,911,50579,0,165,40,0.25,0,2.24396,0.142857,1
11986,46784,1435,896,50776,0,197,26,0.25,0,2.23503,0.142857,1
11987,46608,1428,881,50975,0,200,47,0.25,0,2.23127,0.142857,1
11988,46415,1447,875,51151,0,178,23,0.25,0,2.24309,0.142857,1
11989,46242,1436,882,51325,0,178,39,0.25,0,2.2487,0.142857,1
11990,46048,1449,909,51477,0,154,29,0.25,0,2.25983,0.142857,1
11991,45863,1470,886,51664,0,188,49,0.25,0,2.24877,0.142857,1
11992,45676,1468,882,51856,0,196,16,0.25,0,2.25111,0.142857,1
11993,45504,1460,898,52018,0,163,13,0.25,0,2.22966,0.142857,1
11994,45295,1470,927,52189,0,172,145,0.25,0,2.23371,0.142857,1
11995,45083,1489,913,52395,0,206,49,0.25,0,2.22367,0.142857,1
11996,44906,1483,925,52570,0,175,32,0.25,0,2.2353,0.142857,1
11997,44707,1481,934,52762,0,192,101,0.25,0,2.2261,0.142857,1
11998,44523,1480,919,52962,0,203,51,0.25,0,2.20861,0.142857,1
11999,44349,1495,894,53150,0,190,34,0.25,0,2.2147,0.142857,1
12000,44191,1457,909,53329,0,181,5,0.25,0,2.20741,0.142857,1
12001,44020,1439,930,53500,0,172,2,0.25,0,2.21114,0.142857,1
12002,43847,1412,942,53689,0,190,14,0.25,0,2.1955,0.142857,1
12003,43662,1443,887,53902,0,215,158,0.25,0,2.1927,0.142857,1
12004,43469,1441,890,54092,0,192,20,0.25,0,2.20713,0.142857,1
12005,43281,1449,880,54281,0,190,22,0.25,0,2.21151,0.142857,1
12006,43111,1419,920,54441,0,161,78,0.25,0,2.20497,0.142857,1
12007,42934,1432,897,54632,0,191,31,0.25,0,2.20827,0.142857,1
12008,42763,1407,889,54833,0,203,10,0.25,0,2.20867,0.142857,1
12009,42593,1387,881,55029,0,198,12,0.25,0,2.21999,0.142857,1
12010,42412,1415,862,55204,0,175,0,0.25,0,2.21665,0.142857,1
12011,42267,1370,871,55384,0,183,41,0.25,0,2.21846,0.142857,1
12012,42095,1369,899,55530,0,148,26,0.25,0,2.2169,0.142857,1
12013,41936,1356,885,55719,0,190,25,0.25,0,2.21559,0.142857,1
12014,41780,1355,890,55871,0,154,47,0.25,0,2.21173,0.142857,1
12015,41640,1335,850,56069,0,200,18,0.25,0,2.21827,0.142857,1
12016,41479,1343,838,56232,0,165,3,0.25,0,2.24132,0.142857,1
12017,41312,1357,852,56371,0,141,184,0.25,0,2.24723,0.142857,1
12018,41171,1355,851,56518,0,148,30,0.25,0,2.24729,0.142857,1
12019,41016,1340,870,56672,0,156,14,0.25,0,2.2374,0.142857,1
12020,40854,1332,870,56841,0,170,42,0.25,0,2.24682,0.142857,1
12021,40700,1326,848,57024,0,188,7,0.25,0,2.23241,0.142857,1
12022,40537,1316,841,57202,0,182,29,0.25,0,2.23427,0.142857,1
12023,40388,1322,823,57364,0,165,16,0.25,0,2.21669,0.142857,1
12024,40239,1311,814,57533,0,170,52,0.25,0,2.22189,0.142857,1
12025,40125,1264,821,57693,0,161,37,0.25,0,2.23521,0.142857,1
12026,39979,1257,819,57843,0,156,49,0.25,0,2.23326,0.142857,1
12027,39839,1250,823,57988,0,147,0,0.25,0,2.23981,0.142857,1
12028,39704,1225,813,58155,0,172,59,0.25,0,2.24405,0.142857,1
12029,39556,1215,822,58305,0,153,30,0.25,0,2.24192,0.142857,1
12030,39453,1161,844,58442,0,139,61,0.25,0,2.25859,0.142857,1
12031,39307,1153,853,58587,0,148,19,0.25,0,2.25444,0.142857,1
12032,39169,1142,831,58754,0,169,0,0.25,0,2.26502,0.142857,1
12033,39040,1146,796,58914,0,161,19,0.25,0,2.24204,0.142857,1
12034,38910,1144,768,59074,0,162,22,0.25,0,2.24389,0.142857,1
12035,38777,1124,774,59223,0,150,0,0.25,0,2.2464,0.142857,1
12036,38628,1126,769,59376,0,153,50,0.25,0,2.2758,0.142857,1
12037,38488,1147,722,59541,0,167,10,0.25,0,2.28272,0.142857,1
12038,38361,1117,715,59702,0,164,8,0.25,0,2.28619,0.142857,1
12039,38229,1142,687,59838,0,138,5,0.25,0,2.28858,0.142857,1
12040,38121,1118,687,59971,0,133,92,0.25,0,2.2985,0.142857,1
12041,38012,1082,685,60121,0,152,9,0.25,0,2.3057,0.142857,1
12042,37880,1079,673,60266,0,148,9,0.25,0,2.29811,0.142857,1
12043,37766,1090,664,60381,0,117,3,0.25,0,2.28158,0.142857,1
12044,37644,1072,677,60512,0,132,11,0.25,0,2.27769,0.142857,1
12045,37542,1039,656,60671,0,160,14,0.25,0,2.28165,0.142857,1
12046,37443,1017,661,60791,0,122,4,0.25,0,2.28567,0.142857,1
12047,37321,1016,676,60896,0,111,15,0.25,0,2.27839,0.142857,1
12048,37210,995,680,61023,0,129,0,0.25,0,2.27917,0.142857,1
12049,37091,989,679,61149,0,128,2,0.25,0,2.28516,0.142857,1
12050,36987,958,678,61284,0,138,11,0.25,0,2.29908,0.142857,1
12051,36894,948,657,61412,0,131,96,0.25,0,2.30293,0.142857,1
12052,36783,922,661,61542,0,134,18,0.25,0,2.31649,0.142857,1
12053,36668,917,666,61659,0,122,106,0.25,0,2.31884,0.142857,1
12054,36551,943,644,61773,0,119,75,0.25,0,2.31717,0.142857,1
12055,36463,916,626,61904,0,134,48,0.25,0,2.3224,0.142857,1
12056,36374,895,625,62013,0,114,36,0.25,0,2.3294,0.142857,1
12057,36275,873,613,62146,0,134,10,0.25,0,2.33512,0.142857,1
12058,36178,874,596,62256,0,115,169,0.25,0,2.32397,0.142857,1
12059,36107,851,573,62375,0,122,20,0.25,0,2.32678,0.142857,1
12060,36010,821,583,62490,0,117,3,0.25,0,2.3304,0.142857,1
12061,35903,818,591,62592,0,104,38,0.25,0,2.33833,0.142857,1
12062,35806,825,557,62716,0,125,45,0.25,0,2.35941,0.142857,1
12063,35716,817,552,62816,0,106,11,0.25,0,2.34522,0.142857,1
12064,35620,817,540,62922,0,110,24,0.25,0,2.35149,0.142857,1
12065,35524,793,544,63038,0,118,2,0.25,0,2.3599,0.142857,1
12066,35445,788,512,63159,0,121,16,0.25,0,2.37695,0.142857,1
12067,35366,771,498,63269,0,113,15,0.25,0,2.36806,0.142857,1
12068,35288,744,506,63366,0,99,26,0.25,0,2.36152,0.142857,1
12069,35220,720,489,63470,0,105,2,0.25,0,2.36209,0.142857,1
12070,35122,736,486,63554,0,88,7,0.25,0,2.36798,0.142857,1
12071,35065,710,479,63643,0,92,8,0.25,0,2.39571,0.142857,1
12072,34978,709,459,63752,0,110,29,0.25,0,2.40724,0.142857,1
12073,34898,711,441,63853,0,102,35,0.25,0,2.39264,0.142857,1
12074,34820,717,434,63931,0,81,10,0.25,0,2.38734,0.142857,1
12075,34766,696,442,64002,0,73,20,0.25,0,2.39941,0.142857,1
12076,34692,697,438,64075,0,79,16,0.25,0,2.39433,0.142857,1
12077,34600,708,444,64152,0,78,25,0.25,0,2.4099,0.142857,1
12078,34510,707,451,64233,0,85,24,0.25,0,2.39815,0.142857,1
12079,34444,691,453,64312,0,82,9,0.25,0,2.40388,0.142857,1
12080,34369,677,461,64398,0,87,68,0.25,0,2.39402,0.142857,1
12081,34305,656,459,64483,0,88,1,0.25,0,2.38478,0.142857,1
12082,34229,646,464,64563,0,82,38,0.25,0,2.39333,0.142857,1
12083,34162,618,467,64654,0,93,19,0.25,0,2.40546,0.142857,1
12084,34078,622,455,64745,0,92,14,0.25,0,2.40022,0.142857,1
12085,34018,610,432,64847,0,103,56,0.25,0,2.39993,0.142857,1
12086,33951,597,438,64922,0,78,5,0.25,0,2.39886,0.142857,1
12087,33881,610,412,65006,0,88,0,0.25,0,2.40808,0.142857,1
12088,33810,607,404,65086,0,83,33,0.25,0,2.4159,0.142857,1
12089,33754,596,401,65158,0,73,19,0.25,0,2.41149,0.142857,1
12090,33680,594,396,65238,0,81,66,0.25,0,2.41252,0.142857,1
12091,33624,582,399,65306,0,69,4,0.25,0,2.40226,0.142857,1
12092,33562,566,410,65374,0,70,12,0.25,0,2.39618,0.142857,1
12093,33482,577,400,65450,0,80,2,0.25,0,2.39857,0.142857,1
12094,33412,580,399,65519,0,72,36,0.25,0,2.39735,0.142857,1
12095,33347,581,386,65598,0,80,4,0.25,0,2.39747,0.142857,1
12096,33299,542,396,65672,0,78,13,0.25,0,2.40193,0.142857,1
12097,33232,540,384,65751,0,83,8,0.25,0,2.39139,0.142857,1
12098,33168,544,369,65824,0,74,1,0.25,0,2.38207,0.142857,1
12099,33117,531,353,65899,0,81,7,0.25,0,2.38059,0.142857,1
12100,33059,524,358,65958,0,61,20,0.25,0,2.39173,0.142857,1
12101,33008,520,366,66003,0,51,21,0.25,0,2.39407,0.142857,1
12102,32972,506,343,66075,0,77,11,0.25,0,2.39011,0.142857,1
12103,32922,496,323,66152,0,81,24,0.25,0,2.3883,0.142857,1
12104,32873,480,313,66225,0,75,3,0.25,0,2.3937,0.142857,1
12105,32826,476,294,66295,0,73,11,0.25,0,2.3898,0.142857,1
12106,32783,471,275,66362,0,69,29,0.25,0,2.38941,0.142857,1
12107,32744,460,266,66419,0,59,3,0.25,0,2.38114,0.142857,1
12108,32689,462,265,66471,0,52,48,0.25,0,2.37471,0.142857,1
12109,32663,440,266,66513,0,48,3,0.25,0,2.36048,0.142857,1
12110,32633,416,272,66561,0,52,4,0.25,0,2.34844,0.142857,1
12111,32599,408,275,66608,0,49,9,0.25,0,2.34457,0.142857,1
12112,32551,403,262,66672,0,67,57,0.25,0,2.34969,0.142857,1
12113,32510,399,247,66730,0,60,9,0.25,0,2.33727,0.142857,1
12114,32464,394,248,66777,0,48,29,0.25,0,2.33467,0.142857,1
12115,32430,384,248,66822,0,47,44,0.25,0,2.32681,0.142857,1
12116,32385,372,253,66871,0,51,22,0.25,0,2.32245,0.142857,1
12117,32356,369,241,66917,0,49,18,0.25,0,2.32293,0.142857,1
12118,32335,341,242,66964,0,52,59,0.25,0,2.32538,0.142857,1
12119,32287,345,239,67010,0,48,6,0.25,0,2.32867,0.142857,1
12120,32251,347,229,67051,0,45,4,0.25,0,2.32673,0.142857,1
12121,32235,326,229,67094,0,44,9,0.25,0,2.33629,0.142857,1
12122,32198,329,217,67136,0,48,7,0.25,0,2.3302,0.142857,1
12123,32171,315,215,67181,0,48,0,0.25,0,2.34306,0.142857,1
12124,32152,301,213,67218,0,40,10,0.25,0,2.34289,0.142857,1
12125,32133,287,207,67264,0,46,19,0.25,0,2.32254,0.142857,1
12126,32094,285,193,67313,0,53,0,0.25,0,2.31873,0.142857,1
12127,32073,279,190,67351,0,40,3,0.25,0,2.31491,0.142857,1
12128,32039,285,185,67386,0,38,11,0.25,0,2.32618,0.142857,1
12129,32020,266,191,67419,0,34,10,0.25,0,2.34528,0.142857,1
12130,31999,253,191,67455,0,37,8,0.25,0,2.34961,0.142857,1
12131,31974,246,175,67501,0,48,35,0.25,0,2.34383,0.142857,1
12132,31944,243,175,67534,0,34,11,0.25,0,2.34235,0.142857,1
12133,31912,249,167,67569,0,35,9,0.25,0,2.34839,0.142857,1
12134,31899,248,159,67591,0,28,11,0.25,0,2.35228,0.142857,1
12135,31874,241,164,67614,0,25,18,0.25,0,2.34577,0.142857,1
12136,31853,239,159,67644,0,34,20,0.25,0,2.35644,0.142857,1
12137,31840,231,160,67663,0,23,5,0.25,0,2.35925,0.142857,1
12138,31821,219,163,67693,0,31,8,0.25,0,2.3469,0.142857,1
12139,31808,217,149,67721,0,32,7,0.25,0,2.36622,0.142857,1
12140,31788,214,140,67749,0,32,10,0.25,0,2.37298,0.142857,1
12141,31772,216,131,67770,0,27,17,0.25,0,2.37999,0.142857,1
12142,31755,209,133,67795,0,26,4,0.25,0,2.37046,0.142857,1
12143,31729,210,139,67812,0,23,5,0.25,0,2.38565,0.142857,1
12144,31723,199,134,67839,0,30,5,0.25,0,2.40276,0.142857,1
12145,31715,188,137,67859,0,22,7,0.25,0,2.39286,0.142857,1
12146,31698,189,137,67876,0,22,13,0.25,0,2.3963,0.142857,1
12147,31678,192,127,67900,0,27,6,0.25,0,2.39824,0.142857,1
12148,31661,177,132,67926,0,29,8,0.25,0,2.40897,0.142857,1
12149,31646,161,143,67947,0,23,11,0.25,0,2.42758,0.142857,1
12150,31631,166,130,67971,0,27,1,0.25,0,2.42652,0.142857,1
12151,31614,153,140,67991,0,23,1,0.25,0,2.41694,0.142857,1
12152,31610,150,132,68013,0,24,4,0.25,0,2.43019,0.142857,1
12153,31589,151,127,68034,0,27,3,0.25,0,2.43886,0.142857,1
12154,31573,153,117,68059,0,28,8,0.25,0,2.44584,0.142857,1
12155,31560,146,118,68078,0,25,7,0.25,0,2.44865,0.142857,1
12156,31545,148,111,68100,0,23,13,0.25,0,2.46647,0.142857,1
12157,31529,142,113,68117,0,22,2,0.25,0,2.48027,0.142857,1
12158,31514,142,110,68137,0,22,11,0.25,0,2.47661,0.142857,1
12159,31501,147,108,68147,0,15,0,0.25,0,2.4778,0.142857,1
12160,31482,150,110,68161,0,17,5,0.25,0,2.47839,0.142857,1
12161,31473,138,118,68177,0,18,3,0.25,0,2.4875,0.142857,1
12162,31458,138,118,68194,0,18,5,0.25,0,2.48986,0.142857,1
12163,31447,133,108,68218,0,26,12,0.25,0,2.48886,0.142857,1
12164,31438,135,94,68238,0,24,5,0.25,0,2.49384,0.142857,1
12165,31417,131,99,68253,0,19,1,0.25,0,2.5051,0.142857,1
12166,31399,127,99,68276,0,23,25,0.25,0,2.51388,0.142857,1
12167,31394,126,89,68296,0,22,0,0.25,0,2.5097,0.142857,1
12168,31380,130,81,68312,0,20,5,0.25,0,2.51279,0.142857,1
12169,31362,132,91,68318,0,9,0,0.25,0,2.51601,0.142857,1
12170,31349,134,85,68333,0,20,3,0.25,0,2.50658,0.142857,1
12171,31338,129,79,68353,0,23,5,0.25,0,2.51933,0.142857,1
12172,31325,126,83,68364,0,13,5,0.25,0,2.50327,0.142857,1
12173,31316,127,74,68376,0,18,16,0.25,0,2.51051,0.142857,1
12174,31308,122,74,68388,0,14,0,0.25,0,2.51903,0.142857,1
12175,31293,125,75,68401,0,14,8,0.25,0,2.5448,0.142857,1
12176,31285,122,76,68411,0,12,8,0.25,0,2.54137,0.142857,1
12177,31271,120,82,68419,0,13,5,0.25,0,2.54099,0.142857,1
12178,31252,127,75,68439,0,22,13,0.25,0,2.55079,0.142857,1
12179,31248,117,72,68457,0,21,9,0.25,0,2.54531,0.142857,1
12180,31234,122,73,68467,0,12,2,0.25,0,2.5354,0.142857,1
12181,31224,124,72,68477,0,11,2,0.25,0,2.54104,0.142857,1
12182,31213,117,79,68486,0,13,3,0.25,0,2.5365,0.142857,1
12183,31211,117,71,68495,0,14,2,0.25,0,2.52752,0.142857,1
12184,31196,119,68,68513,0,19,2,0.25,0,2.53267,0.142857,1
12185,31189,109,72,68526,0,13,9,0.25,0,2.56276,0.142857,1
12186,31181,106,73,68538,0,12,3,0.25,0,2.55988,0.142857,1
12187,31177,108,64,68552,0,17,10,0.25,0,2.56044,0.142857,1
12188,31171,100,68,68560,0,13,0,0.25,0,2.55794,0.142857,1
12189,31167,98,70,68566,0,12,1,0.25,0,2.57027,0.142857,1
12190,31162,97,68,68575,0,11,2,0.25,0,2.55581,0.142857,1
12191,31156,94,67,68586,0,13,2,0.25,0,2.56438,0.142857,1
12192,31153,86,71,68593,0,10,2,0.25,0,2.56961,0.142857,1
12193,31147,87,65,68607,0,16,0,0.25,0,2.56341,0.142857,1
12194,31133,97,56,68620,0,15,14,0.25,0,2.56468,0.142857,1
12195,31129,93,53,68630,0,12,0,0.25,0,2.58063,0.142857,1
12196,31117,91,64,68634,0,7,0,0.25,0,2.58006,0.142857,1
12197,31110,81,75,68640,0,9,4,0.25,0,2.57139,0.142857,1
12198,31101,81,72,68655,0,16,6,0.25,0,2.56384,0.142857,1
12199,31091,85,68,68667,0,14,4,0.25,0,2.5463,0.142857,1
12200,31083,76,72,68679,0,14,0,0.25,0,2.56438,0.142857,1
12201,31077,80,69,68685,0,9,1,0.25,0,2.55829,0.142857,1
12202,31072,79,68,68694,0,10,1,0.25,0,2.57254,0.142857,1
12203,31068,75,59,68711,0,22,4,0.25,0,2.57441,0.142857,1
12204,31069,63,64,68721,0,12,1,0.25,0,2.56276,0.142857,1
12205,31061,65,61,68727,0,8,1,0.25,0,2.57552,0.142857,1
12206,31051,69,57,68737,0,11,0,0.25,0,2.56513,0.142857,1
12207,31046,67,56,68741,0,9,1,0.25,0,2.55377,0.142857,1
12208,31039,73,46,68752,0,13,0,0.25,0,2.55382,0.142857,1
12209,31036,68,46,68761,0,9,1,0.25,0,2.56522,0.142857,1
12210,31032,66,46,68770,0,10,0,0.25,0,2.56088,0.142857,1
12211,31031,59,50,68774,0,6,0,0.25,0,2.56631,0.142857,1
12212,31026,60,49,68777,0,8,20,0.25,0,2.58077,0.142857,1
12213,31015,61,48,68785,0,11,5,0.25,0,2.58306,0.142857,1
12214,31014,64,38,68796,0,15,3,0.25,0,2.59582,0.142857,1
12215,31011,64,41,68801,0,7,1,0.25,0,2.59562,0.142857,1
12216,31010,64,33,68813,0,13,0,0.25,0,2.59717,0.142857,1
12217,31004,59,38,68818,0,7,1,0.25,0,2.58753,0.142857,1
12218,31000,59,37,68820,0,6,2,0.25,0,2.58869,0.142857,1
12219,30992,60,38,68828,0,8,3,0.25,0,2.59433,0.142857,1
12220,30989,53,40,68834,0,7,0,0.25,0,2.60254,0.142857,1
12221,30988,50,41,68837,0,7,3,0.25,0,2.61061,0.142857,1
12222,30981,49,41,68841,0,9,0,0.25,0,2.61696,0.142857,1
12223,30974,53,39,68844,0,6,4,0.25,0,2.61109,0.142857,1
12224,30972,54,36,68843,0,7,1,0.25,0,2.62365,0.142857,1
12225,30974,47,33,68849,0,11,16,0.25,0,2.61167,0.142857,1
12226,30973,45,31,68851,0,7,0,0.25,0,2.62121,0.142857,1
12227,30971,46,27,68856,0,8,4,0.25,0,2.62829,0.142857,1
12228,30970,42,28,68859,0,6,3,0.25,0,2.64089,0.142857,1
12229,30966,43,29,68859,0,3,0,0.25,0,2.63635,0.142857,1
12230,30971,42,27,68861,0,6,3,0.25,0,2.62957,0.142857,1
12231,30967,41,31,68860,0,2,0,0.25,0,2.62669,0.142857,1
12232,30962,42,30,68865,0,7,0,0.25,0,2.61416,0.142857,1
12233,30957,44,30,68865,0,5,0,0.25,0,2.61719,0.142857,1
12234,30951,45,33,68866,0,4,1,0.25,0,2.60621,0.142857,1
12235,30944,50,32,68868,0,4,0,0.25,0,2.60032,0.142857,1
12236,30940,50,36,68866,0,3,1,0.25,0,2.59889,0.142857,1
12237,30932,50,38,68873,0,9,3,0.25,0,2.59988,0.142857,1
12238,30927,48,40,68873,0,6,2,0.25,0,2.6099,0.142857,1
12239,30925,49,35,68878,0,9,4,0.25,0,2.60828,0.142857,1
12240,30922,46,39,68880,0,5,1,0.25,0,2.61435,0.142857,1
12241,30919,46,33,68889,0,9,2,0.25,0,2.62322,0.142857,1
12242,30911,50,32,68893,0,6,0,0.25,0,2.63058,0.142857,1
12243,30910,49,31,68896,0,5,3,0.25,0,2.63374,0.142857,1
12244,30916,43,27,68903,0,11,4,0.25,0,2.63179,0.142857,1
12245,30913,47,24,68903,0,4,2,0.25,0,2.63604,0.142857,1
12246,30913,48,18,68907,0,8,9,0.25,0,2.63577,0.142857,1
12247,30910,45,22,68909,0,4,0,0.25,0,2.6242,0.142857,1
12248,30909,50,20,68909,0,3,2,0.25,0,2.60298,0.142857,1
12249,30905,47,20,68915,0,8,1,0.25,0,2.60424,0.142857,1
12250,30904,44,20,68919,0,5,3,0.25,0,2.61015,0.142857,1
12251,30903,40,22,68921,0,4,1,0.25,0,2.60747,0.142857,1
12252,30900,46,20,68920,0,4,3,0.25,0,2.6056,0.142857,1
12253,30899,46,23,68921,0,1,0,0.25,0,2.61791,0.142857,1
12254,30894,46,27,68918,0,2,0,0.25,0,2.62019,0.142857,1
12255,30889,47,25,68924,0,7,3,0.25,0,2.6091,0.142857,1
12256,30886,46,25,68926,0,5,1,0.25,0,2.60391,0.142857,1
12257,30880,45,28,68923,0,2,0,0.25,0,2.61236,0.142857,1
12258,30878,46,28,68924,0,5,3,0.25,0,2.63194,0.142857,1
12259,30876,45,28,68929,0,6,1,0.25,0,2.62305,0.142857,1
12260,30878,42,29,68934,0,5,3,0.25,0,2.62602,0.142857,1
12261,30880,35,30,68939,0,9,0,0.25,0,2.62699,0.142857,1
12262,30872,39,31,68939,0,3,0,0.25,0,2.62293,0.142857,1
12263,30867,43,29,68938,0,5,6,0.25,0,2.61981,0.142857,1
12264,30859,46,29,68941,0,5,6,0.25,0,2.60788,0.142857,1
12265,30853,49,25,68946,0,7,4,0.25,0,2.60542,0.142857,1
12266,30851,47,23,68950,0,7,3,0.25,0,2.60419,0.142857,1
12267,30846,46,21,68954,0,6,0,0.25,0,2.61504,0.142857,1
12268,30839,48,25,68953,0,3,1,0.25,0,2.60963,0.142857,1
12269,30837,45,23,68960,0,8,0,0.25,0,2.61834,0.142857,1
12270,30835,45,19,68962,0,6,0,0.25,0,2.61686,0.142857,1
12271,30831,46,23,68963,0,4,1,0.25,0,2.61462,0.142857,1
12272,30832,41,26,68967,0,6,0,0.25,0,2.61266,0.142857,1
12273,30830,42,26,68967,0,2,0,0.25,0,2.61931,0.142857,1
12274,30829,40,27,68970,0,3,0,0.25,0,2.61601,0.142857,1
12275,30831,32,33,68973,0,5,0,0.25,0,2.61887,0.142857,1
12276,30830,33,31,68975,0,3,2,0.25,0,2.61223,0.142857,1
12277,30828,38,29,68979,0,4,2,0.25,0,2.61253,0.142857,1
12278,30821,39,31,68982,0,4,0,0.25,0,2.62025,0.142857,1
12279,30818,41,28,68986,0,5,1,0.25,0,2.61077,0.142857,1
12280,30820,40,27,68991,0,6,0,0.25,0,2.62034,0.142857,1
12281,30820,43,26,68991,0,4,3,0.25,0,2.61959,0.142857,1
12282,30815,41,30,68991,0,3,1,0.25,0,2.6212,0.142857,1
12283,30809,42,29,68995,0,6,1,0.25,0,2.61175,0.142857,1
12284,30811,39,29,68999,0,6,1,0.25,0,2.61815,0.142857,1
12285,30814,34,34,69000,0,4,1,0.25,0,2.62373,0.142857,1
12286,30814,38,32,69003,0,5,1,0.25,0,2.61187,0.142857,1
12287,30812,36,30,69011,0,10,5,0.25,0,2.62182,0.142857,1
12288,30815,37,27,69017,0,6,6,0.25,0,2.62291,0.142857,1
12289,30813,37,26,69019,0,4,0,0.25,0,2.62072,0.142857,1
12290,30812,35,25,69023,0,6,0,0.25,0,2.63031,0.142857,1
12291,30813,34,22,69026,0,6,1,0.25,0,2.63714,0.142857,1
12292,30805,37,22,69030,0,4,0,0.25,0,2.63313,0.142857,1
12293,30806,35,18,69034,0,8,5,0.25,0,2.61815,0.142857,1
12294,30808,35,21,69035,0,2,0,0.25,0,2.61421,0.142857,1
12295,30807,32,21,69037,0,4,0,0.25,0,2.62678,0.142857,1
12296,30809,32,22,69036,0,2,0,0.25,0,2.63182,0.142857,1
12297,30813,30,22,69036,0,3,0,0.25,0,2.62863,0.142857,1
12298,30812,30,22,69039,0,5,0,0.25,0,2.62447,0.142857,1
12299,30812,29,23,69042,0,4,1,0.25,0,2.6283,0.142857,1
12300,30808,28,25,69047,0,5,0,0.25,0,2.62929,0.142857,1
12301,30810,28,23,69047,0,5,0,0.25,0,2.6229,0.142857,1
12302,30808,33,21,69049,0,3,3,0.25,0,2.64184,0.142857,1
12303,30809,30,23,69051,0,5,2,0.25,0,2.64416,0.142857,1
12304,30803,35,20,69053,0,4,4,0.25,0,2.63727,0.142857,1
12305,30803,33,18,69059,0,7,2,0.25,0,2.63315,0.142857,1
12306,30797,33,22,69060,0,2,0,0.25,0,2.61883,0.142857,1
12307,30797,29,21,69066,0,8,3,0.25,0,2.60687,0.142857,1
12308,30798,27,22,69065,0,4,0,0.25,0,2.62233,0.142857,1
12309,30797,30,22,69066,0,2,1,0.25,0,2.6398,0.142857,1
12310,30794,30,21,69069,0,5,0,0.25,0,2.62678,0.142857,1
12311,30795,34,18,69070,0,5,7,0.25,0,2.63038,0.142857,1
12312,30793,36,15,69069,0,5,0,0.25,0,2.63059,0.142857,1
12313,30793,32,19,69069,0,3,0,0.25,0,2.63989,0.142857,1
12314,30792,32,19,69071,0,4,0,0.25,0,2.63083,0.142857,1
12315,30795,28,19,69073,0,5,1,0.25,0,2.62857,0.142857,1
12316,30794,26,20,69076,0,4,0,0.25,0,2.63641,0.142857,1
12317,30789,25,21,69077,0,4,0,0.25,0,2.64514,0.142857,1
12318,30786,27,18,69079,0,4,1,0.25,0,2.64694,0.142857,1
12319,30787,24,18,69083,0,5,5,0.25,0,2.65472,0.142857,1
12320,30783,24,18,69082,0,3,1,0.25,0,2.64666,0.142857,1
12321,30785,24,17,69082,0,3,0,0.25,0,2.6332,0.142857,1
12322,30783,24,16,69083,0,4,2,0.25,0,2.64201,0.142857,1
12323,30781,24,16,69083,0,4,0,0.25,0,2.64662,0.142857,1
12324,30777,26,16,69083,0,2,1,0.25,0,2.6644,0.142857,1
12325,30779,24,13,69086,0,6,10,0.25,0,2.65585,0.142857,1
12326,30781,25,12,69084,0,2,0,0.25,0,2.64782,0.142857,1
12327,30780,20,14,69082,0,3,1,0.25,0,2.65283,0.142857,1
12328,30779,19,15,69082,0,4,1,0.25,0,2.64545,0.142857,1
12329,30780,20,13,69085,0,4,1,0.25,0,2.64483,0.142857,1
12330,30782,16,12,69087,0,5,2,0.25,0,2.65655,0.142857,1
12331,30779,15,12,69088,0,2,1,0.25,0,2.64565,0.142857,1
12332,30777,12,11,69089,0,5,0,0.25,0,2.64605,0.142857,1
12333,30778,15,10,69089,0,2,0,0.25,0,2.66121,0.142857,1
12334,30780,13,10,69089,0,2,1,0.25,0,2.65624,0.142857,1
12335,30785,12,9,69088,0,2,3,0.25,0,2.66332,0.142857,1
12336,30785,11,10,69087,0,1,1,0.25,0,2.66829,0.142857,1
12337,30784,11,9,69088,0,2,0,0.25,0,2.66552,0.142857,1
12338,30789,11,7,69089,0,3,1,0.25,0,2.67921,0.142857,1
12339,30790,13,8,69086,0,0,0,0.25,0,2.66525,0.142857,1
12340,30790,12,7,69087,0,3,0,0.25,0,2.64914,0.142857,1
12341,30791,12,4,69086,0,3,0,0.25,0,2.65396,0.142857,1
12342,30796,13,3,69087,0,1,0,0.25,0,2.64869,0.142857,1
12343,30799,13,3,69083,0,0,0,0.25,0,2.64471,0.142857,1
12344,30801,12,4,69079,0,1,2,0.25,0,2.6513,0.142857,1
12345,30804,14,3,69072,0,1,0,0.25,0,2.65716,0.142857,1
12346,30804,12,6,69072,0,0,0,0.25,0,2.66932,0.142857,1
12347,30805,13,5,69071,0,1,0,0.25,0,2.67865,0.142857,1
12348,30805,12,6,69069,0,0,0,0.25,0,2.67196,0.142857,1
12349,30801,11,6,69070,0,2,0,0.25,0,2.68194,0.142857,1
12350,30802,13,2,69070,0,4,0,0.25,0,2.68706,0.142857,1
12351,30803,11,4,69068,0,0,0,0.25,0,2.67335,0.142857,1
12352,30804,11,5,69068,0,1,0,0.25,0,2.67013,0.142857,1
12353,30802,11,5,69066,0,1,0,0.25,0,2.66711,0.142857,1
12354,30801,10,5,69064,0,1,2,0.25,0,2.67021,0.142857,1
12355,30803,9,5,69064,0,1,1,0.25,0,2.6731,0.142857,1
12356,30806,10,5,69063,0,2,0,0.25,0,2.68325,0.142857,1
12357,30812,10,5,69063,0,1,0,0.25,0,2.68171,0.142857,1
12358,30812,10,3,69064,0,2,0,0.25,0,2.66941,0.142857,1
12359,30813,9,4,69062,0,0,0,0.25,0,2.67903,0.142857,1
12360,30813,9,3,69059,0,1,1,0.25,0,2.68439,0.142857,1
12361,30813,7,5,69057,0,0,0,0.25,0,2.6995,0.142857,1
12362,30817,7,4,69055,0,1,3,0.25,0,2.70461,0.142857,1
12363,30818,7,4,69055,0,1,1,0.25,0,2.70795,0.142857,1
12364,30821,7,4,69055,0,0,0,0.25,0,2.70572,0.142857,1
12365,30825,6,4,69053,0,1,0,0.25,0,2.69933,0.142857,1
12366,30829,5,4,69049,0,1,0,0.25,0,2.6914,0.142857,1
12367,30831,5,4,69045,0,0,0,0.25,0,2.69345,0.142857,1
12368,30831,3,6,69041,0,0,0,0.25,0,2.69606,0.142857,1
12369,30832,5,5,69040,0,1,0,0.25,0,2.70762,0.142857,1
12370,30830,5,2,69041,0,3,2,0.25,0,2.69322,0.142857,1
12371,30833,5,2,69037,0,0,0,0.25,0,2.69699,0.142857,1
12372,30836,5,2,69032,0,0,0,0.25,0,2.68959,0.142857,1
12373,30839,6,2,69029,0,0,0,0.25,0,2.6831,0.142857,1
12374,30839,4,4,69028,0,0,0,0.25,0,2.6959,0.142857,1
12375,30845,4,3,69025,0,1,0,0.25,0,2.69767,0.142857,1
12376,30849,4,3,69024,0,0,0,0.25,0,2.71526,0.142857,1
12377,30854,4,3,69023,0,1,0,0.25,0,2.71788,0.142857,1
12378,30856,4,4,69022,0,0,0,0.25,0,2.71351,0.142857,1
12379,30856,3,5,69019,0,0,0,0.25,0,2.70545,0.142857,1
12380,30856,4,4,69017,0,1,0,0.25,0,2.70503,0.142857,1
12381,30856,3,4,69015,0,1,0,0.25,0,2.71387,0.142857,1
12382,30857,3,3,69015,0,1,0,0.25,0,2.71054,0.142857,1
12383,30855,3,3,69014,0,1,0,0.25,0,2.70408,0.142857,1
12384,30860,3,2,69013,0,1,0,0.25,0,2.70714,0.142857,1
12385,30864,2,3,69010,0,0,0,0.25,0,2.72093,0.142857,1
12386,30867,2,2,69010,0,1,0,0.25,0,2.73685,0.142857,1
12387,30866,4,2,69009,0,0,0,0.25,0,2.74412,0.142857,1
12388,30867,3,3,69007,0,0,0,0.25,0,2.75438,0.142857,1
12389,30871,2,5,69004,0,0,0,0.25,0,2.75485,0.142857,1
12390,30874,2,4,69004,0,1,0,0.25,0,2.76222,0.142857,1
12391,30874,2,3,69003,0,1,0,0.25,0,2.75268,0.142857,1
12392,30876,2,3,69000,0,1,0,0.25,0,2.7653,0.142857,1
12393,30879,2,2,68998,0,1,0,0.25,0,2.7485,0.142857,1
12394,30881,2,2,68997,0,0,0,0.25,0,2.74897,0.142857,1
12395,30885,2,2,68997,0,0,0,0.25,0,2.76355,0.142857,1
12396,30886,2,2,68994,0,0,0,0.25,0,2.76595,0.142857,1
12397,30887,2,1,68993,0,1,0,0.25,0,2.76488,0.142857,1
12398,30895,2,1,68990,0,0,0,0.25,0,2.75366,0.142857,1
12399,30900,2,1,68987,0,0,0,0.25,0,2.75702,0.142857,1
12400,30901,3,1,68986,0,0,0,0.25,0,2.76172,0.142857,1
12401,30903,3,1,68983,0,0,0,0.25,0,2.75757,0.142857,1
12402,30907,3,1,68981,0,0,0,0.25,0,2.76936,0.142857,1
12403,30905,4,1,68980,0,0,0,0.25,0,2.76429,0.142857,1
12404,30905,4,1,68977,0,0,0,0.25,0,2.75184,0.142857,1
12405,30906,3,2,68974,0,0,0,0.25,0,2.75813,0.142857,1
12406,30908,4,2,68974,0,0,0,0.25,0,2.76822,0.142857,1
12407,30908,5,1,68974,0,1,0,0.25,0,2.76367,0.142857,1
12408,30908,4,1,68972,0,1,0,0.25,0,2.77196,0.142857,1
12409,30914,4,1,68970,0,0,0,0.25,0,2.77451,0.142857,1
12410,30918,4,1,68965,0,0,0,0.25,0,2.78174,0.142857,1
12411,30922,4,1,68965,0,0,0,0.25,0,2.78705,0.142857,1
12412,30926,4,1,68962,0,0,0,0.25,0,2.8027,0.142857,1
12413,30928,3,2,68957,0,0,0,0.25,0,2.78134,0.142857,1
12414,30930,3,2,68954,0,0,0,0.25,0,2.78681,0.142857,1
12415,30929,2,1,68953,0,2,0,0.25,0,2.79816,0.142857,1
12416,30929,2,1,68951,0,0,0,0.25,0,2.7996,0.142857,1
12417,30934,2,1,68950,0,0,0,0.25,0,2.81064,0.142857,1
12418,30934,1,2,68945,0,0,0,0.25,0,2.81361,0.142857,1
12419,30935,2,2,68941,0,0,0,0.25,0,2.80414,0.142857,1
12420,30944,2,2,68939,0,0,0,0.25,0,2.80587,0.142857,1
12421,30948,3,2,68939,0,0,0,0.25,0,2.81351,0.142857,1
12422,30948,3,2,68935,0,0,0,0.25,0,2.80569,0.142857,1
12423,30947,4,2,68932,0,0,0,0.25,0,2.81506,0.142857,1
12424,30949,4,1,68929,0,1,0,0.25,0,2.81485,0.142857,1
12425,30952,4,1,68926,0,0,0,0.25,0,2.81981,0.142857,1
12426,30957,2,2,68921,0,1,0,0.25,0,2.83365,0.142857,1
12427,30958,2,2,68919,0,0,0,0.25,0,2.8389,0.142857,1
12428,30960,2,1,68918,0,1,1,0.25,0,2.84956,0.142857,1
12429,30962,0,3,68916,0,0,0,0.25,0,2.86335,0.142857,1
12430,30968,1,3,68912,0,0,0,0.25,0,2.85569,0.142857,1
12431,30969,1,3,68911,0,0,0,0.25,0,2.84931,0.142857,1
12432,30971,1,3,68910,0,0,0,0.25,0,2.86086,0.142857,1
12433,30970,2,3,68905,0,0,0,0.25,0,2.85069,0.142857,1
12434,30975,2,2,68902,0,1,1,0.25,0,2.84564,0.142857,1
12435,30978,2,0,68899,0,2,0,0.25,0,2.85188,0.142857,1
12436,30980,2,0,68896,0,0,0,0.25,0,2.83464,0.142857,1
12437,30981,2,0,68893,0,0,0,0.25,0,2.83153,0.142857,1
12438,30988,1,1,68892,0,0,0,0.25,0,2.83937,0.142857,1
12439,30988,1,1,68887,0,0,0,0.25,0,2.8535,0.142857,1
12440,30994,1,0,68888,0,1,0,0.25,0,2.84997,0.142857,1
12441,30995,1,0,68885,0,0,0,0.25,0,2.85263,0.142857,1
12442,31000,1,0,68880,0,0,0,0.25,0,2.85204,0.142857,1
12443,31002,1,0,68879,0,0,0,0.25,0,2.85593,0.142857,1
12444,31002,1,0,68878,0,0,0,0.25,0,2.85402,0.142857,1
12445,31005,0,1,68874,0,0,0,0.25,0,2.85161,0.142857,1
12446,31008,0,1,68872,0,0,0,0.25,0,2.86234,0.142857,1
12447,31009,0,1,68869,0,0,0,0.25,0,2.85607,0.142857,1
12448,31011,0,0,68870,0,1,0,0.25,0,2.85662,0.142857,1
12449,31011,1,0,68869,0,0,0,0.25,0,2.84368,0.142857,1
12450,31012,1,0,68868,0,0,0,0.25,0,2.84924,0.142857,1
12451,31017,1,0,68866,0,0,0,0.25,0,2.86456,0.142857,1
12452,31018,1,0,68865,0,0,0,0.25,0,2.85544,0.142857,1
12453,31019,1,0,68860,0,0,0,0.25,0,2.85724,0.142857,1
12454,31026,0,0,68858,0,1,0,0.25,0,2.85141,0.142857,1
12455,31031,0,0,68855,0,0,0,0.25,0,2.86074,0.142857,1
12456,31032,0,0,68850,0,0,0,0.25,0,2.8728,0.142857,1
12457,31033,0,0,68844,0,0,0,0.25,0,2.87376,0.142857,1
12458,31035,0,0,68836,0,0,0,0.25,0,2.86866,0.142857,1
12459,31039,0,0,68834,0,0,0,0.25,0,2.87729,0.142857,1
12460,31041,0,0,68830,0,0,0,0.25,0,2.88058,0.142857,1
12461,31042,0,0,68826,0,0,0,0.25,0,2.88771,0.142857,1
12462,31043,0,0,68824,0,0,0,0.25,0,2.88903,0.142857,1
12463,31047,0,0,68819,0,0,0,0.25,0,2.88443,0.142857,1
12464,31047,0,0,68818,0,0,0,0.25,0,2.88183,0.142857,1
12465,31045,1,0,68816,0,0,0,0.25,0,2.89547,0.142857,1
12466,31049,1,0,68814,0,0,0,0.25,0,2.88688,0.142857,1
12467,31049,1,0,68812,0,0,0,0.25,0,2.87609,0.142857,1
12468,31052,1,0,68811,0,0,0,0.25,0,2.86544,0.142857,1
12469,31055,1,0,68809,0,0,0,0.25,0,2.8631,0.142857,1
12470,31060,1,0,68806,0,0,0,0.25,0,2.87213,0.142857,1
12471,31063,0,1,68805,0,0,0,0.25,0,2.87047,0.142857,1
12472,31071,0,1,68803,0,0,0,0.25,0,2.87332,0.142857,1
12473,31073,0,1,68799,0,0,0,0.25,0,2.87912,0.142857,1
12474,31072,0,1,68793,0,0,0,0.25,0,2.88879,0.142857,1
12475,31072,0,1,68787,0,0,0,0.25,0,2.89047,0.142857,1
12476,31073,0,1,68784,0,0,0,0.25,0,2.8916,0.142857,1
12477,31074,0,1,68781,0,0,0,0.25,0,2.89607,0.142857,1
12478,31080,1,1,68778,0,0,0,0.25,0,2.90448,0.142857,1
12479,31085,2,1,68777,0,0,0,0.25,0,2.89967,0.142857,1
12480,31094,2,0,68777,0,1,0,0.25,0,2.90233,0.142857,1
12481,31094,2,0,68775,0,0,0,0.25,0,2.9078,0.142857,1
12482,31097,2,0,68772,0,0,0,0.25,0,2.89626,0.142857,1
12483,31100,1,1,68769,0,0,0,0.25,0,2.91454,0.142857,1
12484,31106,1,1,68766,0,0,0,0.25,0,2.91388,0.142857,1
12485,31107,1,0,68764,0,1,0,0.25,0,2.91965,0.142857,1
12486,31110,1,0,68762,0,0,0,0.25,0,2.92635,0.142857,1
12487,31112,1,0,68760,0,0,0,0.25,0,2.92722,0.142857,1
12488,31115,1,0,68759,0,0,0,0.25,0,2.92978,0.142857,1
12489,31118,1,0,68758,0,0,0,0.25,0,2.90566,0.142857,1
12490,31119,1,0,68752,0,0,0,0.25,0,2.8953,0.142857,1
12491,31119,1,0,68748,0,0,0,0.25,0,2.88502,0.142857,1
12492,31121,1,0,68747,0,0,0,0.25,0,2.88505,0.142857,1
12493,31122,1,0,68745,0,0,0,0.25,0,2.86787,0.142857,1
12494,31123,1,0,68742,0,0,0,0.25,0,2.87024,0.142857,1
12495,31127,0,1,68737,0,0,0,0.25,0,2.87719,0.142857,1
12496,31131,0,1,68736,0,0,0,0.25,0,2.86403,0.142857,1
12497,31133,1,2,68731,0,0,0,0.25,0,2.85751,0.142857,1
12498,31136,2,2,68730,0,0,0,0.25,0,2.84243,0.142857,1
12499,31138,2,2,68728,0,0,0,0.25,0,2.82712,0.142857,1
12500,31142,2,1,68725,0,1,0,0.25,0,2.83448,0.142857,1
12501,31144,1,2,68725,0,0,0,0.25,0,2.8313,0.142857,1
12502,31139,1,2,68723,0,0,0,0.25,0,2.82841,0.142857,1
12503,31142,1,2,68718,0,0,0,0.25,0,2.83312,0.142857,1
12504,31144,2,2,68716,0,0,0,0.25,0,2.84952,0.142857,1
12505,31145,3,3,68713,0,0,0,0.25,0,2.849,0.142857,1
12506,31146,3,2,68712,0,1,0,0.25,0,2.85638,0.142857,1
12507,31145,3,2,68709,0,0,0,0.25,0,2.86105,0.142857,1
12508,31145,3,2,68708,0,0,0,0.25,0,2.86718,0.142857,1
12509,31148,3,2,68706,0,0,0,0.25,0,2.86271,0.142857,1
12510,31145,2,2,68706,0,1,0,0.25,0,2.85493,0.142857,1
12511,31148,2,2,68704,0,0,0,0.25,0,2.84326,0.142857,1
12512,31154,2,1,68704,0,1,0,0.25,0,2.8479,0.142857,1
12513,31154,1,0,68704,0,2,1,0.25,0,2.83309,0.142857,1
12514,31154,1,0,68700,0,0,0,0.25,0,2.83607,0.142857,1
12515,31159,0,1,68698,0,0,0,0.25,0,2.84469,0.142857,1
12516,31165,0,0,68698,0,1,0,0.25,0,2.86234,0.142857,1
12517,31165,0,0,68694,0,0,0,0.25,0,2.86956,0.142857,1
12518,31166,0,0,68688,0,0,0,0.25,0,2.8679,0.142857,1
12519,31168,0,0,68683,0,0,0,0.25,0,2.86551,0.142857,1
12520,31174,0,0,68680,0,0,0,0.25,0,2.86989,0.142857,1
12521,31180,0,0,68676,0,0,0,0.25,0,2.86503,0.142857,1
12522,31181,1,0,68671,0,0,0,0.25,0,2.88013,0.142857,1
12523,31187,1,0,68669,0,0,0,0.25,0,2.88068,0.142857,1
12524,31190,2,0,68667,0,0,0,0.25,0,2.87919,0.142857,1
12525,31192,1,1,68666,0,0,0,0.25,0,2.88073,0.142857,1
12526,31192,1,1,68664,0,0,0,0.25,0,2.89231,0.142857,1
12527,31192,2,0,68663,0,1,0,0.25,0,2.89709,0.142857,1
12528,31189,1,1,68660,0,0,0,0.25,0,2.87992,0.142857,1
12529,31194,2,1,68659,0,0,0,0.25,0,2.87938,0.142857,1
12530,31194,1,1,68659,0,1,0,0.25,0,2.87904,0.142857,1
12531,31199,1,1,68654,0,0,0,0.25,0,2.88819,0.142857,1
12532,31202,0,3,68648,0,0,0,0.25,0,2.88513,0.142857,1
12533,31204,0,3,68641,0,0,0,0.25,0,2.88515,0.142857,1
12534,31204,0,4,68639,0,0,0,0.25,0,2.89298,0.142857,1
12535,31205,0,3,68638,0,1,0,0.25,0,2.87822,0.142857,1
12536,31205,0,3,68635,0,0,0,0.25,0,2.86342,0.142857,1
12537,31208,0,3,68630,0,0,0,0.25,0,2.86313,0.142857,1
12538,31210,0,3,68627,0,0,0,0.25,0,2.86299,0.142857,1
12539,31211,0,1,68627,0,2,3,0.25,0,2.86711,0.142857,1
12540,31214,0,1,68623,0,0,0,0.25,0,2.85955,0.142857,1
12541,31215,0,1,68621,0,0,0,0.25,0,2.86682,0.142857,1
12542,31219,0,1,68619,0,0,0,0.25,0,2.85351,0.142857,1
12543,31222,0,1,68619,0,0,0,0.25,0,2.85093,0.142857,1
12544,31226,1,1,68615,0,0,0,0.25,0,2.84545,0.142857,1
12545,31229,1,1,68612,0,0,0,0.25,0,2.82233,0.142857,1
12546,31230,1,0,68609,0,1,0,0.25,0,2.82129,0.142857,1
12547,31233,1,0,68607,0,0,0,0.25,0,2.81599,0.142857,1
12548,31234,1,0,68605,0,0,0,0.25,0,2.79198,0.142857,1
12549,31238,1,0,68605,0,0,0,0.25,0,2.79168,0.142857,1
12550,31239,1,0,68604,0,0,0,0.25,0,2.80475,0.142857,1
12551,31241,1,0,68600,0,0,0,0.25,0,2.79828,0.142857,1
12552,31244,1,0,68596,0,0,0,0.25,0,2.80867,0.142857,1
12553,31248,1,0,68594,0,0,0,0.25,0,2.79856,0.142857,1
12554,31254,1,0,68590,0,0,0,0.25,0,2.80928,0.142857,1
12555,31253,0,1,68589,0,0,0,0.25,0,2.82603,0.142857,1
12556,31255,0,0,68586,0,1,0,0.25,0,2.83054,0.142857,1
12557,31254,0,0,68582,0,0,0,0.25,0,2.83138,0.142857,1
12558,31261,0,0,68581,0,0,0,0.25,0,2.828,0.142857,1
12559,31261,0,0,68580,0,0,0,0.25,0,2.81526,0.142857,1
12560,31262,0,0,68578,0,0,0,0.25,0,2.81549,0.142857,1
12561,31264,0,0,68575,0,0,0,0.25,0,2.81994,0.142857,1
12562,31268,0,0,68575,0,0,0,0.25,0,2.81967,0.142857,1
12563,31273,0,0,68572,0,0,0,0.25,0,2.81366,0.142857,1
12564,31272,0,0,68569,0,0,0,0.25,0,2.80657,0.142857,1
12565,31278,0,0,68565,0,0,0,0.25,0,2.81136,0.142857,1
12566,31280,0,0,68563,0,0,0,0.25,0,2.80981,0.142857,1
12567,31283,0,0,68559,0,0,0,0.25,0,2.8063,0.142857,1
12568,31282,0,0,68556,0,0,0,0.25,0,2.79785,0.142857,1
12569,31285,0,0,68556,0,0,0,0.25,0,2.8005,0.142857,1
12570,31283,0,0,68555,0,0,0,0.25,0,2.79802,0.142857,1
12571,31288,0,0,68549,0,0,0,0.25,0,2.79941,0.142857,1
12572,31290,0,0,68548,0,0,0,0.25,0,2.79585,0.142857,1
12573,31293,0,0,68545,0,0,0,0.25,0,2.79814,0.142857,1
12574,31297,0,0,68543,0,0,0,0.25,0,2.80352,0.142857,1
12575,31300,0,0,68541,0,0,0,0.25,0,2.7958,0.142857,1
12576,31303,0,0,68537,0,0,0,0.25,0,2.80479,0.142857,1
12577,31303,0,0,68537,0,0,0,0.25,0,2.81239,0.142857,1
12578,31306,1,0,68536,0,0,0,0.25,0,2.79673,0.142857,1
12579,31308,0,1,68533,0,0,0,0.25,0,2.79453,0.142857,1
12580,31312,0,1,68529,0,0,0,0.25,0,2.80596,0.142857,1
12581,31321,0,1,68528,0,0,0,0.25,0,2.81478,0.142857,1
12582,31325,0,1,68526,0,0,0,0.25,0,2.81528,0.142857,1
12583,31329,1,1,68522,0,0,0,0.25,0,2.8255,0.142857,1
12584,31330,1,1,68521,0,0,0,0.25,0,2.83724,0.142857,1
12585,31336,1,0,68522,0,1,0,0.25,0,2.83903,0.142857,1
12586,31337,1,0,68519,0,0,0,0.25,0,2.83771,0.142857,1
12587,31338,1,0,68515,0,0,0,0.25,0,2.84064,0.142857,1
12588,31339,1,0,68512,0,0,0,0.25,0,2.83862,0.142857,1
12589,31342,1,0,68511,0,0,0,0.25,0,2.84962,0.142857,1
12590,31345,1,0,68511,0,0,0,0.25,0,2.84525,0.142857,1
12591,31347,1,0,68510,0,0,0,0.25,0,2.83601,0.142857,1
12592,31352,1,0,68506,0,0,0,0.25,0,2.84445,0.142857,1
12593,31353,1,0,68504,0,0,0,0.25,0,2.84821,0.142857,1
12594,31357,1,0,68499,0,0,0,0.25,0,2.84418,0.142857,1
12595,31360,2,0,68496,0,0,0,0.25,0,2.85174,0.142857,1
12596,31361,2,0,68493,0,0,0,0.25,0,2.85545,0.142857,1
12597,31362,1,1,68490,0,0,0,0.25,0,2.85682,0.142857,1
12598,31363,1,1,68486,0,0,0,0.25,0,2.86273,0.142857,1
12599,31361,2,1,68483,0,0,0,0.25,0,2.87295,0.142857,1
12600,31362,2,1,68481,0,0,0,0.25,0,2.87207,0.142857,1
12601,31366,2,1,68480,0,0,0,0.25,0,2.86857,0.142857,1
12602,31368,2,1,68479,0,0,0,0.25,0,2.87713,0.142857,1
12603,31374,2,1,68478,0,0,0,0.25,0,2.86644,0.142857,1
12604,31380,2,2,68471,0,0,0,0.25,0,2.87127,0.142857,1
12605,31384,2,2,68467,0,0,0,0.25,0,2.85795,0.142857,1
12606,31390,2,2,68466,0,0,0,0.25,0,2.85765,0.142857,1
12607,31391,2,1,68464,0,1,0,0.25,0,2.86927,0.142857,1
12608,31392,2,0,68462,0,1,0,0.25,0,2.89017,0.142857,1
12609,31394,2,0,68462,0,0,0,0.25,0,2.90011,0.142857,1
12610,31400,2,0,68457,0,0,0,0.25,0,2.8986,0.142857,1
12611,31401,2,0,68451,0,0,0,0.25,0,2.89644,0.142857,1
12612,31403,2,0,68450,0,0,0,0.25,0,2.8989,0.142857,1
12613,31404,2,0,68448,0,0,0,0.25,0,2.91295,0.142857,1
12614,31402,1,1,68447,0,0,0,0.25,0,2.90802,0.142857,1
12615,31405,1,1,68442,0,0,0,0.25,0,2.90785,0.142857,1
12616,31409,2,0,68441,0,1,1,0.25,0,2.90599,0.142857,1
12617,31410,2,0,68437,0,0,0,0.25,0,2.91782,0.142857,1
12618,31411,1,1,68435,0,0,0,0.25,0,2.90499,0.142857,1
12619,31412,0,2,68435,0,0,0,0.25,0,2.9026,0.142857,1
12620,31415,0,2,68434,0,0,0,0.25,0,2.91709,0.142857,1
12621,31416,1,2,68434,0,0,0,0.25,0,2.92498,0.142857,1
12622,31418,1,1,68434,0,1,0,0.25,0,2.92088,0.142857,1
12623,31423,1,1,68430,0,0,0,0.25,0,2.91813,0.142857,1
12624,31424,2,1,68426,0,0,0,0.25,0,2.90291,0.142857,1
12625,31422,2,2,68424,0,0,0,0.25,0,2.90189,0.142857,1
12626,31426,2,2,68423,0,0,0,0.25,0,2.91091,0.142857,1
12627,31425,2,3,68423,0,0,0,0.25,0,2.90279,0.142857,1
12628,31428,2,3,68422,0,1,0,0.25,0,2.89317,0.142857,1
12629,31429,3,2,68420,0,1,0,0.25,0,2.89349,0.142857,1
12630,31433,3,2,68416,0,0,0,0.25,0,2.8884,0.142857,1
12631,31438,2,3,68414,0,0,0,0.25,0,2.8837,0.142857,1
12632,31438,3,2,68415,0,1,2,0.25,0,2.89307,0.142857,1
12633,31442,3,2,68412,0,0,0,0.25,0,2.90235,0.142857,1
12634,31441,4,3,68411,0,0,0,0.25,0,2.90354,0.142857,1
12635,31443,4,3,68410,0,1,0,0.25,0,2.91654,0.142857,1
12636,31443,6,1,68411,0,2,2,0.25,0,2.91491,0.142857,1
12637,31443,6,1,68409,0,0,0,0.25,0,2.90148,0.142857,1
12638,31449,6,1,68405,0,0,0,0.25,0,2.90793,0.142857,1
12639,31453,6,1,68403,0,0,0,0.25,0,2.91764,0.142857,1
12640,31453,6,1,68398,0,0,0,0.25,0,2.91199,0.142857,1
12641,31454,6,1,68395,0,0,0,0.25,0,2.91435,0.142857,1
12642,31455,6,1,68393,0,0,0,0.25,0,2.90777,0.142857,1
12643,31458,5,3,68391,0,0,0,0.25,0,2.91294,0.142857,1
12644,31459,5,3,68389,0,0,0,0.25,0,2.92482,0.142857,1
12645,31460,5,3,68388,0,1,1,0.25,0,2.93648,0.142857,1
12646,31460,4,4,68387,0,1,0,0.25,0,2.93716,0.142857,1
12647,31464,3,5,68384,0,0,0,0.25,0,2.92605,0.142857,1
12648,31470,2,3,68385,0,3,2,0.25,0,2.92378,0.142857,1
12649,31474,2,3,68384,0,0,0,0.25,0,2.9095,0.142857,1
12650,31476,3,2,68384,0,1,0,0.25,0,2.91015,0.142857,1
12651,31479,4,2,68381,0,0,0,0.25,0,2.91357,0.142857,1
12652,31483,4,0,68379,0,2,0,0.25,0,2.91404,0.142857,1
12653,31487,4,0,68377,0,0,0,0.25,0,2.91192,0.142857,1
12654,31488,4,0,68376,0,0,0,0.25,0,2.90298,0.142857,1
12655,31492,4,0,68372,0,0,0,0.25,0,2.89988,0.142857,1
12656,31499,3,1,68366,0,0,0,0.25,0,2.90487,0.142857,1
12657,31500,3,1,68364,0,0,0,0.25,0,2.91271,0.142857,1
12658,31503,2,2,68361,0,0,0,0.25,0,2.90965,0.142857,1
12659,31506,1,3,68358,0,0,0,0.25,0,2.90195,0.142857,1
12660,31504,1,3,68356,0,0,0,0.25,0,2.89516,0.142857,1
12661,31508,1,2,68354,0,1,0,0.25,0,2.89227,0.142857,1
12662,31516,1,1,68352,0,1,1,0.25,0,2.91475,0.142857,1
12663,31516,1,1,68348,0,0,0,0.25,0,2.91548,0.142857,1
12664,31519,0,2,68346,0,0,0,0.25,0,2.937,0.142857,1
12665,31518,1,1,68340,0,1,0,0.25,0,2.93588,0.142857,1
12666,31518,2,1,68336,0,0,0,0.25,0,2.91366,0.142857,1
12667,31519,3,1,68331,0,0,0,0.25,0,2.92158,0.142857,1
12668,31520,3,0,68331,0,1,0,0.25,0,2.90885,0.142857,1
12669,31528,3,0,68329,0,0,0,0.25,0,2.912,0.142857,1
12670,31531,3,0,68325,0,0,0,0.25,0,2.90509,0.142857,1
12671,31537,3,0,68324,0,0,0,0.25,0,2.90189,0.142857,1
12672,31536,3,0,68323,0,0,0,0.25,0,2.90032,0.142857,1
12673,31540,3,0,68320,0,0,0,0.25,0,2.90315,0.142857,1
12674,31544,2,1,68320,0,0,0,0.25,0,2.90831,0.142857,1
12675,31548,2,1,68318,0,0,0,0.25,0,2.90896,0.142857,1
12676,31553,2,0,68317,0,1,0,0.25,0,2.89619,0.142857,1
12677,31551,1,1,68314,0,0,0,0.25,0,2.90568,0.142857,1
12678,31554,1,1,68312,0,0,0,0.25,0,2.89982,0.142857,1
12679,31558,1,0,68311,0,1,0,0.25,0,2.89898,0.142857,1
12680,31558,1,0,68311,0,0,0,0.25,0,2.9051,0.142857,1
12681,31561,1,0,68303,0,0,0,0.25,0,2.90598,0.142857,1
12682,31564,1,0,68302,0,0,0,0.25,0,2.92261,0.142857,1
12683,31569,1,0,68301,0,0,0,0.25,0,2.91825,0.142857,1
12684,31567,1,0,68300,0,0,0,0.25,0,2.92382,0.142857,1
12685,31572,1,0,68297,0,0,0,0.25,0,2.91672,0.142857,1
12686,31574,0,1,68293,0,0,0,0.25,0,2.92976,0.142857,1
12687,31576,0,0,68292,0,1,0,0.25,0,2.9209,0.142857,1
12688,31577,1,0,68290,0,0,0,0.25,0,2.92264,0.142857,1
12689,31581,1,0,68288,0,0,0,0.25,0,2.93318,0.142857,1
12690,31582,1,0,68286,0,0,0,0.25,0,2.92457,0.142857,1
12691,31587,1,0,68284,0,0,0,0.25,0,2.92796,0.142857,1
12692,31589,1,0,68280,0,0,0,0.25,0,2.93859,0.142857,1
12693,31588,1,0,68278,0,0,0,0.25,0,2.9202,0.142857,1
12694,31591,1,0,68274,0,0,0,0.25,0,2.92293,0.142857,1
12695,31594,1,0,68272,0,0,0,0.25,0,2.91837,0.142857,1
12696,31600,1,0,68268,0,0,0,0.25,0,2.907,0.142857,1
12697,31599,0,1,68265,0,0,0,0.25,0,2.90006,0.142857,1
12698,31601,1,1,68263,0,0,0,0.25,0,2.89601,0.142857,1
12699,31602,1,1,68259,0,0,0,0.25,0,2.89374,0.142857,1
12700,31602,1,1,68255,0,0,0,0.25,0,2.88832,0.142857,1
12701,31602,1,1,68248,0,0,0,0.25,0,2.90147,0.142857,1
12702,31606,1,0,68247,0,1,0,0.25,0,2.89078,0.142857,1
12703,31612,1,0,68241,0,0,0,0.25,0,2.90179,0.142857,1
12704,31609,2,0,68240,0,0,0,0.25,0,2.89553,0.142857,1
12705,31610,2,0,68239,0,0,0,0.25,0,2.90081,0.142857,1
12706,31615,1,1,68239,0,0,0,0.25,0,2.89704,0.142857,1
12707,31615,2,1,68239,0,0,0,0.25,0,2.89929,0.142857,1
12708,31618,2,1,68235,0,0,0,0.25,0,2.89484,0.142857,1
12709,31619,3,1,68232,0,0,0,0.25,0,2.89046,0.142857,1
12710,31620,2,2,68231,0,0,0,0.25,0,2.89252,0.142857,1
12711,31622,3,2,68228,0,0,0,0.25,0,2.89299,0.142857,1
12712,31623,4,0,68228,0,2,1,0.25,0,2.89202,0.142857,1
12713,31626,4,0,68224,0,0,0,0.25,0,2.89953,0.142857,1
12714,31632,4,0,68220,0,0,0,0.25,0,2.89595,0.142857,1
12715,31636,4,0,68218,0,0,0,0.25,0,2.89564,0.142857,1
12716,31639,4,0,68216,0,0,0,0.25,0,2.90233,0.142857,1
12717,31641,4,0,68215,0,0,0,0.25,0,2.90063,0.142857,1
12718,31645,4,0,68214,0,0,0,0.25,0,2.89681,0.142857,1
12719,31651,4,0,68213,0,0,0,0.25,0,2.89318,0.142857,1
12720,31653,4,1,68209,0,0,0,0.25,0,2.88435,0.142857,1
12721,31654,4,1,68207,0,0,0,0.25,0,2.89351,0.142857,1
12722,31658,4,1,68205,0,1,0,0.25,0,2.89998,0.142857,1
12723,31660,4,1,68203,0,0,0,0.25,0,2.90837,0.142857,1
12724,31661,4,1,68202,0,0,0,0.25,0,2.91781,0.142857,1
12725,31663,4,1,68199,0,0,0,0.25,0,2.90532,0.142857,1
12726,31666,4,0,68199,0,1,0,0.25,0,2.88924,0.142857,1
12727,31668,4,0,68197,0,0,0,0.25,0,2.88882,0.142857,1
12728,31670,4,0,68197,0,0,0,0.25,0,2.90368,0.142857,1
12729,31672,4,0,68196,0,0,0,0.25,0,2.8987,0.142857,1
12730,31675,4,0,68196,0,0,0,0.25,0,2.89051,0.142857,1
12731,31679,3,0,68197,0,1,0,0.25,0,2.89355,0.142857,1
12732,31680,2,1,68197,0,0,0,0.25,0,2.89482,0.142857,1
12733,31680,1,3,68196,0,0,0,0.25,0,2.8895,0.142857,1
12734,31685,1,3,68190,0,0,0,0.25,0,2.89491,0.142857,1
12735,31688,1,3,68186,0,0,0,0.25,0,2.8991,0.142857,1
12736,31687,2,3,68183,0,0,0,0.25,0,2.88814,0.142857,1
12737,31691,3,3,68176,0,0,0,0.25,0,2.89041,0.142857,1
12738,31694,4,2,68177,0,1,0,0.25,0,2.88714,0.142857,1
12739,31697,4,1,68176,0,1,1,0.25,0,2.9015,0.142857,1
12740,31700,3,2,68174,0,0,0,0.25,0,2.9058,0.142857,1
12741,31695,3,2,68170,0,1,0,0.25,0,2.91542,0.142857,1
12742,31697,1,2,68168,0,2,5,0.25,0,2.92962,0.142857,1
12743,31698,2,2,68165,0,0,0,0.25,0,2.90989,0.142857,1
12744,31703,2,2,68164,0,1,0,0.25,0,2.9106,0.142857,1
12745,31704,3,2,68160,0,0,0,0.25,0,2.90978,0.142857,1
12746,31705,4,2,68157,0,0,0,0.25,0,2.91937,0.142857,1
12747,31708,4,1,68157,0,1,0,0.25,0,2.92508,0.142857,1
12748,31712,4,1,68155,0,0,0,0.25,0,2.91885,0.142857,1
12749,31715,4,1,68155,0,0,0,0.25,0,2.91868,0.142857,1
12750,31717,3,1,68152,0,1,0,0.25,0,2.91917,0.142857,1
12751,31719,3,1,68152,0,0,0,0.25,0,2.92309,0.142857,1
12752,31719,3,1,68152,0,0,0,0.25,0,2.92634,0.142857,1
12753,31724,2,2,68148,0,0,0,0.25,0,2.93395,0.142857,1
12754,31726,2,3,68147,0,0,0,0.25,0,2.93592,0.142857,1
12755,31724,3,4,68145,0,0,0,0.25,0,2.9291,0.142857,1
12756,31727,3,4,68145,0,0,0,0.25,0,2.93067,0.142857,1
12757,31729,5,3,68144,0,1,0,0.25,0,2.94986,0.142857,1
12758,31731,5,3,68141,0,0,0,0.25,0,2.94139,0.142857,1
12759,31733,6,2,68140,0,1,0,0.25,0,2.93134,0.142857,1
12760,31735,5,3,68139,0,0,0,0.25,0,2.93899,0.142857,1
12761,31736,6,3,68139,0,0,0,0.25,0,2.94355,0.142857,1
12762,31737,5,3,68137,0,1,0,0.25,0,2.93774,0.142857,1
12763,31744,4,2,68134,0,2,1,0.25,0,2.96375,0.142857,1
12764,31747,4,2,68132,0,0,0,0.25,0,2.95571,0.142857,1
12765,31746,4,2,68129,0,0,0,0.25,0,2.95667,0.142857,1
12766,31750,4,2,68127,0,0,0,0.25,0,2.95962,0.142857,1
12767,31751,4,2,68126,0,0,0,0.25,0,2.96738,0.142857,1
12768,31755,6,2,68122,0,0,0,0.25,0,2.96704,0.142857,1
12769,31756,5,3,68120,0,0,0,0.25,0,2.97579,0.142857,1
12770,31759,5,3,68119,0,0,0,0.25,0,2.97786,0.142857,1
12771,31760,5,1,68118,0,2,0,0.25,0,2.98074,0.142857,1
12772,31764,4,2,68115,0,0,0,0.25,0,2.9787,0.142857,1
12773,31766,4,1,68115,0,1,0,0.25,0,2.9868,0.142857,1
12774,31765,4,0,68113,0,1,0,0.25,0,2.99783,0.142857,1
12775,31770,4,0,68110,0,0,0,0.25,0,2.99914,0.142857,1
12776,31776,3,1,68107,0,0,0,0.25,0,3,0.142857,1
12777,31777,4,1,68104,0,0,0,0.25,0,3,0.142857,1
12778,31780,4,0,68102,0,1,1,0.25,0,3,0.142857,1
12779,31778,4,0,68100,0,0,0,0.25,0,3,0.142857,1
12780,31778,3,1,68095,0,0,0,0.25,0,3,0.142857,1
12781,31779,3,1,68090,0,0,0,0.25,0,3,0.142857,1
12782,31784,3,1,68090,0,0,0,0.25,0,3,0.142857,1
12783,31785,3,1,68089,0,0,0,0.25,0,3,0.142857,1
12784,31793,3,0,68087,0,1,1,0.25,0,3,0.142857,1
12785,31792,4,0,68085,0,0,0,0.25,0,3,0.142857,1
12786,31798,4,0,68084,0,0,0,0.25,0,3,0.142857,1
12787,31799,4,0,68083,0,0,0,0.25,0,3,0.142857,1
12788,31801,4,0,68081,0,0,0,0.25,0,3,0.142857,1
12789,31800,4,0,68079,0,0,0,0.25,0,3,0.142857,1
12790,31802,4,0,68075,0,0,0,0.25,0,3,0.142857,1
12791,31804,4,0,68073,0,0,0,0.25,0,3,0.142857,1
12792,31804,3,0,68069,0,1,1,0.25,0,3,0.142857,1
12793,31805,2,0,68068,0,1,0,0.25,0,3,0.142857,1
12794,31807,2,0,68063,0,0,0,0.25,0,3,0.142857,1
12795,31808,2,0,68061,0,0,0,0.25,0,3,0.142857,1
12796,31814,1,1,68060,0,0,0,0.25,0,3,0.142857,1
12797,31816,1,1,68059,0,0,0,0.25,0,3,0.142857,1
12798,31820,1,0,68057,0,1,0,0.25,0,3,0.142857,1
12799,31821,1,0,68055,0,0,0,0.25,0,3,0.142857,1
12800,31823,1,0,68052,0,0,0,0.25,0,3,0.142857,1
12801,31829,1,0,68052,0,0,0,0.25,0,3,0.142857,1
12802,31833,1,0,68051,0,0,0,0.25,0,3,0.142857,1
12803,31836,1,0,68048,0,0,0,0.25,0,3,0.142857,1
12804,31836,1,0,68046,0,0,0,0.25,0,3,0.142857,1
12805,31837,1,0,68042,0,0,0,0.25,0,3,0.142857,1
12806,31839,2,0,68038,0,0,0,0.25,0,3,0.142857,1
12807,31838,2,0,68037,0,0,0,0.25,0,3,0.142857,1
12808,31842,2,0,68036,0,0,0,0.25,0,3,0.142857,1
12809,31842,4,1,68035,0,0,0,0.25,0,3,0.142857,1
12810,31840,4,1,68032,0,0,0,0.25,0,3,0.142857,1
12811,31841,4,1,68032,0,0,0,0.25,0,3,0.142857,1
12812,31844,4,1,68030,0,0,0,0.25,0,3,0.142857,1
12813,31851,3,2,68027,0,0,0,0.25,0,3,0.142857,1
12814,31853,3,3,68024,0,0,0,0.25,0,3,0.142857,1
12815,31852,4,3,68018,0,0,0,0.25,0,3,0.142857,1
12816,31852,6,3,68017,0,0,0,0.25,0,3,0.142857,1
12817,31853,7,2,68017,0,1,0,0.25,0,3,0.142857,1
12818,31856,6,2,68015,0,1,1,0.25,0,3,0.142857,1
12819,31858,4,3,68014,0,2,0,0.25,0,3,0.142857,1
12820,31859,5,1,68013,0,2,0,0.25,0,3,0.142857,1
12821,31867,5,1,68011,0,0,0,0.25,0,3,0.142857,1
12822,31869,6,1,68008,0,0,0,0.25,0,3,0.142857,1
12823,31869,4,3,68006,0,0,0,0.25,0,3,0.142857,1
12824,31871,3,4,68004,0,0,0,0.25,0,3,0.142857,1
12825,31875,2,3,68003,0,2,2,0.25,0,3,0.142857,1
12826,31875,2,2,68002,0,1,1,0.25,0,3,0.142857,1
12827,31879,2,1,67999,0,1,0,0.25,0,3,0.142857,1
12828,31881,2,1,67995,0,0,0,0.25,0,3,0.142857,1
12829,31881,2,1,67990,0,0,0,0.25,0,3,0.142857,1
12830,31885,2,1,67989,0,0,0,0.25,0,3,0.142857,1
12831,31887,2,1,67987,0,0,0,0.25,0,3,0.142857,1
12832,31886,3,1,67984,0,0,0,0.25,0,3,0.142857,1
12833,31891,3,0,67983,0,1,0,0.25,0,3,0.142857,1
12834,31892,1,2,67979,0,0,0,0.25,0,3,0.142857,1
12835,31896,1,2,67977,0,0,0,0.25,0,3,0.142857,1
12836,31903,1,2,67976,0,0,0,0.25,0,3,0.142857,1
12837,31905,2,2,67970,0,0,0,0.25,0,3,0.142857,1
12838,31910,2,2,67964,0,0,0,0.25,0,3,0.142857,1
12839,31914,2,1,67965,0,1,0,0.25,0,3,0.142857,1
12840,31918,2,1,67963,0,0,0,0.25,0,3,0.142857,1
12841,31921,2,0,67961,0,1,0,0.25,0,3,0.142857,1
12842,31923,2,0,67959,0,0,0,0.25,0,3,0.142857,1
12843,31927,3,0,67958,0,0,0,0.25,0,3,0.142857,1
12844,31929,2,1,67956,0,0,0,0.25,0,3,0.142857,1
12845,31934,4,1,67951,0,0,0,0.25,0,3,0.142857,1
12846,31933,4,1,67950,0,0,0,0.25,0,3,0.142857,1
12847,31932,4,1,67945,0,0,0,0.25,0,3,0.142857,1
12848,31935,4,1,67943,0,0,0,0.25,0,3,0.142857,1
12849,31936,3,2,67943,0,0,0,0.25,0,3,0.142857,1
12850,31935,2,3,67942,0,0,0,0.25,0,3,0.142857,1
12851,31935,2,2,67943,0,1,2,0.25,0,3,0.142857,1
12852,31934,2,1,67942,0,1,3,0.25,0,3,0.142857,1
12853,31935,3,1,67939,0,0,0,0.25,0,3,0.142857,1
12854,31933,2,2,67937,0,0,0,0.25,0,3,0.142857,1
12855,31935,2,2,67935,0,0,0,0.25,0,3,0.142857,1
12856,31939,3,2,67934,0,0,0,0.25,0,3,0.142857,1
12857,31938,3,2,67930,0,0,0,0.25,0,3,0.142857,1
12858,31944,3,1,67930,0,1,1,0.25,0,3,0.142857,1
12859,31945,2,1,67928,0,1,0,0.25,0,3,0.142857,1
12860,31946,2,1,67928,0,0,0,0.25,0,3,0.142857,1
12861,31946,3,1,67927,0,0,0,0.25,0,3,0.142857,1
12862,31946,3,1,67926,0,0,0,0.25,0,3,0.142857,1
12863,31949,2,2,67921,0,0,0,0.25,0,3,0.142857,1
12864,31952,0,4,67919,0,0,0,0.25,0,3,0.142857,1
12865,31954,1,4,67912,0,0,0,0.25,0,3,0.142857,1
12866,31955,2,3,67910,0,1,0,0.25,0,3,0.142857,1
12867,31956,3,4,67909,0,0,0,0.25,0,3,0.142857,1
12868,31958,3,4,67904,0,0,0,0.25,0,3,0.142857,1
12869,31957,5,4,67901,0,0,0,0.25,0,3,0.142857,1
12870,31956,8,4,67898,0,0,0,0.25,0,3,0.142857,1
12871,31955,7,5,67896,0,1,0,0.25,0,3,0.142857,1
12872,31956,8,4,67894,0,1,1,0.25,0,3,0.142857,1
12873,31956,6,5,67891,0,1,0,0.25,0,3,0.142857,1
12874,31955,8,5,67888,0,1,0,0.25,0,3,0.142857,1
12875,31956,8,5,67887,0,0,0,0.25,0,3,0.142857,1
12876,31960,7,4,67886,0,2,0,0.25,0,3,0.142857,1
12877,31961,7,4,67880,0,0,0,0.25,0,3,0.142857,1
12878,31959,8,4,67877,0,1,0,0.25,0,3,0.142857,1
12879,31965,5,5,67877,0,2,0,0.25,0,3,0.142857,1
12880,31968,6,5,67875,0,0,0,0.25,0,3,0.142857,1
12881,31969,5,5,67872,0,1,2,0.25,0,3,0.142857,1
12882,31968,4,4,67872,0,2,2,0.25,0,3,0.142857,1
12883,31971,3,5,67867,0,1,0,0.25,0,3,0.142857,1
12884,31971,4,5,67865,0,0,0,0.25,0,3,0.142857,1
12885,31974,4,5,67862,0,0,0,0.25,0,3,0.142857,1
12886,31978,3,3,67864,0,3,0,0.25,0,3,0.142857,1
12887,31978,3,4,67860,0,0,0,0.25,0,3,0.142857,1
12888,31983,4,3,67860,0,1,0,0.25,0,3,0.142857,1
12889,31985,3,4,67853,0,0,0,0.25,0,3,0.142857,1
12890,31986,4,3,67852,0,1,0,0.25,0,3,0.142857,1
12891,31989,4,3,67849,0,0,0,0.25,0,3,0.142857,1
12892,31991,6,3,67847,0,0,0,0.25,0,3,0.142857,1
12893,31995,6,3,67846,0,0,0,0.25,0,3,0.142857,1
12894,31999,5,3,67847,0,1,1,0.25,0,3,0.142857,1
12895,32000,5,2,67843,0,1,0,0.25,0,3,0.142857,1
12896,32002,4,3,67842,0,0,0,0.25,0,3,0.142857,1
12897,32004,4,2,67840,0,1,0,0.25,0,3,0.142857,1
12898,32009,4,2,67841,0,1,1,0.25,0,3,0.142857,1
12899,32007,4,3,67839,0,0,0,0.25,0,3,0.142857,1
12900,32011,3,3,67839,0,1,0,0.25,0,3,0.142857,1
12901,32012,3,2,67839,0,1,0,0.25,0,3,0.142857,1
12902,32015,3,1,67836,0,1,0,0.25,0,3,0.142857,1
12903,32020,2,2,67835,0,0,0,0.25,0,3,0.142857,1
12904,32023,3,2,67831,0,0,0,0.25,0,3,0.142857,1
12905,32027,4,1,67828,0,1,3,0.25,0,3,0.142857,1
12906,32028,4,0,67823,0,1,0,0.25,0,3,0.142857,1
12907,32027,3,1,67818,0,0,0,0.25,0,3,0.142857,1
12908,32027,2,2,67816,0,0,0,0.25,0,3,0.142857,1
12909,32029,1,3,67814,0,0,0,0.25,0,3,0.142857,1
12910,32036,1,2,67813,0,1,0,0.25,0,3,0.142857,1
12911,32040,1,1,67812,0,1,0,0.25,0,3,0.142857,1
12912,32043,2,1,67812,0,0,0,0.25,0,3,0.142857,1
12913,32044,2,1,67809,0,0,0,0.25,0,3,0.142857,1
12914,32041,2,2,67806,0,0,0,0.25,0,3,0.142857,1
12915,32044,2,2,67797,0,0,0,0.25,0,3,0.142857,1
12916,32045,1,2,67796,0,1,1,0.25,0,3,0.142857,1
12917,32047,1,1,67793,0,1,0,0.25,0,3,0.142857,1
12918,32049,1,1,67792,0,0,0,0.25,0,3,0.142857,1
12919,32048,2,1,67790,0,0,0,0.25,0,3,0.142857,1
12920,32050,2,1,67789,0,0,0,0.25,0,3,0.142857,1
12921,32054,2,1,67788,0,0,0,0.25,0,3,0.142857,1
12922,32054,1,1,67787,0,1,2,0.25,0,3,0.142857,1
12923,32055,1,0,67787,0,1,0,0.25,0,3,0.142857,1
12924,32058,1,0,67784,0,0,0,0.25,0,3,0.142857,1
12925,32059,1,0,67784,0,0,0,0.25,0,3,0.142857,1
12926,32059,0,1,67778,0,0,0,0.25,0,3,0.142857,1
12927,32064,0,1,67776,0,0,0,0.25,0,3,0.142857,1
12928,32066,0,1,67772,0,0,0,0.25,0,3,0.142857,1
12929,32068,0,1,67769,0,0,0,0.25,0,3,0.142857,1
12930,32071,0,0,67766,0,1,0,0.25,0,3,0.142857,1
12931,32074,0,0,67764,0,0,0,0.25,0,3,0.142857,1
12932,32076,0,0,67759,0,0,0,0.25,0,3,0.142857,1
12933,32076,0,0,67758,0,0,0,0.25,0,3,0.142857,1
12934,32076,0,0,67755,0,0,0,0.25,0,3,0.142857,1
12935,32076,0,0,67752,0,0,0,0.25,0,3,0.142857,1
12936,32076,0,0,67751,0,0,0,0.25,0,3,0.142857,1
12937,32078,0,0,67750,0,0,0,0.25,0,3,0.142857,1
12938,32078,0,0,67746,0,0,0,0.25,0,3,0.142857,1
12939,32082,0,0,67746,0,0,0,0.25,0,3,0.142857,1
12940,32086,0,0,67746,0,0,0,0.25,0,3,0.142857,1
12941,32089,0,0,67744,0,0,0,0.25,0,3,0.142857,1
12942,32092,0,0,67742,0,0,0,0.25,0,3,0.142857,1
12943,32093,0,0,67740,0,0,0,0.25,0,3,0.142857,1
12944,32095,0,0,67733,0,0,0,0.25,0,3,0.142857,1
12945,32094,0,0,67731,0,0,0,0.25,0,3,0.142857,1
12946,32095,0,0,67728,0,0,0,0.25,0,3,0.142857,1
12947,32094,0,0,67724,0,0,0,0.25,0,3,0.142857,1
12948,32097,0,0,67723,0,0,0,0.25,0,3,0.142857,1
12949,32103,0,0,67721,0,0,0,0.25,0,3,0.142857,1
12950,32104,0,0,67721,0,0,0,0.25,0,3,0.142857,1
12951,32106,0,0,67719,0,0,0,0.25,0,3,0.142857,1
12952,32111,0,0,67717,0,0,0,0.25,0,3,0.142857,1
12953,32111,0,0,67715,0,0,0,0.25,0,3,0.142857,1
12954,32117,0,0,67711,0,0,0,0.25,0,3,0.142857,1
12955,32118,0,0,67706,0,0,0,0.25,0,3,0.142857,1
12956,32119,0,0,67701,0,0,0,0.25,0,3,0.142857,1
12957,32123,0,0,67699,0,0,0,0.25,0,3,0.142857,1
12958,32125,0,0,67698,0,0,0,0.25,0,3,0.142857,1
12959,32123,0,0,67695,0,0,0,0.25,0,3,0.142857,1
12960,32128,0,0,67691,0,0,0,0.25,0,3,0.142857,1
12961,32130,0,0,67691,0,0,0,0.25,0,3,0.142857,1
12962,32132,0,0,67689,0,0,0,0.25,0,3,0.142857,1
12963,32133,0,0,67682,0,0,0,0.25,0,3,0.142857,1
12964,32135,0,0,67679,0,0,0,0.25,0,3,0.142857,1
12965,32137,1,0,67674,0,0,0,0.25,0,3,0.142857,1
12966,32139,1,0,67670,0,0,0,0.25,0,3,0.142857,1
12967,32141,0,1,67665,0,0,0,0.25,0,3,0.142857,1
12968,32144,0,1,67664,0,0,0,0.25,0,3,0.142857,1
12969,32146,0,1,67660,0,0,0,0.25,0,3,0.142857,1
12970,32149,0,2,67658,0,0,0,0.25,0,3,0.142857,1
12971,32157,1,2,67654,0,0,0,0.25,0,3,0.142857,1
12972,32158,2,2,67651,0,0,0,0.25,0,3,0.142857,1
12973,32159,2,2,67646,0,0,0,0.25,0,3,0.142857,1
12974,32160,2,3,67643,0,0,0,0.25,0,3,0.142857,1
12975,32162,3,3,67637,0,0,0,0.25,0,3,0.142857,1
12976,32160,3,3,67638,0,1,0,0.25,0,3,0.142857,1
12977,32164,3,2,67635,0,1,0,0.25,0,3,0.142857,1
12978,32164,2,2,67632,0,1,0,0.25,0,3,0.142857,1
12979,32167,3,1,67629,0,1,2,0.25,0,3,0.142857,1
12980,32169,3,0,67624,0,1,0,0.25,0,3,0.142857,1
12981,32170,2,0,67621,0,1,0,0.25,0,3,0.142857,1
12982,32173,2,0,67620,0,0,0,0.25,0,3,0.142857,1
12983,32174,2,0,67616,0,0,0,0.25,0,3,0.142857,1
12984,32177,2,0,67615,0,0,0,0.25,0,3,0.142857,1
12985,32178,2,0,67613,0,0,0,0.25,0,3,0.142857,1
12986,32182,2,0,67610,0,0,0,0.25,0,3,0.142857,1
12987,32183,1,0,67608,0,1,1,0.25,0,3,0.142857,1
12988,32184,0,0,67607,0,1,0,0.25,0,3,0.142857,1
12989,32189,0,0,67605,0,0,0,0.25,0,3,0.142857,1
12990,32193,0,0,67604,0,0,0,0.25,0,3,0.142857,1
12991,32195,0,0,67602,0,0,0,0.25,0,3,0.142857,1
12992,32198,0,0,67600,0,0,0,0.25,0,3,0.142857,1
12993,32201,0,0,67598,0,0,0,0.25,0,3,0.142857,1
12994,32202,0,0,67594,0,0,0,0.25,0,3,0.142857,1
12995,32204,0,0,67589,0,0,0,0.25,0,3,0.142857,1
12996,32203,1,0,67583,0,0,0,0.25,0,3,0.142857,1
12997,32211,0,1,67579,0,0,0,0.25,0,3,0.142857,1
12998,32212,0,1,67578,0,0,0,0.25,0,3,0.142857,1
12999,32212,1,1,67576,0,0,0,0.25,0,3,0.142857,1
13000,32212,2,1,67573,0,0,0,0.25,0,3,0.142857,1
13001,32214,4,1,67572,0,0,0,0.25,0,3,0.142857,1
13002,32217,2,3,67570,0,0,0,0.25,0,3,0.142857,1
13003,32218,1,4,67568,0,1,1,0.25,0,3,0.142857,1
13004,32215,0,5,67565,0,0,0,0.25,0,3,0.142857,1
13005,32217,0,3,67561,0,2,0,0.25,0,3,0.142857,1
13006,32213,1,2,67558,0,1,1,0.25,0,3,0.142857,1
13007,32215,2,2,67556,0,0,0,0.25,0,3,0.142857,1
13008,32217,2,2,67556,0,0,0,0.25,0,3,0.142857,1
13009,32217,2,2,67553,0,0,0,0.25,0,3,0.142857,1
13010,32218,2,2,67552,0,0,0,0.25,0,3,0.142857,1
13011,32223,1,2,67552,0,1,0,0.25,0,3,0.142857,1
13012,32227,2,1,67550,0,1,0,0.25,0,3,0.142857,1
13013,32226,3,1,67547,0,0,0,0.25,0,3,0.142857,1
13014,32229,3,0,67547,0,1,0,0.25,0,3,0.142857,1
13015,32233,1,2,67543,0,0,0,0.25,0,3,0.142857,1
13016,32237,1,2,67538,0,0,0,0.25,0,3,0.142857,1
13017,32237,1,1,67537,0,1,1,0.25,0,3,0.142857,1
13018,32239,0,2,67535,0,0,0,0.25,0,3,0.142857,1
13019,32241,0,2,67533,0,0,0,0.25,0,3,0.142857,1
13020,32238,2,2,67532,0,0,0,0.25,0,3,0.142857,1
13021,32241,1,3,67531,0,0,0,0.25,0,3,0.142857,1
13022,32242,1,2,67528,0,2,0,0.25,0,3,0.142857,1
13023,32242,1,2,67527,0,0,0,0.25,0,3,0.142857,1
13024,32243,1,2,67524,0,0,0,0.25,0,3,0.142857,1
13025,32243,1,1,67523,0,1,0,0.25,0,3,0.142857,1
13026,32246,1,1,67520,0,0,0,0.25,0,3,0.142857,1
13027,32242,3,0,67519,0,1,2,0.25,0,3,0.142857,1
13028,32243,3,0,67516,0,0,0,0.25,0,3,0.142857,1
13029,32244,1,1,67513,0,1,0,0.25,0,3,0.142857,1
13030,32247,1,0,67512,0,1,1,0.25,0,3,0.142857,1
13031,32247,2,0,67509,0,0,0,0.25,0,3,0.142857,1
13032,32248,0,2,67509,0,0,0,0.25,0,3,0.142857,1
13033,32246,0,2,67506,0,0,0,0.25,0,3,0.142857,1
13034,32246,1,2,67505,0,0,0,0.25,0,3,0.142857,1
13035,32248,2,1,67504,0,1,0,0.25,0,3,0.142857,1
13036,32252,2,1,67500,0,0,0,0.25,0,3,0.142857,1
13037,32254,1,2,67499,0,0,0,0.25,0,3,0.142857,1
13038,32255,1,2,67498,0,0,0,0.25,0,3,0.142857,1
13039,32258,1,2,67495,0,0,0,0.25,0,3,0.142857,1
13040,32260,2,1,67495,0,1,1,0.25,0,3,0.142857,1
13041,32262,1,1,67493,0,1,0,0.25,0,3,0.142857,1
13042,32260,1,1,67490,0,0,0,0.25,0,3,0.142857,1
13043,32267,1,1,67484,0,0,0,0.25,0,3,0.142857,1
13044,32270,0,2,67483,0,0,0,0.25,0,3,0.142857,1
13045,32279,0,2,67479,0,0,0,0.25,0,3,0.142857,1
13046,32280,0,0,67480,0,2,0,0.25,0,3,0.142857,1
13047,32283,0,0,67475,0,0,0,0.25,0,3,0.142857,1
13048,32284,0,0,67471,0,0,0,0.25,0,3,0.142857,1
13049,32290,0,0,67469,0,0,0,0.25,0,3,0.142857,1
13050,32292,0,0,67466,0,0,0,0.25,0,3,0.142857,1
13051,32291,0,0,67464,0,0,0,0.25,0,3,0.142857,1
13052,32295,0,0,67461,0,0,0,0.25,0,3,0.142857,1
13053,32299,0,0,67460,0,0,0,0.25,0,3,0.142857,1
13054,32299,0,0,67460,0,0,0,0.25,0,3,0.142857,1
13055,32303,0,0,67458,0,0,0,0.25,0,3,0.142857,1
13056,32307,0,0,67454,0,0,0,0.25,0,3,0.142857,1
13057,32309,0,0,67451,0,0,0,0.25,0,3,0.142857,1
13058,32312,0,0,67448,0,0,0,0.25,0,3,0.142857,1
13059,32316,0,0,67444,0,0,0,0.25,0,3,0.142857,1
13060,32317,0,0,67444,0,0,0,0.25,0,3,0.142857,1
13061,32322,0,0,67443,0,0,0,0.25,0,3,0.142857,1
13062,32324,0,0,67440,0,0,0,0.25,0,3,0.142857,1
13063,32328,1,0,67439,0,0,0,0.25,0,3,0.142857,1
13064,32329,1,0,67435,0,0,0,0.25,0,3,0.142857,1
13065,32331,1,0,67434,0,0,0,0.25,0,3,0.142857,1
13066,32333,1,0,67429,0,0,0,0.25,0,3,0.142857,1
13067,32335,1,0,67425,0,0,0,0.25,0,3,0.142857,1
13068,32337,1,0,67423,0,0,0,0.25,0,3,0.142857,1
13069,32341,0,1,67420,0,0,0,0.25,0,3,0.142857,1
13070,32343,0,1,67418,0,0,0,0.25,0,3,0.142857,1
13071,32344,1,1,67416,0,0,0,0.25,0,3,0.142857,1
13072,32348,1,1,67415,0,0,0,0.25,0,3,0.142857,1
13073,32348,1,1,67413,0,0,0,0.25,0,3,0.142857,1
13074,32350,1,1,67411,0,0,0,0.25,0,3,0.142857,1
13075,32352,1,1,67409,0,0,0,0.25,0,3,0.142857,1
13076,32352,1,1,67408,0,0,0,0.25,0,3,0.142857,1
13077,32350,1,1,67405,0,0,0,0.25,0,3,0.142857,1
13078,32353,1,1,67402,0,0,0,0.25,0,3,0.142857,1
13079,32357,1,1,67400,0,0,0,0.25,0,3,0.142857,1
13080,32358,0,2,67399,0,0,0,0.25,0,3,0.142857,1
13081,32358,1,2,67396,0,0,0,0.25,0,3,0.142857,1
13082,32364,1,1,67393,0,1,0,0.25,0,3,0.142857,1
13083,32364,0,2,67384,0,0,0,0.25,0,3,0.142857,1
13084,32364,0,2,67384,0,0,0,0.25,0,3,0.142857,1
13085,32365,0,2,67383,0,0,0,0.25,0,3,0.142857,1
13086,32368,2,1,67383,0,1,0,0.25,0,3,0.142857,1
13087,32371,1,2,67382,0,0,0,0.25,0,3,0.142857,1
13088,32377,1,1,67380,0,1,0,0.25,0,3,0.142857,1
13089,32378,1,1,67379,0,0,0,0.25,0,3,0.142857,1
13090,32382,1,0,67380,0,1,1,0.25,0,3,0.142857,1
13091,32385,0,1,67379,0,0,0,0.25,0,3,0.142857,1
13092,32389,0,1,67375,0,0,0,0.25,0,3,0.142857,1
13093,32391,0,1,67372,0,0,0,0.25,0,3,0.142857,1
13094,32394,0,1,67369,0,0,0,0.25,0,3,0.142857,1
13095,32398,0,1,67369,0,0,0,0.25,0,3,0.142857,1
13096,32399,0,0,67367,0,1,1,0.25,0,3,0.142857,1
13097,32399,1,0,67366,0,0,0,0.25,0,3,0.142857,1
13098,32402,1,0,67364,0,0,0,0.25,0,3,0.142857,1
13099,32404,1,0,67364,0,0,0,0.25,0,3,0.142857,1
13100,32407,1,0,67362,0,0,0,0.25,0,3,0.142857,1
13101,32412,1,0,67361,0,0,0,0.25,0,3,0.142857,1
13102,32416,1,0,67359,0,0,0,0.25,0,3,0.142857,1
13103,32420,1,0,67357,0,0,0,0.25,0,3,0.142857,1
13104,32423,1,0,67355,0,0,0,0.25,0,3,0.142857,1
13105,32424,0,1,67347,0,0,0,0.25,0,3,0.142857,1
13106,32427,0,1,67343,0,0,0,0.25,0,3,0.142857,1
13107,32426,0,0,67341,0,1,0,0.25,0,3,0.142857,1
13108,32429,0,0,67341,0,0,0,0.25,0,3,0.142857,1
13109,32436,0,0,67341,0,0,0,0.25,0,3,0.142857,1
13110,32441,0,0,67340,0,0,0,0.25,0,3,0.142857,1
13111,32443,0,0,67340,0,0,0,0.25,0,3,0.142857,1
13112,32443,0,0,67337,0,0,0,0.25,0,3,0.142857,1
13113,32448,1,0,67333,0,0,0,0.25,0,3,0.142857,1
13114,32454,1,0,67333,0,0,0,0.25,0,3,0.142857,1
13115,32457,1,0,67331,0,0,0,0.25,0,3,0.142857,1
13116,32457,1,0,67326,0,0,0,0.25,0,3,0.142857,1
13117,32458,1,0,67323,0,0,0,0.25,0,3,0.142857,1
13118,32462,1,0,67320,0,0,0,0.25,0,3,0.142857,1
13119,32465,1,0,67320,0,0,0,0.25,0,3,0.142857,1
13120,32465,1,0,67318,0,0,0,0.25,0,3,0.142857,1
13121,32468,1,0,67315,0,0,0,0.25,0,3,0.142857,1
13122,32473,1,0,67312,0,0,0,0.25,0,3,0.142857,1
13123,32477,1,0,67310,0,0,0,0.25,0,3,0.142857,1
13124,32477,1,0,67306,0,0,0,0.25,0,3,0.142857,1
13125,32481,1,0,67305,0,0,0,0.25,0,3,0.142857,1
13126,32485,1,0,67300,0,0,0,0.25,0,3,0.142857,1
13127,32484,1,0,67299,0,0,0,0.25,0,3,0.142857,1
13128,32489,1,0,67295,0,0,0,0.25,0,3,0.142857,1
13129,32491,1,0,67293,0,0,0,0.25,0,3,0.142857,1
13130,32494,1,0,67288,0,0,0,0.25,0,3,0.142857,1
13131,32492,1,0,67284,0,0,0,0.25,0,3,0.142857,1
13132,32492,1,0,67283,0,0,0,0.25,0,3,0.142857,1
13133,32496,1,0,67280,0,0,0,0.25,0,3,0.142857,1
13134,32499,1,0,67279,0,0,0,0.25,0,3,0.142857,1
13135,32501,1,0,67277,0,0,0,0.25,0,3,0.142857,1
13136,32505,1,0,67276,0,0,0,0.25,0,3,0.142857,1
13137,32514,1,0,67274,0,0,0,0.25,0,3,0.142857,1
13138,32515,1,0,67271,0,0,0,0.25,0,3,0.142857,1
13139,32515,1,0,67271,0,0,0,0.25,0,3,0.142857,1
13140,32519,1,0,67270,0,0,0,0.25,0,3,0.142857,1
13141,32521,0,1,67267,0,0,0,0.25,0,3,0.142857,1
13142,32523,0,0,67266,0,1,0,0.25,0,3,0.142857,1
13143,32529,0,0,67265,0,0,0,0.25,0,3,0.142857,1
13144,32528,0,0,67265,0,0,0,0.25,0,3,0.142857,1
13145,32530,0,0,67264,0,0,0,0.25,0,3,0.142857,1
13146,32532,1,0,67261,0,0,0,0.25,0,3,0.142857,1
13147,32535,1,0,67257,0,0,0,0.25,0,3,0.142857,1
13148,32536,1,0,67256,0,0,0,0.25,0,3,0.142857,1
13149,32542,1,0,67255,0,0,0,0.25,0,3,0.142857,1
13150,32547,1,0,67254,0,0,0,0.25,0,3,0.142857,1
13151,32548,1,0,67253,0,0,0,0.25,0,3,0.142857,1
13152,32552,1,0,67248,0,0,0,0.25,0,3,0.142857,1
13153,32555,1,0,67244,0,0,0,0.25,0,3,0.142857,1
13154,32561,1,0,67244,0,0,0,0.25,0,3,0.142857,1
13155,32562,1,0,67242,0,0,0,0.25,0,3,0.142857,1
13156,32564,1,0,67241,0,0,0,0.25,0,3,0.142857,1
13157,32564,1,0,67240,0,0,0,0.25,0,3,0.142857,1
13158,32564,1,0,67238,0,0,0,0.25,0,3,0.142857,1
13159,32566,1,0,67237,0,0,0,0.25,0,3,0.142857,1
13160,32567,1,0,67235,0,0,0,0.25,0,3,0.142857,1
13161,32568,2,0,67233,0,0,0,0.25,0,3,0.142857,1
13162,32570,2,0,67228,0,0,0,0.25,0,3,0.142857,1
13163,32573,2,0,67227,0,0,0,0.25,0,3,0.142857,1
13164,32573,1,1,67224,0,0,0,0.25,0,3,0.142857,1
13165,32579,1,0,67223,0,1,0,0.25,0,3,0.142857,1
13166,32583,1,0,67221,0,0,0,0.25,0,3,0.142857,1
13167,32588,1,0,67215,0,0,0,0.25,0,3,0.142857,1
13168,32590,1,0,67211,0,0,0,0.25,0,3,0.142857,1
13169,32597,1,0,67206,0,0,0,0.25,0,3,0.142857,1
13170,32600,0,1,67203,0,0,0,0.25,0,3,0.142857,1
13171,32603,0,1,67200,0,0,0,0.25,0,3,0.142857,1
13172,32605,0,1,67199,0,0,0,0.25,0,3,0.142857,1
13173,32606,0,0,67196,0,1,0,0.25,0,3,0.142857,1
13174,32608,0,0,67196,0,0,0,0.25,0,3,0.142857,1
13175,32610,0,0,67190,0,0,0,0.25,0,3,0.142857,1
13176,32612,0,0,67188,0,0,0,0.25,0,3,0.142857,1
13177,32615,0,0,67184,0,0,0,0.25,0,3,0.142857,1
13178,32620,0,0,67181,0,0,0,0.25,0,3,0.142857,1
13179,32625,0,0,67180,0,0,0,0.25,0,3,0.142857,1
13180,32625,0,0,67175,0,0,0,0.25,0,3,0.142857,1
13181,32629,0,0,67174,0,0,0,0.25,0,3,0.142857,1
13182,32632,0,0,67170,0,0,0,0.25,0,3,0.142857,1
13183,32637,0,0,67169,0,0,0,0.25,0,3,0.142857,1
13184,32640,0,0,67168,0,0,0,0.25,0,3,0.142857,1
13185,32639,1,0,67166,0,0,0,0.25,0,3,0.142857,1
13186,32642,0,1,67163,0,0,0,0.25,0,3,0.142857,1
13187,32641,0,1,67159,0,0,0,0.25,0,3,0.142857,1
13188,32644,1,1,67157,0,0,0,0.25,0,3,0.142857,1
13189,32645,1,1,67155,0,0,0,0.25,0,3,0.142857,1
13190,32647,2,1,67152,0,0,0,0.25,0,3,0.142857,1
13191,32650,2,1,67150,0,0,0,0.25,0,3,0.142857,1
13192,32653,1,2,67147,0,0,0,0.25,0,3,0.142857,1
13193,32653,1,1,67147,0,1,0,0.25,0,3,0.142857,1
13194,32656,0,2,67145,0,0,0,0.25,0,3,0.142857,1
13195,32657,1,2,67141,0,0,0,0.25,0,3,0.142857,1
13196,32658,4,1,67139,0,1,1,0.25,0,3,0.142857,1
13197,32661,4,0,67139,0,1,0,0.25,0,3,0.142857,1
13198,32666,2,2,67137,0,0,0,0.25,0,3,0.142857,1
13199,32671,3,2,67134,0,0,0,0.25,0,3,0.142857,1
13200,32676,3,2,67131,0,0,0,0.25,0,3,0.142857,1
13201,32678,4,2,67129,0,0,0,0.25,0,3,0.142857,1
13202,32679,4,2,67129,0,1,0,0.25,0,3,0.142857,1
13203,32680,1,5,67128,0,0,0,0.25,0,3,0.142857,1
13204,32681,2,5,67125,0,0,0,0.25,0,3,0.142857,1
13205,32685,3,4,67124,0,1,0,0.25,0,3,0.142857,1
13206,32687,3,2,67125,0,2,0,0.25,0,3,0.142857,1
13207,32687,3,1,67123,0,1,0,0.25,0,3,0.142857,1
13208,32688,5,1,67121,0,0,0,0.25,0,3,0.142857,1
13209,32689,5,1,67120,0,0,0,0.25,0,3,0.142857,1
13210,32691,4,3,67114,0,0,0,0.25,0,3,0.142857,1
13211,32691,4,2,67111,0,1,1,0.25,0,3,0.142857,1
13212,32696,4,2,67111,0,0,0,0.25,0,3,0.142857,1
13213,32698,4,1,67109,0,1,0,0.25,0,3,0.142857,1
13214,32698,5,2,67105,0,0,0,0.25,0,3,0.142857,1
13215,32701,6,2,67102,0,0,0,0.25,0,3,0.142857,1
13216,32701,5,4,67097,0,0,0,0.25,0,3,0.142857,1
13217,32701,6,4,67094,0,0,0,0.25,0,3,0.142857,1
13218,32703,6,4,67091,0,0,0,0.25,0,3,0.142857,1
13219,32702,7,4,67089,0,0,0,0.25,0,3,0.142857,1
13220,32703,7,4,67088,0,1,0,0.25,0,3,0.142857,1
13221,32705,9,4,67086,0,0,0,0.25,0,3,0.142857,1
13222,32707,7,5,67086,0,1,0,0.25,0,3,0.142857,1
13223,32706,7,6,67085,0,0,0,0.25,0,3,0.142857,1
13224,32703,6,6,67086,0,3,0,0.25,0,3,0.142857,1
13225,32703,7,4,67084,0,2,2,0.25,0,3,0.142857,1
13226,32705,8,3,67083,0,1,0,0.25,0,3,0.142857,1
13227,32705,9,3,67080,0,0,0,0.25,0,3,0.142857,1
13228,32708,9,3,67075,0,0,0,0.25,0,3,0.142857,1
13229,32709,9,2,67073,0,1,1,0.25,0,3,0.142857,1
13230,32713,9,3,67070,0,0,0,0.25,0,3,0.142857,1
13231,32712,10,2,67071,0,2,1,0.25,0,3,0.142857,1
13232,32707,10,3,67072,0,1,0,0.25,0,3,0.142857,1
13233,32711,12,3,67070,0,0,0,0.25,0,3,0.142857,1
13234,32716,10,4,67068,0,1,0,0.25,0,3,0.142857,1
13235,32716,10,6,67064,0,0,0,0.25,0,3,0.142857,1
13236,32716,10,6,67063,0,1,2,0.25,0,3,0.142857,1
13237,32712,13,6,67063,0,0,0,0.25,0,3,0.142857,1
13238,32716,14,7,67063,0,0,0,0.25,0,3,0.142857,1
13239,32715,15,7,67058,0,0,0,0.25,0,3,0.142857,1
13240,32715,14,6,67059,0,2,0,0.25,0,3,0.142857,1
13241,32714,14,5,67060,0,3,1,0.25,0,3,0.142857,1
13242,32715,14,6,67058,0,1,2,0.25,0,3,0.142857,1
13243,32711,13,5,67060,0,3,0,0.25,0,3,0.142857,1
13244,32715,13,5,67059,0,0,0,0.25,0,3,0.142857,1
13245,32723,11,5,67059,0,2,0,0.25,0,3,0.142857,1
13246,32728,10,6,67058,0,0,0,0.25,0,3,0.142857,1
13247,32727,9,6,67060,0,2,0,0.25,0,3,0.142857,1
13248,32728,8,6,67059,0,1,0,0.25,0,3,0.142857,1
13249,32728,8,6,67056,0,1,5,0.25,0,3,0.142857,1
13250,32731,11,4,67056,0,2,0,0.25,0,3,0.142857,1
13251,32732,11,4,67051,0,0,0,0.25,0,3,0.142857,1
13252,32736,8,4,67051,0,3,4,0.25,0,3,0.142857,1
13253,32742,8,4,67047,0,0,0,0.25,0,3,0.142857,1
13254,32744,4,8,67044,0,0,0,0.25,0,3,0.142857,1
13255,32746,5,8,67040,0,0,0,0.25,0,3,0.142857,1
13256,32749,5,7,67038,0,1,1,0.25,0,3,0.142857,1
13257,32749,2,8,67039,0,2,0,0.25,0,3,0.142857,1
13258,32751,3,8,67037,0,0,0,0.25,0,3,0.142857,1
13259,32751,4,6,67037,0,2,0,0.25,0,3,0.142857,1
13260,32754,4,7,67037,0,0,0,0.25,0,3,0.142857,1
13261,32759,5,6,67035,0,1,0,0.25,0,3,0.142857,1
13262,32760,6,7,67035,0,1,0,0.25,0,3,0.142857,1
13263,32763,6,4,67034,0,3,0,0.25,0,3,0.142857,1
13264,32767,4,6,67032,0,0,0,0.25,0,3,0.142857,1
13265,32769,5,4,67033,0,2,1,0.25,0,3,0.142857,1
13266,32770,5,4,67030,0,0,0,0.25,0,3,0.142857,1
13267,32767,5,3,67027,0,1,0,0.25,0,3,0.142857,1
13268,32772,6,2,67025,0,1,0,0.25,0,3,0.142857,1
13269,32773,5,2,67023,0,1,0,0.25,0,3,0.142857,1
13270,32775,4,3,67022,0,0,0,0.25,0,3,0.142857,1
13271,32778,3,2,67020,0,2,0,0.25,0,3,0.142857,1
13272,32783,3,3,67020,0,0,0,0.25,0,3,0.142857,1
13273,32784,5,3,67019,0,0,0,0.25,0,3,0.142857,1
13274,32784,6,3,67018,0,0,0,0.25,0,3,0.142857,1
13275,32789,6,3,67015,0,0,0,0.25,0,3,0.142857,1
13276,32794,7,1,67014,0,2,0,0.25,0,3,0.142857,1
13277,32800,6,2,67012,0,0,0,0.25,0,3,0.142857,1
13278,32803,5,1,67010,0,2,0,0.25,0,3,0.142857,1
13279,32806,5,0,67009,0,1,0,0.25,0,3,0.142857,1
13280,32809,3,2,67007,0,0,0,0.25,0,3,0.142857,1
13281,32809,3,2,67002,0,0,0,0.25,0,3,0.142857,1
13282,32813,3,1,67001,0,1,0,0.25,0,3,0.142857,1
13283,32813,5,1,66998,0,0,0,0.25,0,3,0.142857,1
13284,32815,5,1,66995,0,1,0,0.25,0,3,0.142857,1
13285,32816,5,1,66992,0,0,0,0.25,0,3,0.142857,1
13286,32819,4,1,66991,0,1,1,0.25,0,3,0.142857,1
13287,32819,4,0,66991,0,1,0,0.25,0,3,0.142857,1
13288,32821,4,0,66991,0,0,0,0.25,0,3,0.142857,1
13289,32822,2,2,66989,0,0,0,0.25,0,3,0.142857,1
13290,32827,2,2,66989,0,0,0,0.25,0,3,0.142857,1
13291,32828,1,2,66987,0,1,0,0.25,0,3,0.142857,1
13292,32829,1,2,66984,0,0,0,0.25,0,3,0.142857,1
13293,32829,2,2,66981,0,0,0,0.25,0,3,0.142857,1
13294,32833,2,2,66979,0,0,0,0.25,0,3,0.142857,1
13295,32839,2,1,66976,0,1,0,0.25,0,3,0.142857,1
13296,32845,2,1,66970,0,0,0,0.25,0,3,0.142857,1
13297,32847,3,1,66969,0,0,0,0.25,0,3,0.142857,1
13298,32851,3,1,66963,0,0,0,0.25,0,3,0.142857,1
13299,32856,3,1,66962,0,0,0,0.25,0,3,0.142857,1
13300,32862,5,1,66959,0,0,0,0.25,0,3,0.142857,1
13301,32864,6,1,66957,0,0,0,0.25,0,3,0.142857,1
13302,32866,6,1,66954,0,0,0,0.25,0,3,0.142857,1
13303,32866,6,2,66951,0,0,0,0.25,0,3,0.142857,1
13304,32869,4,2,66951,0,2,0,0.25,0,3,0.142857,1
13305,32870,5,2,66951,0,0,0,0.25,0,3,0.142857,1
13306,32873,6,1,66951,0,1,1,0.25,0,3,0.142857,1
13307,32876,6,1,66945,0,0,0,0.25,0,3,0.142857,1
13308,32881,4,2,66945,0,1,0,0.25,0,3,0.142857,1
13309,32884,5,2,66943,0,0,0,0.25,0,3,0.142857,1
13310,32885,3,5,66940,0,0,0,0.25,0,3,0.142857,1
13311,32886,4,5,66937,0,0,0,0.25,0,3,0.142857,1
13312,32887,4,7,66934,0,0,0,0.25,0,3,0.142857,1
13313,32884,8,9,66932,0,0,0,0.25,0,3,0.142857,1
13314,32890,7,8,66929,0,2,1,0.25,0,3,0.142857,1
13315,32893,7,6,66931,0,2,1,0.25,0,3,0.142857,1
13316,32898,6,6,66930,0,1,1,0.25,0,3,0.142857,1
13317,32903,6,5,66929,0,1,0,0.25,0,3,0.142857,1
13318,32906,6,1,66931,0,4,0,0.25,0,3,0.142857,1
13319,32906,6,2,66927,0,0,0,0.25,0,3,0.142857,1
13320,32908,5,4,66924,0,0,0,0.25,0,3,0.142857,1
13321,32912,6,3,66921,0,1,0,0.25,0,3,0.142857,1
13322,32917,6,4,66919,0,0,0,0.25,0,3,0.142857,1
13323,32919,7,4,66919,0,0,0,0.25,0,3,0.142857,1
13324,32922,6,6,66916,0,0,0,0.25,0,3,0.142857,1
13325,32921,8,6,66913,0,0,0,0.25,0,3,0.142857,1
13326,32925,8,3,66914,0,3,0,0.25,0,3,0.142857,1
13327,32931,7,4,66911,0,0,0,0.25,0,3,0.142857,1
13328,32935,5,5,66909,0,1,0,0.25,0,3,0.142857,1
13329,32938,5,4,66909,0,1,0,0.25,0,3,0.142857,1
13330,32937,7,4,66909,0,0,0,0.25,0,3,0.142857,1
13331,32937,7,4,66910,0,1,0,0.25,0,3,0.142857,1
13332,32940,6,3,66909,0,2,0,0.25,0,3,0.142857,1
13333,32945,6,4,66908,0,0,0,0.25,0,3,0.142857,1
13334,32947,5,5,66906,0,1,0,0.25,0,3,0.142857,1
13335,32952,5,4,66906,0,1,0,0.25,0,3,0.142857,1
13336,32954,4,4,66903,0,1,1,0.25,0,3,0.142857,1
13337,32957,4,4,66901,0,0,0,0.25,0,3,0.142857,1
13338,32956,4,4,66900,0,1,0,0.25,0,3,0.142857,1
13339,32955,4,4,66900,0,0,0,0.25,0,3,0.142857,1
13340,32956,3,5,66900,0,0,0,0.25,0,3,0.142857,1
13341,32952,3,6,66897,0,0,0,0.25,0,3,0.142857,1
13342,32952,2,6,66894,0,1,0,0.25,0,3,0.142857,1
13343,32954,3,5,66892,0,1,0,0.25,0,3,0.142857,1
13344,32958,4,5,66892,0,0,0,0.25,0,3,0.142857,1
13345,32959,4,5,66887,0,0,0,0.25,0,3,0.142857,1
13346,32961,4,5,66887,0,2,1,0.25,0,3,0.142857,1
13347,32961,6,6,66886,0,0,0,0.25,0,3,0.142857,1
13348,32962,7,6,66882,0,0,0,0.25,0,3,0.142857,1
13349,32962,8,4,66884,0,2,1,0.25,0,3,0.142857,1
13350,32959,9,4,66882,0,0,0,0.25,0,3,0.142857,1
13351,32961,10,4,66877,0,0,0,0.25,0,3,0.142857,1
13352,32965,10,3,66873,0,1,0,0.25,0,3,0.142857,1
13353,32969,9,5,66870,0,0,0,0.25,0,3,0.142857,1
13354,32970,7,6,66867,0,1,0,0.25,0,3,0.142857,1
13355,32971,10,6,66863,0,0,0,0.25,0,3,0.142857,1
13356,32976,8,7,66859,0,1,1,0.25,0,3,0.142857,1
13357,32979,8,6,66858,0,2,0,0.25,0,3,0.142857,1
13358,32980,7,7,66857,0,0,0,0.25,0,3,0.142857,1
13359,32984,8,7,66854,0,0,0,0.25,0,3,0.142857,1
13360,32981,10,6,66855,0,1,0,0.25,0,3,0.142857,1
13361,32983,10,5,66853,0,2,0,0.25,0,3,0.142857,1
13362,32986,9,5,66854,0,2,0,0.25,0,3,0.142857,1
13363,32991,9,6,66852,0,0,0,0.25,0,3,0.142857,1
13364,32991,9,5,66852,0,2,1,0.25,0,3,0.142857,1
13365,32993,7,6,66852,0,1,0,0.25,0,3,0.142857,1
13366,32995,8,5,66852,0,1,1,0.25,0,3,0.142857,1
13367,32996,7,7,66851,0,0,0,0.25,0,3,0.142857,1
13368,32999,8,6,66848,0,2,0,0.25,0,3,0.142857,1
13369,32998,9,7,66846,0,0,0,0.25,0,3,0.142857,1
13370,33001,9,8,66846,0,0,0,0.25,0,3,0.142857,1
13371,33002,8,10,66842,0,0,0,0.25,0,3,0.142857,1
13372,33001,5,12,66839,0,1,0,0.25,0,3,0.142857,1
13373,33000,6,11,66835,0,2,3,0.25,0,3,0.142857,1
13374,33001,5,11,66831,0,1,0,0.25,0,3,0.142857,1
13375,33003,7,9,66831,0,3,1,0.25,0,3,0.142857,1
13376,33006,7,7,66833,0,3,1,0.25,0,3,0.142857,1
13377,33005,6,5,66834,0,4,2,0.25,0,3,0.142857,1
13378,33006,6,3,66835,0,2,0,0.25,0,3,0.142857,1
13379,33008,7,3,66833,0,0,0,0.25,0,3,0.142857,1
13380,33012,6,4,66830,0,0,0,0.25,0,3,0.142857,1
13381,33012,7,3,66827,0,1,1,0.25,0,3,0.142857,1
13382,33018,5,5,66825,0,0,0,0.25,0,3,0.142857,1
13383,33018,7,6,66820,0,0,0,0.25,0,3,0.142857,1
13384,33012,8,4,66822,0,4,0,0.25,0,3,0.142857,1
13385,33010,8,5,66821,0,0,0,0.25,0,3,0.142857,1
13386,33012,8,6,66821,0,0,0,0.25,0,3,0.142857,1
13387,33014,10,4,66821,0,2,0,0.25,0,3,0.142857,1
13388,33015,10,4,66820,0,0,0,0.25,0,3,0.142857,1
13389,33016,10,3,66818,0,1,0,0.25,0,3,0.142857,1
13390,33017,10,4,66816,0,0,0,0.25,0,3,0.142857,1
13391,33015,13,5,66816,0,0,0,0.25,0,3,0.142857,1
13392,33015,12,4,66819,0,4,0,0.25,0,3,0.142857,1
13393,33014,9,7,66818,0,1,0,0.25,0,3,0.142857,1
13394,33021,7,8,66820,0,2,0,0.25,0,3,0.142857,1
13395,33022,8,9,66818,0,0,0,0.25,0,3,0.142857,1
13396,33023,8,9,66813,0,1,0,0.25,0,3,0.142857,1
13397,33019,10,6,66813,0,3,2,0.25,0,3,0.142857,1
13398,33015,11,9,66811,0,1,0,0.25,0,3,0.142857,1
13399,33016,12,9,66809,0,1,0,0.25,0,3,0.142857,1
13400,33016,13,8,66809,0,2,0,0.25,0,3,0.142857,1
13401,33014,16,7,66809,0,2,0,0.25,0,3,0.142857,1
13402,33019,17,6,66809,0,2,1,0.25,0,3,0.142857,1
13403,33025,18,5,66806,0,1,0,0.25,0,3,0.142857,1
13404,33024,18,4,66806,0,1,0,0.25,0,3,0.142857,1
13405,33024,19,7,66805,0,0,0,0.25,0,3,0.142857,1
13406,33025,18,5,66808,0,4,0,0.25,0,3,0.142857,1
13407,33025,16,7,66807,0,2,5,0.25,0,3,0.142857,1
13408,33020,17,7,66807,0,1,0,0.25,0,3,0.142857,1
13409,33021,15,10,66806,0,0,0,0.25,0,3,0.142857,1
13410,33021,17,8,66806,0,2,0,0.25,0,3,0.142857,1
13411,33024,18,6,66807,0,2,0,0.25,0,3,0.142857,1
13412,33026,16,6,66807,0,2,0,0.25,0,3,0.142857,1
13413,33032,14,9,66807,0,1,0,0.25,0,3,0.142857,1
13414,33032,16,7,66807,0,2,0,0.25,0,3,0.142857,1
13415,33033,15,10,66802,0,0,0,0.25,0,3,0.142857,1
13416,33036,14,11,66801,0,1,0,0.25,0,3,0.142857,1
13417,33034,18,9,66799,0,3,0,0.25,0,3,0.142857,1
13418,33037,19,9,66796,0,1,0,0.25,0,3,0.142857,1
13419,33040,18,9,66796,0,2,0,0.25,0,3,0.142857,1
13420,33044,19,10,66794,0,0,0,0.25,0,3,0.142857,1
13421,33041,23,12,66792,0,0,0,0.25,0,3,0.142857,1
13422,33045,21,15,66792,0,1,0,0.25,0,3,0.142857,1
13423,33043,25,13,66788,0,2,0,0.25,0,3,0.142857,1
13424,33035,30,14,66787,0,2,2,0.25,0,3,0.142857,1
13425,33033,30,17,66783,0,0,0,0.25,0,3,0.142857,1
13426,33035,25,15,66787,0,8,0,0.25,0,3,0.142857,1
13427,33035,26,11,66787,0,4,0,0.25,0,3,0.142857,1
13428,33031,28,11,66786,0,3,0,0.25,0,3,0.142857,1
13429,33033,24,17,66785,0,0,0,0.25,0,3,0.142857,1
13430,33030,27,18,66783,0,1,0,0.25,0,3,0.142857,1
13431,33029,29,18,66784,0,3,0,0.25,0,3,0.142857,1
13432,33030,26,14,66789,0,9,2,0.25,0,3,0.142857,1
13433,33030,27,12,66790,0,5,0,0.25,0,3,0.142857,1
13434,33029,27,14,66788,0,1,0,0.25,0,3,0.142857,1
13435,33029,23,19,66787,0,0,0,0.25,0,3,0.142857,1
13436,33030,26,19,66783,0,1,0,0.25,0,3,0.142857,1
13437,33026,30,16,66786,0,4,1,0.25,0,3,0.142857,1
13438,33021,35,20,66781,0,0,0,0.25,0,3,0.142857,1
13439,33018,34,17,66784,0,7,0,0.25,0,3,0.142857,1
13440,33019,34,18,66784,0,2,0,0.25,0,3,0.142857,1
13441,33018,34,17,66786,0,4,6,0.25,0,3,0.142857,1
13442,33012,35,18,66788,0,5,1,0.25,0,3,0.142857,1
13443,33016,33,20,66788,0,1,0,0.25,0,3,0.142857,1
13444,33012,33,21,66790,0,5,2,0.25,0,3,0.142857,1
13445,33010,35,19,66789,0,3,0,0.25,0,3,0.142857,1
13446,33010,33,17,66790,0,6,1,0.25,0,3,0.142857,1
13447,32999,40,16,66786,0,3,0,0.25,0,3,0.142857,1
13448,32996,39,19,66786,0,1,0,0.25,0,3,0.142857,1
13449,33000,35,16,66795,0,9,10,0.25,0,3,0.142857,1
13450,32997,33,16,66799,0,5,2,0.25,0,3,0.142857,1
13451,32996,33,15,66800,0,3,0,0.25,0,3,0.142857,1
13452,32997,33,14,66799,0,4,4,0.25,0,3,0.142857,1
13453,32999,32,17,66800,0,2,0,0.25,0,3,0.142857,1
13454,32996,31,18,66799,0,4,0,0.25,0,3,0.142857,1
13455,32995,30,20,66795,0,3,2,0.25,0,3,0.142857,1
13456,32990,34,18,66798,0,4,0,0.25,0,3,0.142857,1
13457,32993,32,19,66797,0,2,0,0.25,0,3,0.142857,1
13458,32990,34,19,66800,0,4,4,0.25,0,3,0.142857,1
13459,32986,34,17,66802,0,7,0,0.25,0,3,0.142857,1
13460,32981,38,15,66805,0,4,1,0.25,0,3,0.142857,1
13461,32983,37,17,66805,0,1,0,0.25,0,3,0.142857,1
13462,32978,33,18,66809,0,5,0,0.25,0,3,0.142857,1
13463,32976,31,18,66812,0,5,2,0.25,0,3,0.142857,1
13464,32975,29,17,66815,0,4,2,0.25,0,3,0.142857,1
13465,32973,29,16,66819,0,5,4,0.25,0,3,0.142857,1
13466,32974,26,17,66819,0,3,0,0.25,0,3,0.142857,1
13467,32978,29,14,66821,0,4,0,0.25,0,3,0.142857,1
13468,32976,29,15,66820,0,2,0,0.25,0,3,0.142857,1
13469,32977,29,15,66820,0,2,0,0.25,0,3,0.142857,1
13470,32976,28,14,66822,0,6,10,0.25,0,3,0.142857,1
13471,32973,24,17,66825,0,4,0,0.25,0,3,0.142857,1
13472,32971,24,20,66824,0,1,0,0.25,0,3,0.142857,1
13473,32970,20,26,66824,0,1,0,0.25,0,3,0.142857,1
13474,32965,27,22,66828,0,5,0,0.25,0,3,0.142857,1
13475,32962,28,22,66831,0,4,0,0.25,0,3,0.142857,1
13476,32961,30,18,66835,0,6,0,0.25,0,3,0.142857,1
13477,32962,30,18,66834,0,2,0,0.25,0,3,0.142857,1
13478,32965,28,21,66837,0,4,0,0.25,0,3,0.142857,1
13479,32960,31,22,66835,0,2,0,0.25,0,3,0.142857,1
13480,32961,30,19,66837,0,5,0,0.25,0,3,0.142857,1
13481,32961,27,20,66838,0,3,0,0.25,0,3,0.142857,1
13482,32959,27,19,66841,0,4,1,0.25,0,3,0.142857,1
13483,32958,29,20,66840,0,2,0,0.25,0,3,0.142857,1
13484,32957,28,18,66841,0,6,5,0.25,0,3,0.142857,1
13485,32960,24,19,66842,0,5,3,0.25,0,3,0.142857,1
13486,32958,24,15,66848,0,7,0,0.25,0,3,0.142857,1
13487,32955,28,14,66851,0,4,2,0.25,0,3,0.142857,1
13488,32954,24,18,66852,0,2,2,0.25,0,3,0.142857,1
13489,32950,28,16,66855,0,5,0,0.25,0,3,0.142857,1
13490,32951,30,14,66857,0,3,1,0.25,0,3,0.142857,1
13491,32955,30,12,66860,0,5,0,0.25,0,3,0.142857,1
13492,32956,31,11,66862,0,3,0,0.25,0,3,0.142857,1
13493,32956,29,12,66860,0,2,1,0.25,0,3,0.142857,1
13494,32956,31,9,66862,0,4,0,0.25,0,3,0.142857,1
13495,32955,30,10,66864,0,4,3,0.25,0,3,0.142857,1
13496,32956,31,12,66860,0,0,0,0.25,0,3,0.142857,1
13497,32949,35,15,66859,0,1,1,0.25,0,3,0.142857,1
13498,32954,33,18,66856,0,2,3,0.25,0,3,0.142857,1
13499,32956,31,18,66858,0,4,0,0.25,0,3,0.142857,1
13500,32954,30,19,66856,0,2,0,0.25,0,3,0.142857,1
13501,32955,28,18,66858,0,7,4,0.25,0,3,0.142857,1
13502,32956,27,13,66863,0,7,2,0.25,0,3,0.142857,1
13503,32956,25,18,66860,0,1,0,0.25,0,3,0.142857,1
13504,32955,28,15,66862,0,4,1,0.25,0,3,0.142857,1
13505,32953,26,16,66861,0,4,7,0.25,0,3,0.142857,1
13506,32955,26,15,66862,0,3,1,0.25,0,3,0.142857,1
13507,32952,29,13,66862,0,3,0,0.25,0,3,0.142857,1
13508,32949,23,18,66862,0,2,1,0.25,0,3,0.142857,1
13509,32953,23,19,66858,0,2,0,0.25,0,3,0.142857,1
13510,32953,23,18,66862,0,5,4,0.25,0,3,0.142857,1
13511,32948,26,17,66860,0,4,2,0.25,0,3,0.142857,1
13512,32948,29,14,66860,0,3,0,0.25,0,3,0.142857,1
13513,32946,28,14,66861,0,5,2,0.25,0,3,0.142857,1
13514,32947,28,14,66859,0,1,0,0.25,0,3,0.142857,1
13515,32947,27,15,66856,0,1,1,0.25,0,3,0.142857,1
13516,32949,29,16,66856,0,1,0,0.25,0,3,0.142857,1
13517,32950,28,13,66859,0,6,0,0.25,0,3,0.142857,1
13518,32950,25,15,66860,0,2,0,0.25,0,3,0.142857,1
13519,32949,26,12,66860,0,4,2,0.25,0,3,0.142857,1
13520,32946,27,10,66860,0,3,0,0.25,0,3,0.142857,1
13521,32946,29,11,66860,0,0,0,0.25,0,3,0.142857,1
13522,32946,27,13,66857,0,1,3,0.25,0,3,0.142857,1
13523,32946,30,13,66854,0,2,2,0.25,0,3,0.142857,1
13524,32946,28,18,66852,0,1,0,0.25,0,3,0.142857,1
13525,32942,32,14,66859,0,7,0,0.25,0,3,0.142857,1
13526,32941,31,15,66858,0,1,0,0.25,0,3,0.142857,1
13527,32942,20,24,66856,0,2,1,0.25,0,3,0.142857,1
13528,32941,21,23,66855,0,3,0,0.25,0,3,0.142857,1
13529,32934,26,17,66857,0,7,1,0.25,0,3,0.142857,1
13530,32935,28,16,66855,0,4,0,0.25,0,3,0.142857,1
13531,32932,28,14,66854,0,5,1,0.25,0,3,0.142857,1
13532,32927,28,16,66856,0,3,0,0.25,0,3,0.142857,1
13533,32923,29,16,66856,0,2,1,0.25,0,3,0.142857,1
13534,32924,26,21,66855,0,1,0,0.25,0,3,0.142857,1
13535,32921,31,16,66858,0,5,4,0.25,0,3,0.142857,1
13536,32913,35,17,66860,0,2,0,0.25,0,3,0.142857,1
13537,32906,35,19,66861,0,3,0,0.25,0,3,0.142857,1
13538,32906,35,24,66858,0,2,0,0.25,0,3,0.142857,1
13539,32902,26,31,66858,0,4,3,0.25,0,3,0.142857,1
13540,32890,33,28,66864,0,8,6,0.25,0,3,0.142857,1
13541,32887,38,25,66868,0,5,1,0.25,0,3,0.142857,1
13542,32886,40,22,66871,0,4,3,0.25,0,3,0.142857,1
13543,32880,43,23,66871,0,3,1,0.25,0,3,0.142857,1
13544,32878,41,24,66876,0,5,1,0.25,0,3,0.142857,1
13545,32878,40,26,66879,0,4,2,0.25,0,3,0.142857,1
13546,32875,42,22,66881,0,6,0,0.25,0,3,0.142857,1
13547,32871,43,25,66883,0,3,0,0.25,0,3,0.142857,1
13548,32866,43,27,66888,0,6,1,0.25,0,3,0.142857,1
13549,32869,39,29,66891,0,4,0,0.25,0,3,0.142857,1
13550,32866,39,32,66891,0,3,0,0.25,0,3,0.142857,1
13551,32864,41,29,66896,0,6,2,0.25,0,3,0.142857,1
13552,32857,46,28,66900,0,5,0,0.25,0,3,0.142857,1
13553,32850,41,32,66904,0,8,5,0.25,0,3,0.142857,1
13554,32849,41,27,66912,0,10,1,0.25,0,3,0.142857,1
13555,32848,40,26,66913,0,6,0,0.25,0,3,0.142857,1
13556,32846,40,23,66917,0,6,1,0.25,0,3,0.142857,1
13557,32843,44,23,66915,0,2,0,0.25,0,3,0.142857,1
13558,32840,42,23,66916,0,5,0,0.25,0,3,0.142857,1
13559,32840,44,24,66912,0,3,0,0.25,0,3,0.142857,1
13560,32836,45,25,66916,0,6,1,0.25,0,3,0.142857,1
13561,32831,46,29,66916,0,2,0,0.25,0,3,0.142857,1
13562,32833,46,30,66918,0,3,1,0.25,0,3,0.142857,1
13563,32823,46,30,66927,0,10,9,0.25,0,3,0.142857,1
13564,32816,50,30,66928,0,6,2,0.25,0,3,0.142857,1
13565,32816,51,32,66927,0,3,1,0.25,0,3,0.142857,1
13566,32813,51,32,66926,0,4,0,0.25,0,3,0.142857,1
13567,32806,55,29,66930,0,6,1,0.25,0,3,0.142857,1
13568,32797,56,33,66931,0,4,0,0.25,0,3,0.142857,1
13569,32795,55,31,66939,0,9,7,0.25,0,3,0.142857,1
13570,32788,55,32,66944,0,7,1,0.25,0,3,0.142857,1
13571,32788,49,36,66949,0,7,0,0.25,0,3,0.142857,1
13572,32789,47,31,66952,0,9,3,0.25,0,3,0.142857,1
13573,32784,48,32,66956,0,5,0,0.25,0,3,0.142857,1
13574,32787,42,36,66958,0,5,1,0.25,0,3,0.142857,1
13575,32779,45,32,66967,0,10,2,0.25,0,3,0.142857,1
13576,32775,48,32,66971,0,5,0,0.25,0,3,0.142857,1
13577,32766,54,29,66974,0,7,2,0.25,0,3,0.142857,1
13578,32762,58,31,66977,0,3,0,0.25,0,3,0.142857,1
13579,32759,53,32,66982,0,8,0,0.25,0,3,0.142857,1
13580,32756,51,28,66992,0,11,1,0.25,0,3,0.142857,1
13581,32749,58,25,66993,0,4,0,0.25,0,3,0.142857,1
13582,32745,62,25,66995,0,2,0,0.25,0,3,0.142857,1
13583,32742,56,28,66999,0,7,1,0.25,0,3,0.142857,1
13584,32743,55,20,67009,0,12,1,0.25,0,3,0.142857,1
13585,32740,54,22,67010,0,3,0,0.25,0,3,0.142857,1
13586,32739,50,27,67011,0,2,0,0.25,0,3,0.142857,1
13587,32734,50,27,67015,0,7,0,0.25,0,3,0.142857,1
13588,32728,50,27,67019,0,6,0,0.25,0,3,0.142857,1
13589,32724,48,33,67021,0,4,0,0.25,0,3,0.142857,1
13590,32718,48,34,67022,0,5,1,0.25,0,3,0.142857,1
13591,32714,47,34,67027,0,7,2,0.25,0,3,0.142857,1
13592,32718,43,34,67033,0,7,7,0.25,0,3,0.142857,1
13593,32713,46,30,67038,0,8,0,0.25,0,3,0.142857,1
13594,32711,46,26,67044,0,8,4,0.25,0,3,0.142857,1
13595,32701,54,26,67049,0,6,2,0.25,0,3,0.142857,1
13596,32700,54,24,67055,0,6,6,0.25,0,3,0.142857,1
13597,32697,55,19,67061,0,8,1,0.25,0,3,0.142857,1
13598,32694,52,23,67063,0,3,0,0.25,0,3,0.142857,1
13599,32691,45,30,67065,0,5,0,0.25,0,3,0.142857,1
13600,32694,42,29,67071,0,8,6,0.25,0,3,0.142857,1
13601,32694,40,29,67075,0,5,1,0.25,0,3,0.142857,1
13602,32690,41,27,67080,0,6,0,0.25,0,3,0.142857,1
13603,32690,41,25,67084,0,5,2,0.25,0,3,0.142857,1
13604,32693,41,22,67085,0,4,2,0.25,0,3,0.142857,1
13605,32690,42,24,67085,0,2,0,0.25,0,3,0.142857,1
13606,32689,42,25,67083,0,3,1,0.25,0,3,0.142857,1
13607,32681,43,25,67089,0,8,0,0.25,0,3,0.142857,1
13608,32680,41,28,67090,0,3,1,0.25,0,3,0.142857,1
13609,32678,43,29,67088,0,3,0,0.25,0,3,0.142857,1
13610,32675,41,31,67093,0,6,2,0.25,0,3,0.142857,1
13611,32674,43,30,67097,0,7,0,0.25,0,3,0.142857,1
13612,32672,37,34,67099,0,4,0,0.25,0,3,0.142857,1
13613,32671,29,31,67111,0,14,4,0.25,0,3,0.142857,1
13614,32664,33,27,67114,0,7,11,0.25,0,3,0.142857,1
13615,32667,31,28,67111,0,2,0,0.25,0,3,0.142857,1
13616,32663,31,24,67119,0,9,2,0.25,0,3,0.142857,1
13617,32659,31,22,67123,0,7,7,0.25,0,3,0.142857,1
13618,32656,32,22,67127,0,4,1,0.25,0,3,0.142857,1
13619,32655,32,24,67128,0,3,0,0.25,0,3,0.142857,1
13620,32653,34,19,67133,0,7,0,0.25,0,3,0.142857,1
13621,32648,36,17,67136,0,6,3,0.25,0,3,0.142857,1
13622,32646,34,19,67139,0,4,0,0.25,0,3,0.142857,1
13623,32642,39,18,67134,0,3,0,0.25,0,3,0.142857,1
13624,32644,40,16,67137,0,5,1,0.25,0,3,0.142857,1
13625,32643,41,17,67138,0,1,0,0.25,0,3,0.142857,1
13626,32638,39,22,67140,0,4,1,0.25,0,3,0.142857,1
13627,32634,41,21,67141,0,3,0,0.25,0,3,0.142857,1
13628,32634,43,21,67140,0,2,0,0.25,0,3,0.142857,1
13629,32634,39,24,67143,0,5,0,0.25,0,3,0.142857,1
13630,32627,45,24,67146,0,4,1,0.25,0,3,0.142857,1
13631,32619,49,22,67151,0,8,5,0.25,0,3,0.142857,1
13632,32615,46,25,67154,0,4,2,0.25,0,3,0.142857,1
13633,32614,47,26,67156,0,3,0,0.25,0,3,0.142857,1
13634,32612,43,26,67163,0,8,6,0.25,0,3,0.142857,1
13635,32610,43,26,67165,0,5,2,0.25,0,3,0.142857,1
13636,32600,47,28,67168,0,4,1,0.25,0,3,0.142857,1
13637,32596,51,30,67169,0,3,0,0.25,0,3,0.142857,1
13638,32598,47,31,67173,0,5,1,0.25,0,3,0.142857,1
13639,32596,44,31,67174,0,6,8,0.25,0,3,0.142857,1
13640,32591,44,34,67177,0,5,0,0.25,0,3,0.142857,1
13641,32585,46,33,67179,0,6,0,0.25,0,3,0.142857,1
13642,32584,45,31,67185,0,8,0,0.25,0,3,0.142857,1
13643,32582,41,31,67191,0,8,4,0.25,0,3,0.142857,1
13644,32577,40,35,67190,0,3,1,0.25,0,3,0.142857,1
13645,32575,41,28,67199,0,10,3,0.25,0,3,0.142857,1
13646,32576,43,28,67201,0,4,0,0.25,0,3,0.142857,1
13647,32575,47,25,67204,0,6,3,0.25,0,3,0.142857,1
13648,32572,45,27,67208,0,4,2,0.25,0,3,0.142857,1
13649,32571,44,23,67214,0,8,5,0.25,0,3,0.142857,1
13650,32571,45,21,67218,0,6,0,0.25,0,3,0.142857,1
13651,32572,41,25,67220,0,3,2,0.25,0,3,0.142857,1
13652,32570,45,25,67222,0,2,0,0.25,0,3,0.142857,1
13653,32563,47,23,67225,0,7,0,0.25,0,3,0.142857,1
13654,32556,50,24,67230,0,5,1,0.25,0,3,0.142857,1
13655,32559,45,25,67231,0,5,0,0.25,0,3,0.142857,1
13656,32550,48,29,67231,0,4,0,0.25,0,3,0.142857,1
13657,32543,52,25,67235,0,7,5,0.25,0,3,0.142857,1
13658,32541,49,27,67235,0,4,0,0.25,0,3,0.142857,1
13659,32545,48,25,67239,0,6,1,0.25,0,3,0.142857,1
13660,32547,42,28,67237,0,4,1,0.25,0,3,0.142857,1
13661,32538,47,27,67237,0,4,0,0.25,0,3,0.142857,1
13662,32535,49,23,67242,0,8,0,0.25,0,3,0.142857,1
13663,32528,49,26,67244,0,4,0,0.25,0,3,0.142857,1
13664,32523,50,26,67249,0,6,0,0.25,0,3,0.142857,1
13665,32521,50,26,67250,0,4,4,0.25,0,3,0.142857,1
13666,32519,50,31,67251,0,2,1,0.25,0,3,0.142857,1
13667,32514,48,31,67256,0,8,0,0.25,0,3,0.142857,1
13668,32513,46,27,67265,0,9,1,0.25,0,3,0.142857,1
13669,32509,41,35,67267,0,2,0,0.25,0,3,0.142857,1
13670,32501,46,33,67273,0,8,0,0.25,0,3,0.142857,1
13671,32496,48,29,67280,0,7,1,0.25,0,3,0.142857,1
13672,32495,45,29,67282,0,6,0,0.25,0,3,0.142857,1
13673,32490,44,31,67285,0,7,3,0.25,0,3,0.142857,1
13674,32487,46,30,67286,0,5,2,0.25,0,3,0.142857,1
13675,32485,47,32,67283,0,2,0,0.25,0,3,0.142857,1
13676,32481,49,29,67287,0,5,0,0.25,0,3,0.142857,1
13677,32476,48,34,67286,0,4,0,0.25,0,3,0.142857,1
13678,32470,50,37,67288,0,4,1,0.25,0,3,0.142857,1
13679,32461,50,42,67291,0,5,0,0.25,0,3,0.142857,1
13680,32463,46,41,67293,0,7,1,0.25,0,3,0.142857,1
13681,32455,51,39,67299,0,7,0,0.25,0,3,0.142857,1
13682,32452,46,43,67305,0,6,0,0.25,0,3,0.142857,1
13683,32449,43,37,67316,0,14,1,0.25,0,3,0.142857,1
13684,32444,43,34,67324,0,11,1,0.25,0,3,0.142857,1
13685,32438,46,31,67328,0,8,2,0.25,0,3,0.142857,1
13686,32441,44,31,67331,0,6,0,0.25,0,3,0.142857,1
13687,32437,42,30,67335,0,6,3,0.25,0,3,0.142857,1
13688,32435,42,29,67340,0,6,0,0.25,0,3,0.142857,1
13689,32434,40,26,67345,0,8,1,0.25,0,3,0.142857,1
13690,32429,41,27,67348,0,5,2,0.25,0,3,0.142857,1
13691,32429,43,22,67351,0,6,2,0.25,0,3,0.142857,1
13692,32424,44,25,67350,0,3,2,0.25,0,3,0.142857,1
13693,32421,44,27,67351,0,3,0,0.25,0,3,0.142857,1
13694,32420,41,33,67348,0,2,1,0.25,0,3,0.142857,1
13695,32417,40,33,67351,0,7,1,0.25,0,3,0.142857,1
13696,32416,39,34,67356,0,6,0,0.25,0,3,0.142857,1
13697,32412,41,35,67356,0,3,0,0.25,0,3,0.142857,1
13698,32407,45,31,67363,0,8,3,0.25,0,3,0.142857,1
13699,32406,46,32,67363,0,2,1,0.25,0,3,0.142857,1
13700,32401,49,25,67373,0,10,2,0.25,0,3,0.142857,1
13701,32404,48,22,67378,0,6,0,0.25,0,3,0.142857,1
13702,32401,42,26,67384,0,6,0,0.25,0,3,0.142857,1
13703,32399,38,28,67385,0,5,3,0.25,0,3,0.142857,1
13704,32398,34,24,67392,0,10,3,0.25,0,3,0.142857,1
13705,32394,35,22,67395,0,6,2,0.25,0,3,0.142857,1
13706,32399,33,24,67392,0,1,0,0.25,0,3,0.142857,1
13707,32396,34,24,67396,0,4,0,0.25,0,3,0.142857,1
13708,32395,35,22,67398,0,6,1,0.25,0,3,0.142857,1
13709,32396,33,18,67405,0,8,0,0.25,0,3,0.142857,1
13710,32397,33,19,67405,0,3,0,0.25,0,3,0.142857,1
13711,32396,30,24,67406,0,2,0,0.25,0,3,0.142857,1
13712,32394,31,22,67410,0,5,0,0.25,0,3,0.142857,1
13713,32391,34,15,67417,0,8,7,0.25,0,3,0.142857,1
13714,32391,33,15,67418,0,3,0,0.25,0,3,0.142857,1
13715,32392,32,16,67417,0,2,0,0.25,0,3,0.142857,1
13716,32386,32,21,67417,0,1,1,0.25,0,3,0.142857,1
13717,32387,28,22,67419,0,5,0,0.25,0,3,0.142857,1
13718,32385,30,22,67418,0,2,0,0.25,0,3,0.142857,1
13719,32381,34,21,67420,0,5,0,0.25,0,3,0.142857,1
13720,32378,35,20,67423,0,4,0,0.25,0,3,0.142857,1
13721,32378,33,20,67428,0,5,1,0.25,0,3,0.142857,1
13722,32372,38,19,67429,0,4,2,0.25,0,3,0.142857,1
13723,32360,43,20,67434,0,7,1,0.25,0,3,0.142857,1
13724,32361,45,21,67435,0,1,0,0.25,0,3,0.142857,1
13725,32362,43,21,67436,0,4,0,0.25,0,3,0.142857,1
13726,32368,36,24,67436,0,6,0,0.25,0,3,0.142857,1
13727,32365,38,20,67439,0,6,0,0.25,0,3,0.142857,1
13728,32365,35,21,67438,0,4,0,0.25,0,3,0.142857,1
13729,32358,39,17,67444,0,7,2,0.25,0,3,0.142857,1
13730,32357,39,17,67447,0,4,2,0.25,0,3,0.142857,1
13731,32359,35,20,67447,0,3,0,0.25,0,3,0.142857,1
13732,32365,30,23,67450,0,5,0,0.25,0,3,0.142857,1
13733,32364,31,22,67455,0,5,0,0.25,0,3,0.142857,1
13734,32367,32,19,67454,0,5,0,0.25,0,3,0.142857,1
13735,32372,29,19,67455,0,3,1,0.25,0,3,0.142857,1
13736,32372,28,20,67458,0,3,1,0.25,0,3,0.142857,1
13737,32366,28,23,67455,0,1,0,0.25,0,3,0.142857,1
13738,32365,29,18,67458,0,7,0,0.25,0,3,0.142857,1
13739,32356,36,15,67463,0,5,1,0.25,0,3,0.142857,1
13740,32363,35,17,67461,0,0,0,0.25,0,3,0.142857,1
13741,32358,36,20,67459,0,1,1,0.25,0,3,0.142857,1
13742,32354,37,19,67461,0,4,0,0.25,0,3,0.142857,1
13743,32353,36,20,67459,0,3,0,0.25,0,3,0.142857,1
13744,32351,36,20,67457,0,5,0,0.25,0,3,0.142857,1
13745,32346,36,17,67460,0,7,0,0.25,0,3,0.142857,1
13746,32347,38,16,67460,0,4,0,0.25,0,3,0.142857,1
13747,32347,42,19,67459,0,0,0,0.25,0,3,0.142857,1
13748,32346,39,22,67459,0,4,0,0.25,0,3,0.142857,1
13749,32347,40,19,67463,0,5,1,0.25,0,3,0.142857,1
13750,32346,43,19,67466,0,4,0,0.25,0,3,0.142857,1
13751,32351,39,19,67466,0,4,0,0.25,0,3,0.142857,1
13752,32346,42,22,67466,0,2,0,0.25,0,3,0.142857,1
13753,32345,43,23,67467,0,4,2,0.25,0,3,0.142857,1
13754,32346,42,24,67466,0,3,0,0.25,0,3,0.142857,1
13755,32345,41,25,67471,0,5,1,0.25,0,3,0.142857,1
13756,32343,43,25,67471,0,1,0,0.25,0,3,0.142857,1
13757,32337,45,26,67472,0,2,0,0.25,0,3,0.142857,1
13758,32329,46,20,67478,0,8,0,0.25,0,3,0.142857,1
13759,32331,40,25,67480,0,2,0,0.25,0,3,0.142857,1
13760,32331,40,25,67482,0,4,2,0.25,0,3,0.142857,1
13761,32328,35,29,67483,0,5,0,0.25,0,3,0.142857,1
13762,32318,39,23,67496,0,13,6,0.25,0,3,0.142857,1
13763,32313,42,23,67496,0,4,0,0.25,0,3,0.142857,1
13764,32307,49,25,67493,0,0,0,0.25,0,3,0.142857,1
13765,32300,48,25,67498,0,7,0,0.25,0,3,0.142857,1
13766,32298,47,19,67506,0,10,3,0.25,0,3,0.142857,1
13767,32293,47,18,67508,0,6,2,0.25,0,3,0.142857,1
13768,32293,43,18,67509,0,5,0,0.25,0,3,0.142857,1
13769,32288,44,22,67512,0,3,1,0.25,0,3,0.142857,1
13770,32282,46,23,67512,0,6,0,0.25,0,3,0.142857,1
13771,32283,46,23,67512,0,4,1,0.25,0,3,0.142857,1
13772,32285,45,23,67511,0,5,2,0.25,0,3,0.142857,1
13773,32281,45,23,67517,0,6,0,0.25,0,3,0.142857,1
13774,32275,40,26,67519,0,5,0,0.25,0,3,0.142857,1
13775,32278,37,25,67523,0,6,0,0.25,0,3,0.142857,1
13776,32273,40,25,67523,0,4,0,0.25,0,3,0.142857,1
13777,32276,42,21,67526,0,6,1,0.25,0,3,0.142857,1
13778,32274,42,22,67528,0,5,6,0.25,0,3,0.142857,1
13779,32273,43,19,67529,0,5,0,0.25,0,3,0.142857,1
13780,32267,44,20,67531,0,5,2,0.25,0,3,0.142857,1
13781,32268,40,19,67537,0,7,0,0.25,0,3,0.142857,1
13782,32269,41,17,67539,0,4,0,0.25,0,3,0.142857,1
13783,32268,42,16,67540,0,4,1,0.25,0,3,0.142857,1
13784,32271,40,15,67541,0,3,0,0.25,0,3,0.142857,1
13785,32270,40,19,67540,0,1,0,0.25,0,3,0.142857,1
13786,32269,36,18,67546,0,8,1,0.25,0,3,0.142857,1
13787,32269,37,18,67545,0,3,5,0.25,0,3,0.142857,1
13788,32269,35,20,67545,0,4,1,0.25,0,3,0.142857,1
13789,32268,36,16,67548,0,6,5,0.25,0,3,0.142857,1
13790,32264,37,16,67549,0,3,1,0.25,0,3,0.142857,1
13791,32261,32,22,67548,0,1,2,0.25,0,3,0.142857,1
13792,32252,34,26,67546,0,1,1,0.25,0,3,0.142857,1
13793,32248,29,28,67550,0,7,0,0.25,0,3,0.142857,1
13794,32240,34,28,67549,0,2,2,0.25,0,3,0.142857,1
13795,32237,34,28,67553,0,6,6,0.25,0,3,0.142857,1
13796,32235,32,26,67556,0,6,2,0.25,0,3,0.142857,1
13797,32233,30,26,67557,0,5,2,0.25,0,3,0.142857,1
13798,32226,30,30,67558,0,3,0,0.25,0,3,0.142857,1
13799,32223,32,26,67564,0,7,1,0.25,0,3,0.142857,1
13800,32222,31,26,67569,0,6,1,0.25,0,3,0.142857,1
13801,32221,33,20,67577,0,9,0,0.25,0,3,0.142857,1
13802,32216,36,21,67576,0,2,0,0.25,0,3,0.142857,1
13803,32213,33,24,67579,0,4,1,0.25,0,3,0.142857,1
13804,32213,28,25,67583,0,6,5,0.25,0,3,0.142857,1
13805,32214,27,26,67579,0,3,1,0.25,0,3,0.142857,1
13806,32213,25,29,67582,0,4,0,0.25,0,3,0.142857,1
13807,32208,29,27,67584,0,4,2,0.25,0,3,0.142857,1
13808,32205,31,29,67583,0,2,0,0.25,0,3,0.142857,1
13809,32206,32,24,67590,0,8,0,0.25,0,3,0.142857,1
13810,32207,30,23,67594,0,5,0,0.25,0,3,0.142857,1
13811,32203,35,22,67594,0,2,0,0.25,0,3,0.142857,1
13812,32202,37,19,67591,0,3,3,0.25,0,3,0.142857,1
13813,32202,38,18,67596,0,6,1,0.25,0,3,0.142857,1
13814,32198,42,18,67594,0,2,0,0.25,0,3,0.142857,1
13815,32200,39,20,67591,0,3,0,0.25,0,3,0.142857,1
13816,32202,40,18,67592,0,5,1,0.25,0,3,0.142857,1
13817,32202,41,17,67594,0,3,0,0.25,0,3,0.142857,1
13818,32199,35,24,67594,0,2,0,0.25,0,3,0.142857,1
13819,32192,38,20,67599,0,6,1,0.25,0,3,0.142857,1
13820,32189,37,21,67601,0,4,3,0.25,0,3,0.142857,1
13821,32189,39,22,67604,0,3,2,0.25,0,3,0.142857,1
13822,32190,37,24,67602,0,2,0,0.25,0,3,0.142857,1
13823,32187,37,25,67603,0,4,1,0.25,0,3,0.142857,1
13824,32182,38,25,67602,0,4,2,0.25,0,3,0.142857,1
13825,32180,38,25,67604,0,5,1,0.25,0,3,0.142857,1
13826,32174,44,26,67600,0,1,1,0.25,0,3,0.142857,1
13827,32172,40,29,67602,0,5,1,0.25,0,3,0.142857,1
13828,32173,36,27,67607,0,9,1,0.25,0,3,0.142857,1
13829,32170,33,29,67611,0,5,0,0.25,0,3,0.142857,1
13830,32167,33,26,67618,0,7,1,0.25,0,3,0.142857,1
13831,32165,33,23,67619,0,6,2,0.25,0,3,0.142857,1
13832,32159,38,22,67621,0,4,2,0.25,0,3,0.142857,1
13833,32156,37,26,67622,0,3,2,0.25,0,3,0.142857,1
13834,32153,37,26,67626,0,6,0,0.25,0,3,0.142857,1
13835,32149,41,25,67624,0,3,8,0.25,0,3,0.142857,1
13836,32149,42,24,67625,0,3,0,0.25,0,3,0.142857,1
13837,32148,37,32,67624,0,2,0,0.25,0,3,0.142857,1
13838,32143,37,31,67628,0,7,5,0.25,0,3,0.142857,1
13839,32135,43,27,67632,0,8,4,0.25,0,3,0.142857,1
13840,32128,44,29,67635,0,5,1,0.25,0,3,0.142857,1
13841,32125,43,30,67640,0,7,1,0.25,0,3,0.142857,1
13842,32122,43,28,67644,0,7,2,0.25,0,3,0.142857,1
13843,32116,43,23,67651,0,10,2,0.25,0,3,0.142857,1
13844,32116,43,22,67654,0,6,0,0.25,0,3,0.142857,1
13845,32113,42,20,67658,0,6,1,0.25,0,3,0.142857,1
13846,32111,41,18,67663,0,7,0,0.25,0,3,0.142857,1
13847,32110,39,17,67666,0,6,0,0.25,0,3,0.142857,1
13848,32109,38,19,67664,0,3,0,0.25,0,3,0.142857,1
13849,32113,36,19,67666,0,5,0,0.25,0,3,0.142857,1
13850,32108,39,20,67666,0,3,0,0.25,0,3,0.142857,1
13851,32109,36,22,67669,0,3,5,0.25,0,3,0.142857,1
13852,32104,41,21,67669,0,3,0,0.25,0,3,0.142857,1
13853,32105,38,19,67672,0,5,0,0.25,0,3,0.142857,1
13854,32105,30,25,67669,0,3,4,0.25,0,3,0.142857,1
13855,32105,28,24,67670,0,6,2,0.25,0,3,0.142857,1
13856,32104,26,24,67673,0,6,9,0.25,0,3,0.142857,1
13857,32102,27,23,67672,0,4,0,0.25,0,3,0.142857,1
13858,32102,29,21,67676,0,4,0,0.25,0,3,0.142857,1
13859,32101,27,24,67675,0,2,0,0.25,0,3,0.142857,1
13860,32098,31,19,67677,0,5,2,0.25,0,3,0.142857,1
13861,32101,27,22,67676,0,3,1,0.25,0,3,0.142857,1
13862,32102,30,20,67677,0,4,2,0.25,0,3,0.142857,1
13863,32102,30,18,67679,0,4,4,0.25,0,3,0.142857,1
13864,32103,30,18,67680,0,4,1,0.25,0,3,0.142857,1
13865,32102,30,20,67679,0,1,0,0.25,0,3,0.142857,1
13866,32100,33,19,67680,0,3,0,0.25,0,3,0.142857,1
13867,32100,28,18,67682,0,6,1,0.25,0,3,0.142857,1
13868,32100,33,16,67682,0,3,1,0.25,0,3,0.142857,1
13869,32105,30,17,67685,0,4,2,0.25,0,3,0.142857,1
13870,32107,29,14,67686,0,5,1,0.25,0,3,0.142857,1
13871,32116,23,18,67687,0,3,0,0.25,0,3,0.142857,1
13872,32110,27,16,67682,0,4,0,0.25,0,3,0.142857,1
13873,32107,27,16,67684,0,5,1,0.25,0,3,0.142857,1
13874,32106,28,19,67678,0,0,0,0.25,0,3,0.142857,1
13875,32108,26,20,67677,0,3,0,0.25,0,3,0.142857,1
13876,32106,24,22,67676,0,3,0,0.25,0,3,0.142857,1
13877,32103,27,19,67678,0,6,1,0.25,0,3,0.142857,1
13878,32101,30,14,67683,0,7,4,0.25,0,3,0.142857,1
13879,32100,27,13,67682,0,5,0,0.25,0,3,0.142857,1
13880,32101,27,12,67680,0,2,0,0.25,0,3,0.142857,1
13881,32100,26,12,67683,0,4,5,0.25,0,3,0.142857,1
13882,32097,28,13,67683,0,1,0,0.25,0,3,0.142857,1
13883,32100,29,13,67683,0,1,0,0.25,0,3,0.142857,1
13884,32102,27,11,67688,0,7,2,0.25,0,3,0.142857,1
13885,32100,27,13,67689,0,3,0,0.25,0,3,0.142857,1
13886,32095,27,16,67688,0,2,0,0.25,0,3,0.142857,1
13887,32094,26,15,67689,0,5,1,0.25,0,3,0.142857,1
13888,32100,25,16,67688,0,2,1,0.25,0,3,0.142857,1
13889,32094,27,17,67688,0,4,1,0.25,0,3,0.142857,1
13890,32094,27,16,67688,0,4,0,0.25,0,3,0.142857,1
13891,32095,31,13,67691,0,4,0,0.25,0,3,0.142857,1
13892,32097,27,16,67692,0,2,0,0.25,0,3,0.142857,1
13893,32095,24,19,67692,0,2,0,0.25,0,3,0.142857,1
13894,32095,20,17,67695,0,6,1,0.25,0,3,0.142857,1
13895,32099,20,14,67695,0,4,0,0.25,0,3,0.142857,1
13896,32093,23,16,67692,0,0,0,0.25,0,3,0.142857,1
13897,32089,28,15,67697,0,6,4,0.25,0,3,0.142857,1
13898,32091,26,18,67699,0,2,1,0.25,0,3,0.142857,1
13899,32092,29,17,67699,0,2,0,0.25,0,3,0.142857,1
13900,32094,26,16,67700,0,4,0,0.25,0,3,0.142857,1
13901,32095,25,19,67702,0,2,0,0.25,0,3,0.142857,1
13902,32092,24,21,67705,0,4,4,0.25,0,3,0.142857,1
13903,32092,20,22,67708,0,6,0,0.25,0,3,0.142857,1
13904,32095,20,19,67711,0,6,0,0.25,0,3,0.142857,1
13905,32098,18,17,67714,0,5,1,0.25,0,3,0.142857,1
13906,32097,18,13,67718,0,5,0,0.25,0,3,0.142857,1
13907,32093,17,13,67720,0,4,0,0.25,0,3,0.142857,1
13908,32091,17,12,67721,0,3,1,0.25,0,3,0.142857,1
13909,32090,18,11,67721,0,2,0,0.25,0,3,0.142857,1
13910,32088,19,11,67719,0,1,1,0.25,0,3,0.142857,1
13911,32088,20,10,67722,0,3,1,0.25,0,3,0.142857,1
13912,32088,20,10,67721,0,3,0,0.25,0,3,0.142857,1
13913,32088,21,14,67718,0,0,0,0.25,0,3,0.142857,1
13914,32084,23,18,67717,0,1,0,0.25,0,3,0.142857,1
13915,32087,20,18,67718,0,4,0,0.25,0,3,0.142857,1
13916,32086,19,20,67719,0,2,1,0.25,0,3,0.142857,1
13917,32082,17,18,67722,0,7,3,0.25,0,3,0.142857,1
13918,32081,18,16,67722,0,5,4,0.25,0,3,0.142857,1
13919,32083,18,15,67723,0,3,0,0.25,0,3,0.142857,1
13920,32081,17,14,67723,0,4,0,0.25,0,3,0.142857,1
13921,32081,16,15,67722,0,4,1,0.25,0,3,0.142857,1
13922,32079,17,15,67719,0,2,0,0.25,0,3,0.142857,1
13923,32082,15,17,67716,0,0,0,0.25,0,3,0.142857,1
13924,32084,13,17,67718,0,2,0,0.25,0,3,0.142857,1
13925,32084,13,20,67717,0,1,0,0.25,0,3,0.142857,1
13926,32083,15,14,67720,0,8,4,0.25,0,3,0.142857,1
13927,32090,14,14,67719,0,2,1,0.25,0,3,0.142857,1
13928,32092,13,15,67718,0,1,0,0.25,0,3,0.142857,1
13929,32091,14,13,67722,0,5,2,0.25,0,3,0.142857,1
13930,32091,16,11,67723,0,3,0,0.25,0,3,0.142857,1
13931,32091,16,9,67721,0,5,0,0.25,0,3,0.142857,1
13932,32089,19,10,67721,0,0,0,0.25,0,3,0.142857,1
13933,32089,19,10,67718,0,2,0,0.25,0,3,0.142857,1
13934,32092,18,12,67718,0,0,0,0.25,0,3,0.142857,1
13935,32094,16,10,67719,0,4,0,0.25,0,3,0.142857,1
13936,32094,19,6,67720,0,4,1,0.25,0,3,0.142857,1
13937,32095,18,6,67720,0,1,0,0.25,0,3,0.142857,1
13938,32095,17,7,67721,0,1,0,0.25,0,3,0.142857,1
13939,32093,18,5,67718,0,3,0,0.25,0,3,0.142857,1
13940,32094,16,6,67716,0,1,0,0.25,0,3,0.142857,1
13941,32094,17,6,67713,0,1,1,0.25,0,3,0.142857,1
13942,32090,15,9,67711,0,1,0,0.25,0,3,0.142857,1
13943,32087,14,8,67712,0,3,0,0.25,0,3,0.142857,1
13944,32086,9,11,67712,0,2,0,0.25,0,3,0.142857,1
13945,32083,12,9,67713,0,2,0,0.25,0,3,0.142857,1
13946,32084,13,8,67714,0,1,0,0.25,0,3,0.142857,1
13947,32082,11,9,67712,0,2,0,0.25,0,3,0.142857,1
13948,32078,12,8,67713,0,2,1,0.25,0,3,0.142857,1
13949,32076,14,7,67714,0,2,0,0.25,0,3,0.142857,1
13950,32076,13,7,67715,0,2,0,0.25,0,3,0.142857,1
13951,32076,11,7,67714,0,3,0,0.25,0,3,0.142857,1
13952,32078,11,7,67715,0,2,1,0.25,0,3,0.142857,1
13953,32082,11,6,67716,0,1,1,0.25,0,3,0.142857,1
13954,32084,10,6,67714,0,1,0,0.25,0,3,0.142857,1
13955,32084,10,5,67711,0,2,0,0.25,0,3,0.142857,1
13956,32083,9,5,67709,0,1,0,0.25,0,3,0.142857,1
13957,32083,11,3,67709,0,2,0,0.25,0,3,0.142857,1
13958,32087,10,3,67704,0,1,0,0.25,0,3,0.142857,1
13959,32090,9,3,67703,0,1,0,0.25,0,3,0.142857,1
13960,32089,11,3,67698,0,0,0,0.25,0,3,0.142857,1
13961,32090,12,2,67695,0,1,0,0.25,0,3,0.142857,1
13962,32092,11,3,67689,0,0,0,0.25,0,3,0.142857,1
13963,32092,11,4,67687,0,0,0,0.25,0,3,0.142857,1
13964,32094,9,6,67683,0,1,0,0.25,0,3,0.142857,1
13965,32095,9,7,67683,0,0,0,0.25,0,3,0.142857,1
13966,32093,9,6,67682,0,2,1,0.25,0,3,0.142857,1
13967,32096,9,7,67679,0,0,0,0.25,0,3,0.142857,1
13968,32101,7,8,67678,0,2,0,0.25,0,3,0.142857,1
13969,32103,9,6,67675,0,2,0,0.25,0,3,0.142857,1
13970,32103,11,2,67677,0,4,2,0.25,0,3,0.142857,1
13971,32108,11,1,67677,0,2,0,0.25,0,3,0.142857,1
13972,32110,10,2,67674,0,0,0,0.25,0,3,0.142857,1
13973,32110,10,3,67671,0,0,0,0.25,0,3,0.142857,1
13974,32110,9,3,67669,0,1,0,0.25,0,3,0.142857,1
13975,32114,10,3,67667,0,0,0,0.25,0,3,0.142857,1
13976,32118,9,5,67664,0,0,0,0.25,0,3,0.142857,1
13977,32120,9,6,67663,0,1,0,0.25,0,3,0.142857,1
13978,32121,9,5,67662,0,1,0,0.25,0,3,0.142857,1
13979,32123,10,3,67661,0,2,0,0.25,0,3,0.142857,1
13980,32125,11,5,67658,0,0,0,0.25,0,3,0.142857,1
13981,32124,11,6,67656,0,0,0,0.25,0,3,0.142857,1
13982,32128,13,5,67657,0,1,0,0.25,0,3,0.142857,1
13983,32132,12,6,67651,0,0,0,0.25,0,3,0.142857,1
13984,32135,11,6,67651,0,2,0,0.25,0,3,0.142857,1
13985,32134,13,7,67647,0,0,0,0.25,0,3,0.142857,1
13986,32133,13,5,67650,0,4,1,0.25,0,3,0.142857,1
13987,32137,14,5,67649,0,0,0,0.25,0,3,0.142857,1
13988,32140,14,4,67650,0,3,0,0.25,0,3,0.142857,1
13989,32145,11,6,67650,0,1,0,0.25,0,3,0.142857,1
13990,32145,10,5,67648,0,3,0,0.25,0,3,0.142857,1
13991,32149,9,6,67644,0,0,0,0.25,0,3,0.142857,1
13992,32148,13,6,67642,0,0,0,0.25,0,3,0.142857,1
13993,32145,14,5,67640,0,1,0,0.25,0,3,0.142857,1
13994,32151,12,5,67640,0,2,0,0.25,0,3,0.142857,1
13995,32150,12,2,67643,0,3,0,0.25,0,3,0.142857,1
13996,32156,12,1,67641,0,1,0,0.25,0,3,0.142857,1
13997,32157,12,1,67639,0,0,0,0.25,0,3,0.142857,1
13998,32157,9,3,67634,0,1,0,0.25,0,3,0.142857,1
13999,32159,7,5,67633,0,0,0,0.25,0,3,0.142857,1
14000,32160,10,5,67631,0,0,0,0.25,0,3,0.142857,1
14001,32161,11,6,67626,0,0,0,0.25,0,3,0.142857,1
14002,32160,11,5,67625,0,2,1,0.25,0,3,0.142857,1
14003,32160,10,5,67625,0,1,1,0.25,0,3,0.142857,1
14004,32159,10,6,67624,0,0,0,0.25,0,3,0.142857,1
14005,32160,10,6,67623,0,1,0,0.25,0,3,0.142857,1
14006,32159,8,8,67621,0,1,0,0.25,0,3,0.142857,1
14007,32158,9,9,67621,0,1,0,0.25,0,3,0.142857,1
14008,32161,8,10,67621,0,0,0,0.25,0,3,0.142857,1
14009,32161,8,7,67621,0,4,0,0.25,0,3,0.142857,1
14010,32159,9,6,67623,0,2,0,0.25,0,3,0.142857,1
14011,32161,7,7,67617,0,1,0,0.25,0,3,0.142857,1
14012,32164,9,6,67617,0,1,1,0.25,0,3,0.142857,1
14013,32163,9,4,67618,0,3,1,0.25,0,3,0.142857,1
14014,32168,10,4,67615,0,1,0,0.25,0,3,0.142857,1
14015,32168,8,7,67614,0,1,0,0.25,0,3,0.142857,1
14016,32170,10,5,67615,0,2,0,0.25,0,3,0.142857,1
14017,32168,10,5,67611,0,1,0,0.25,0,3,0.142857,1
14018,32168,11,5,67611,0,2,1,0.25,0,3,0.142857,1
14019,32167,12,5,67608,0,1,0,0.25,0,3,0.142857,1
14020,32171,13,3,67607,0,2,0,0.25,0,3,0.142857,1
14021,32171,11,4,67605,0,1,0,0.25,0,3,0.142857,1
14022,32169,12,4,67604,0,0,0,0.25,0,3,0.142857,1
14023,32167,11,4,67604,0,1,0,0.25,0,3,0.142857,1
14024,32167,12,3,67603,0,1,0,0.25,0,3,0.142857,1
14025,32171,11,4,67602,0,0,0,0.25,0,3,0.142857,1
14026,32172,10,4,67600,0,1,0,0.25,0,3,0.142857,1
14027,32173,10,3,67598,0,1,0,0.25,0,3,0.142857,1
14028,32179,10,6,67594,0,0,0,0.25,0,3,0.142857,1
14029,32179,11,8,67591,0,0,0,0.25,0,3,0.142857,1
14030,32179,11,8,67586,0,1,1,0.25,0,3,0.142857,1
14031,32174,12,8,67586,0,3,4,0.25,0,3,0.142857,1
14032,32178,12,9,67586,0,0,0,0.25,0,3,0.142857,1
14033,32180,10,8,67589,0,3,0,0.25,0,3,0.142857,1
14034,32176,12,9,67587,0,0,0,0.25,0,3,0.142857,1
14035,32178,13,10,67587,0,0,0,0.25,0,3,0.142857,1
14036,32177,11,14,67588,0,1,0,0.25,0,3,0.142857,1
14037,32177,12,14,67588,0,2,1,0.25,0,3,0.142857,1
14038,32183,9,10,67594,0,7,0,0.25,0,3,0.142857,1
14039,32182,11,9,67596,0,2,0,0.25,0,3,0.142857,1
14040,32181,11,7,67596,0,3,0,0.25,0,3,0.142857,1
14041,32180,14,6,67592,0,1,0,0.25,0,3,0.142857,1
14042,32183,14,5,67590,0,2,0,0.25,0,3,0.142857,1
14043,32185,12,6,67589,0,1,1,0.25,0,3,0.142857,1
14044,32185,12,7,67584,0,0,0,0.25,0,3,0.142857,1
14045,32184,12,7,67585,0,1,0,0.25,0,3,0.142857,1
14046,32181,13,7,67585,0,2,2,0.25,0,3,0.142857,1
14047,32184,13,6,67582,0,2,0,0.25,0,3,0.142857,1
14048,32183,13,7,67579,0,0,0,0.25,0,3,0.142857,1
14049,32184,12,8,67579,0,2,0,0.25,0,3,0.142857,1
14050,32181,14,9,67577,0,0,0,0.25,0,3,0.142857,1
14051,32175,13,12,67578,0,1,0,0.25,0,3,0.142857,1
14052,32177,14,14,67575,0,0,0,0.25,0,3,0.142857,1
14053,32176,18,15,67572,0,0,0,0.25,0,3,0.142857,1
14054,32177,19,15,67570,0,3,7,0.25,0,3,0.142857,1
14055,32178,19,14,67572,0,3,2,0.25,0,3,0.142857,1
14056,32178,18,16,67573,0,2,0,0.25,0,3,0.142857,1
14057,32178,18,12,67576,0,6,0,0.25,0,3,0.142857,1
14058,32179,15,13,67576,0,3,1,0.25,0,3,0.142857,1
14059,32179,14,13,67576,0,2,0,0.25,0,3,0.142857,1
14060,32180,11,14,67579,0,4,1,0.25,0,3,0.142857,1
14061,32180,13,14,67578,0,1,0,0.25,0,3,0.142857,1
14062,32180,14,12,67576,0,3,1,0.25,0,3,0.142857,1
14063,32179,15,11,67575,0,2,1,0.25,0,3,0.142857,1
14064,32177,17,12,67575,0,1,0,0.25,0,3,0.142857,1
14065,32177,16,10,67575,0,4,2,0.25,0,3,0.142857,1
14066,32179,16,9,67574,0,2,0,0.25,0,3,0.142857,1
14067,32176,15,11,67573,0,1,0,0.25,0,3,0.142857,1
14068,32174,16,12,67574,0,2,0,0.25,0,3,0.142857,1
14069,32172,18,11,67572,0,2,0,0.25,0,3,0.142857,1
14070,32173,18,10,67574,0,3,0,0.25,0,3,0.142857,1
14071,32173,18,13,67572,0,1,0,0.25,0,3,0.142857,1
14072,32174,18,10,67574,0,3,0,0.25,0,3,0.142857,1
14073,32174,16,14,67570,0,0,0,0.25,0,3,0.142857,1
14074,32171,20,12,67571,0,3,0,0.25,0,3,0.142857,1
14075,32172,20,11,67570,0,2,1,0.25,0,3,0.142857,1
14076,32172,21,12,67571,0,1,0,0.25,0,3,0.142857,1
14077,32168,19,18,67569,0,0,0,0.25,0,3,0.142857,1
14078,32167,21,14,67572,0,6,1,0.25,0,3,0.142857,1
14079,32165,23,12,67575,0,4,2,0.25,0,3,0.142857,1
14080,32166,23,16,67573,0,0,0,0.25,0,3,0.142857,1
14081,32165,17,16,67579,0,7,1,0.25,0,3,0.142857,1
14082,32166,15,19,67579,0,1,0,0.25,0,3,0.142857,1
14083,32164,17,19,67574,0,1,1,0.25,0,3,0.142857,1
14084,32161,19,17,67575,0,4,1,0.25,0,3,0.142857,1
14085,32164,22,16,67576,0,2,0,0.25,0,3,0.142857,1
14086,32166,20,14,67579,0,4,0,0.25,0,3,0.142857,1
14087,32169,17,14,67579,0,4,0,0.25,0,3,0.142857,1
14088,32168,19,12,67579,0,3,0,0.25,0,3,0.142857,1
14089,32175,16,15,67580,0,2,1,0.25,0,3,0.142857,1
14090,32177,15,15,67582,0,3,0,0.25,0,3,0.142857,1
14091,32180,16,14,67579,0,3,0,0.25,0,3,0.142857,1
14092,32178,18,12,67580,0,3,1,0.25,0,3,0.142857,1
14093,32177,21,9,67580,0,3,0,0.25,0,3,0.142857,1
14094,32177,21,12,67579,0,2,0,0.25,0,3,0.142857,1
14095,32178,20,11,67579,0,2,0,0.25,0,3,0.142857,1
14096,32178,18,12,67580,0,3,0,0.25,0,3,0.142857,1
14097,32180,18,12,67579,0,2,0,0.25,0,3,0.142857,1
14098,32178,19,12,67579,0,2,0,0.25,0,3,0.142857,1
14099,32179,16,14,67577,0,2,0,0.25,0,3,0.142857,1
14100,32181,14,14,67575,0,2,0,0.25,0,3,0.142857,1
14101,32181,15,16,67570,0,0,0,0.25,0,3,0.142857,1
14102,32180,15,14,67570,0,3,2,0.25,0,3,0.142857,1
14103,32178,16,15,67567,0,2,0,0.25,0,3,0.142857,1
14104,32180,16,16,67568,0,3,1,0.25,0,3,0.142857,1
14105,32178,15,17,67568,0,3,0,0.25,0,3,0.142857,1
14106,32179,17,12,67572,0,5,2,0.25,0,3,0.142857,1
14107,32180,17,11,67572,0,3,0,0.25,0,3,0.142857,1
14108,32177,22,11,67572,0,2,0,0.25,0,3,0.142857,1
14109,32180,21,12,67572,0,1,1,0.25,0,3,0.142857,1
14110,32178,21,12,67574,0,4,0,0.25,0,3,0.142857,1
14111,32176,20,12,67575,0,4,0,0.25,0,3,0.142857,1
14112,32179,16,14,67575,0,2,0,0.25,0,3,0.142857,1
14113,32180,19,12,67574,0,2,0,0.25,0,3,0.142857,1
14114,32179,21,13,67575,0,1,1,0.25,0,3,0.142857,1
14115,32180,22,15,67574,0,1,0,0.25,0,3,0.142857,1
14116,32179,22,15,67574,0,3,1,0.25,0,3,0.142857,1
14117,32175,23,17,67576,0,3,3,0.25,0,3,0.142857,1
14118,32173,18,18,67582,0,6,0,0.25,0,3,0.142857,1
14119,32173,16,19,67585,0,4,2,0.25,0,3,0.142857,1
14120,32170,18,19,67588,0,3,1,0.25,0,3,0.142857,1
14121,32169,18,13,67594,0,8,4,0.25,0,3,0.142857,1
14122,32171,17,12,67594,0,2,2,0.25,0,3,0.142857,1
14123,32172,19,11,67593,0,2,0,0.25,0,3,0.142857,1
14124,32176,18,11,67592,0,1,1,0.25,0,3,0.142857,1
14125,32179,17,11,67594,0,2,0,0.25,0,3,0.142857,1
14126,32183,18,9,67591,0,3,1,0.25,0,3,0.142857,1
14127,32182,16,8,67591,0,3,1,0.25,0,3,0.142857,1
14128,32182,18,8,67590,0,1,2,0.25,0,3,0.142857,1
14129,32186,17,9,67589,0,1,0,0.25,0,3,0.142857,1
14130,32186,16,8,67589,0,2,0,0.25,0,3,0.142857,1
14131,32179,17,9,67588,0,2,1,0.25,0,3,0.142857,1
14132,32180,17,8,67587,0,1,0,0.25,0,3,0.142857,1
14133,32181,16,8,67587,0,2,0,0.25,0,3,0.142857,1
14134,32183,14,9,67587,0,1,1,0.25,0,3,0.142857,1
14135,32183,13,6,67590,0,4,1,0.25,0,3,0.142857,1
14136,32180,14,6,67589,0,2,0,0.25,0,3,0.142857,1
14137,32182,13,9,67584,0,0,0,0.25,0,3,0.142857,1
14138,32186,12,8,67585,0,3,0,0.25,0,3,0.142857,1
14139,32186,9,8,67586,0,4,0,0.25,0,3,0.142857,1
14140,32190,8,10,67582,0,0,0,0.25,0,3,0.142857,1
14141,32189,11,10,67579,0,0,0,0.25,0,3,0.142857,1
14142,32191,11,7,67577,0,3,0,0.25,0,3,0.142857,1
14143,32192,11,7,67575,0,1,0,0.25,0,3,0.142857,1
14144,32194,10,7,67573,0,1,0,0.25,0,3,0.142857,1
14145,32195,10,4,67572,0,3,0,0.25,0,3,0.142857,1
14146,32194,13,3,67571,0,1,0,0.25,0,3,0.142857,1
14147,32197,13,2,67572,0,2,0,0.25,0,3,0.142857,1
14148,32201,12,3,67568,0,0,0,0.25,0,3,0.142857,1
14149,32203,9,5,67564,0,1,0,0.25,0,3,0.142857,1
14150,32207,9,6,67564,0,0,0,0.25,0,3,0.142857,1
14151,32213,8,4,67565,0,3,0,0.25,0,3,0.142857,1
14152,32217,8,4,67561,0,0,0,0.25,0,3,0.142857,1
14153,32218,6,5,67562,0,2,0,0.25,0,3,0.142857,1
14154,32217,6,4,67559,0,1,2,0.25,0,3,0.142857,1
14155,32217,7,4,67560,0,1,0,0.25,0,3,0.142857,1
14156,32218,7,6,67560,0,0,0,0.25,0,3,0.142857,1
14157,32220,7,7,67559,0,0,0,0.25,0,3,0.142857,1
14158,32216,9,7,67555,0,0,0,0.25,0,3,0.142857,1
14159,32221,7,10,67551,0,0,0,0.25,0,3,0.142857,1
14160,32223,9,8,67550,0,2,0,0.25,0,3,0.142857,1
14161,32228,10,6,67549,0,2,1,0.25,0,3,0.142857,1
14162,32232,10,3,67550,0,3,1,0.25,0,3,0.142857,1
14163,32236,10,3,67548,0,0,0,0.25,0,3,0.142857,1
14164,32239,10,2,67546,0,1,0,0.25,0,3,0.142857,1
14165,32240,8,3,67546,0,2,0,0.25,0,3,0.142857,1
14166,32241,8,3,67546,0,0,0,0.25,0,3,0.142857,1
14167,32247,7,5,67543,0,0,0,0.25,0,3,0.142857,1
14168,32249,7,6,67541,0,0,0,0.25,0,3,0.142857,1
14169,32247,10,4,67541,0,2,2,0.25,0,3,0.142857,1
14170,32248,8,6,67538,0,0,0,0.25,0,3,0.142857,1
14171,32246,8,5,67538,0,2,0,0.25,0,3,0.142857,1
14172,32251,8,6,67534,0,0,0,0.25,0,3,0.142857,1
14173,32255,9,6,67531,0,0,0,0.25,0,3,0.142857,1
14174,32251,10,6,67529,0,0,0,0.25,0,3,0.142857,1
14175,32252,11,6,67529,0,1,0,0.25,0,3,0.142857,1
14176,32257,11,6,67526,0,1,0,0.25,0,3,0.142857,1
14177,32258,12,5,67527,0,1,0,0.25,0,3,0.142857,1
14178,32260,10,8,67524,0,0,0,0.25,0,3,0.142857,1
14179,32255,13,8,67521,0,1,0,0.25,0,3,0.142857,1
14180,32255,11,10,67520,0,1,0,0.25,0,3,0.142857,1
14181,32257,10,9,67523,0,3,0,0.25,0,3,0.142857,1
14182,32259,11,7,67520,0,2,0,0.25,0,3,0.142857,1
14183,32258,12,9,67519,0,0,0,0.25,0,3,0.142857,1
14184,32257,12,7,67520,0,3,1,0.25,0,3,0.142857,1
14185,32255,11,8,67519,0,3,0,0.25,0,3,0.142857,1
14186,32255,11,8,67516,0,1,0,0.25,0,3,0.142857,1
14187,32255,10,6,67514,0,3,1,0.25,0,3,0.142857,1
14188,32259,9,5,67511,0,2,0,0.25,0,3,0.142857,1
14189,32264,7,4,67511,0,3,2,0.25,0,3,0.142857,1
14190,32266,8,3,67512,0,2,0,0.25,0,3,0.142857,1
14191,32268,7,4,67509,0,0,0,0.25,0,3,0.142857,1
14192,32271,7,4,67507,0,0,0,0.25,0,3,0.142857,1
14193,32276,7,3,67507,0,1,0,0.25,0,3,0.142857,1
14194,32279,6,3,67507,0,1,0,0.25,0,3,0.142857,1
14195,32280,6,2,67506,0,1,1,0.25,0,3,0.142857,1
14196,32281,7,1,67505,0,1,0,0.25,0,3,0.142857,1
14197,32282,6,1,67504,0,1,1,0.25,0,3,0.142857,1
14198,32286,5,2,67502,0,0,0,0.25,0,3,0.142857,1
14199,32289,5,1,67499,0,1,0,0.25,0,3,0.142857,1
14200,32291,5,1,67498,0,0,0,0.25,0,3,0.142857,1
14201,32290,6,1,67496,0,0,0,0.25,0,3,0.142857,1
14202,32293,5,1,67496,0,1,1,0.25,0,3,0.142857,1
14203,32298,4,2,67494,0,0,0,0.25,0,3,0.142857,1
14204,32299,3,3,67492,0,0,0,0.25,0,3,0.142857,1
14205,32301,3,2,67489,0,1,0,0.25,0,3,0.142857,1
14206,32302,3,2,67489,0,0,0,0.25,0,3,0.142857,1
14207,32301,1,4,67489,0,0,0,0.25,0,3,0.142857,1
14208,32306,2,3,67487,0,1,0,0.25,0,3,0.142857,1
14209,32305,1,3,67486,0,1,2,0.25,0,3,0.142857,1
14210,32308,1,2,67485,0,2,5,0.25,0,3,0.142857,1
14211,32308,1,2,67483,0,0,0,0.25,0,3,0.142857,1
14212,32310,0,3,67481,0,0,0,0.25,0,3,0.142857,1
14213,32314,0,3,67478,0,0,0,0.25,0,3,0.142857,1
14214,32316,1,3,67474,0,0,0,0.25,0,3,0.142857,1
14215,32316,2,3,67470,0,0,0,0.25,0,3,0.142857,1
14216,32316,2,3,67466,0,0,0,0.25,0,3,0.142857,1
14217,32319,4,3,67462,0,0,0,0.25,0,3,0.142857,1
14218,32322,4,3,67460,0,0,0,0.25,0,3,0.142857,1
14219,32321,4,3,67455,0,0,0,0.25,0,3,0.142857,1
14220,32322,3,3,67453,0,1,0,0.25,0,3,0.142857,1
14221,32324,3,1,67451,0,2,0,0.25,0,3,0.142857,1
14222,32323,3,0,67451,0,1,1,0.25,0,3,0.142857,1
14223,32325,2,1,67446,0,0,0,0.25,0,3,0.142857,1
14224,32328,2,1,67443,0,0,0,0.25,0,3,0.142857,1
14225,32333,2,1,67443,0,0,0,0.25,0,3,0.142857,1
14226,32337,2,1,67441,0,0,0,0.25,0,3,0.142857,1
14227,32338,3,0,67437,0,1,0,0.25,0,3,0.142857,1
14228,32341,3,0,67435,0,0,0,0.25,0,3,0.142857,1
14229,32341,2,1,67432,0,0,0,0.25,0,3,0.142857,1
14230,32345,1,2,67431,0,0,0,0.25,0,3,0.142857,1
14231,32346,3,1,67431,0,1,0,0.25,0,3,0.142857,1
14232,32347,5,1,67430,0,0,0,0.25,0,3,0.142857,1
14233,32349,4,2,67426,0,0,0,0.25,0,3,0.142857,1
14234,32349,4,1,67425,0,1,1,0.25,0,3,0.142857,1
14235,32356,3,1,67425,0,1,1,0.25,0,3,0.142857,1
14236,32359,3,1,67425,0,0,0,0.25,0,3,0.142857,1
14237,32364,2,2,67422,0,0,0,0.25,0,3,0.142857,1
14238,32367,2,2,67418,0,0,0,0.25,0,3,0.142857,1
14239,32368,4,1,67415,0,1,0,0.25,0,3,0.142857,1
14240,32366,4,0,67415,0,1,0,0.25,0,3,0.142857,1
14241,32369,3,1,67413,0,0,0,0.25,0,3,0.142857,1
14242,32371,3,1,67410,0,0,0,0.25,0,3,0.142857,1
14243,32372,5,1,67409,0,0,0,0.25,0,3,0.142857,1
14244,32379,5,1,67404,0,0,0,0.25,0,3,0.142857,1
14245,32382,5,1,67400,0,0,0,0.25,0,3,0.142857,1
14246,32384,4,1,67397,0,1,3,0.25,0,3,0.142857,1
14247,32385,5,1,67396,0,0,0,0.25,0,3,0.142857,1
14248,32386,6,1,67394,0,0,0,0.25,0,3,0.142857,1
14249,32387,7,1,67394,0,0,0,0.25,0,3,0.142857,1
14250,32390,7,1,67388,0,0,0,0.25,0,3,0.142857,1
14251,32393,7,0,67388,0,1,0,0.25,0,3,0.142857,1
14252,32399,7,0,67385,0,0,0,0.25,0,3,0.142857,1
14253,32401,6,1,67382,0,0,0,0.25,0,3,0.142857,1
14254,32403,6,0,67379,0,1,0,0.25,0,3,0.142857,1
14255,32406,6,0,67378,0,0,0,0.25,0,3,0.142857,1
14256,32409,6,0,67376,0,0,0,0.25,0,3,0.142857,1
14257,32411,5,1,67374,0,0,0,0.25,0,3,0.142857,1
14258,32411,5,1,67366,0,0,0,0.25,0,3,0.142857,1
14259,32413,3,3,67364,0,0,0,0.25,0,3,0.142857,1
14260,32420,2,3,67363,0,1,0,0.25,0,3,0.142857,1
14261,32425,2,3,67362,0,0,0,0.25,0,3,0.142857,1
14262,32422,3,4,67359,0,0,0,0.25,0,3,0.142857,1
14263,32425,4,1,67359,0,3,0,0.25,0,3,0.142857,1
14264,32432,3,3,67355,0,0,0,0.25,0,3,0.142857,1
14265,32434,5,4,67353,0,0,0,0.25,0,3,0.142857,1
14266,32441,4,5,67351,0,0,0,0.25,0,3,0.142857,1
14267,32441,5,3,67348,0,2,0,0.25,0,3,0.142857,1
14268,32439,6,5,67344,0,0,0,0.25,0,3,0.142857,1
14269,32438,8,6,67344,0,0,0,0.25,0,3,0.142857,1
14270,32445,10,6,67342,0,1,0,0.25,0,3,0.142857,1
14271,32446,10,5,67342,0,2,1,0.25,0,3,0.142857,1
14272,32447,9,5,67341,0,1,0,0.25,0,3,0.142857,1
14273,32451,7,6,67340,0,1,0,0.25,0,3,0.142857,1
14274,32455,7,4,67341,0,2,0,0.25,0,3,0.142857,1
14275,32456,6,6,67338,0,0,0,0.25,0,3,0.142857,1
14276,32456,7,5,67334,0,1,1,0.25,0,3,0.142857,1
14277,32458,7,5,67335,0,1,0,0.25,0,3,0.142857,1
14278,32464,7,5,67330,0,0,0,0.25,0,3,0.142857,1
14279,32466,8,3,67329,0,2,0,0.25,0,3,0.142857,1
14280,32470,7,3,67325,0,1,0,0.25,0,3,0.142857,1
14281,32471,6,2,67322,0,3,0,0.25,0,3,0.142857,1
14282,32474,5,3,67321,0,0,0,0.25,0,3,0.142857,1
14283,32474,5,1,67321,0,2,0,0.25,0,3,0.142857,1
14284,32474,4,2,67319,0,0,0,0.25,0,3,0.142857,1
14285,32475,3,2,67317,0,1,0,0.25,0,3,0.142857,1
14286,32478,4,2,67317,0,0,0,0.25,0,3,0.142857,1
14287,32477,4,1,67315,0,1,0,0.25,0,3,0.142857,1
14288,32482,3,1,67314,0,1,1,0.25,0,3,0.142857,1
14289,32483,4,1,67311,0,0,0,0.25,0,3,0.142857,1
14290,32483,5,1,67311,0,0,0,0.25,0,3,0.142857,1
14291,32487,6,1,67310,0,0,0,0.25,0,3,0.142857,1
14292,32489,3,3,67308,0,1,1,0.25,0,3,0.142857,1
14293,32487,5,2,67307,0,1,0,0.25,0,3,0.142857,1
14294,32492,7,3,67304,0,0,0,0.25,0,3,0.142857,1
14295,32494,7,3,67303,0,0,0,0.25,0,3,0.142857,1
14296,32502,9,3,67302,0,0,0,0.25,0,3,0.142857,1
14297,32503,11,3,67301,0,0,0,0.25,0,3,0.142857,1
14298,32504,12,5,67297,0,0,0,0.25,0,3,0.142857,1
14299,32504,11,3,67297,0,4,3,0.25,0,3,0.142857,1
14300,32501,13,4,67296,0,0,0,0.25,0,3,0.142857,1
14301,32503,12,6,67295,0,0,0,0.25,0,3,0.142857,1
14302,32505,11,8,67290,0,0,0,0.25,0,3,0.142857,1
14303,32506,12,6,67290,0,2,0,0.25,0,3,0.142857,1
14304,32513,11,8,67290,0,0,0,0.25,0,3,0.142857,1
14305,32513,12,9,67286,0,1,0,0.25,0,3,0.142857,1
14306,32512,13,8,67287,0,2,1,0.25,0,3,0.142857,1
14307,32510,13,9,67285,0,0,0,0.25,0,3,0.142857,1
14308,32512,10,11,67285,0,1,1,0.25,0,3,0.142857,1
14309,32514,9,11,67284,0,1,0,0.25,0,3,0.142857,1
14310,32512,9,9,67285,0,3,1,0.25,0,3,0.142857,1
14311,32514,8,9,67285,0,1,0,0.25,0,3,0.142857,1
14312,32511,12,7,67287,0,2,1,0.25,0,3,0.142857,1
14313,32513,11,8,67284,0,0,0,0.25,0,3,0.142857,1
14314,32514,11,8,67285,0,2,1,0.25,0,3,0.142857,1
14315,32515,12,7,67285,0,2,0,0.25,0,3,0.142857,1
14316,32519,12,8,67283,0,0,0,0.25,0,3,0.142857,1
14317,32523,12,9,67282,0,0,0,0.25,0,3,0.142857,1
14318,32526,10,10,67281,0,1,0,0.25,0,3,0.142857,1
14319,32525,11,8,67283,0,4,0,0.25,0,3,0.142857,1
14320,32531,11,3,67282,0,6,1,0.25,0,3,0.142857,1
14321,32533,11,2,67280,0,1,0,0.25,0,3,0.142857,1
14322,32538,11,3,67279,0,0,0,0.25,0,3,0.142857,1
14323,32538,11,4,67275,0,0,0,0.25,0,3,0.142857,1
14324,32543,11,5,67273,0,0,0,0.25,0,3,0.142857,1
14325,32543,11,4,67272,0,1,0,0.25,0,3,0.142857,1
14326,32543,11,6,67270,0,0,0,0.25,0,3,0.142857,1
14327,32546,10,7,67269,0,1,0,0.25,0,3,0.142857,1
14328,32545,9,5,67269,0,3,0,0.25,0,3,0.142857,1
14329,32543,10,5,67268,0,1,3,0.25,0,3,0.142857,1
14330,32541,11,4,67266,0,2,0,0.25,0,3,0.142857,1
14331,32546,11,3,67267,0,1,0,0.25,0,3,0.142857,1
14332,32548,11,2,67266,0,1,0,0.25,0,3,0.142857,1
14333,32551,10,2,67265,0,1,0,0.25,0,3,0.142857,1
14334,32553,11,3,67261,0,0,0,0.25,0,3,0.142857,1
14335,32556,10,3,67259,0,1,0,0.25,0,3,0.142857,1
14336,32562,10,1,67259,0,2,0,0.25,0,3,0.142857,1
14337,32562,8,3,67258,0,0,0,0.25,0,3,0.142857,1
14338,32562,7,4,67254,0,0,0,0.25,0,3,0.142857,1
14339,32562,7,5,67254,0,0,0,0.25,0,3,0.142857,1
14340,32562,6,7,67252,0,0,0,0.25,0,3,0.142857,1
14341,32560,9,6,67251,0,1,0,0.25,0,3,0.142857,1
14342,32560,11,5,67251,0,2,0,0.25,0,3,0.142857,1
14343,32564,13,4,67253,0,2,0,0.25,0,3,0.142857,1
14344,32565,11,6,67251,0,0,0,0.25,0,3,0.142857,1
14345,32565,12,7,67248,0,0,0,0.25,0,3,0.142857,1
14346,32560,16,7,67248,0,2,0,0.25,0,3,0.142857,1
14347,32561,15,7,67249,0,1,0,0.25,0,3,0.142857,1
14348,32560,14,5,67251,0,3,0,0.25,0,3,0.142857,1
14349,32562,14,5,67252,0,1,1,0.25,0,3,0.142857,1
14350,32563,16,4,67252,0,1,0,0.25,0,3,0.142857,1
14351,32564,14,4,67250,0,2,0,0.25,0,3,0.142857,1
14352,32565,13,2,67249,0,3,0,0.25,0,3,0.142857,1
14353,32569,11,3,67248,0,1,0,0.25,0,3,0.142857,1
14354,32563,10,5,67242,0,0,0,0.25,0,3,0.142857,1
14355,32565,8,5,67243,0,2,0,0.25,0,3,0.142857,1
14356,32566,8,4,67243,0,1,0,0.25,0,3,0.142857,1
14357,32573,8,5,67240,0,0,0,0.25,0,3,0.142857,1
14358,32574,10,4,67240,0,1,0,0.25,0,3,0.142857,1
14359,32575,8,7,67236,0,0,0,0.25,0,3,0.142857,1
14360,32576,8,9,67232,0,1,0,0.25,0,3,0.142857,1
14361,32585,7,6,67233,0,5,4,0.25,0,3,0.142857,1
14362,32586,7,4,67232,0,2,0,0.25,0,3,0.142857,1
14363,32591,6,3,67232,0,2,0,0.25,0,3,0.142857,1
14364,32592,8,2,67232,0,1,0,0.25,0,3,0.142857,1
14365,32592,8,2,67230,0,0,0,0.25,0,3,0.142857,1
14366,32593,9,2,67228,0,0,0,0.25,0,3,0.142857,1
14367,32592,11,2,67228,0,1,0,0.25,0,3,0.142857,1
14368,32593,11,1,67228,0,2,1,0.25,0,3,0.142857,1
14369,32595,11,1,67226,0,0,0,0.25,0,3,0.142857,1
14370,32593,9,3,67223,0,0,0,0.25,0,3,0.142857,1
14371,32598,8,3,67223,0,1,0,0.25,0,3,0.142857,1
14372,32598,10,2,67221,0,1,1,0.25,0,3,0.142857,1
14373,32605,9,3,67219,0,0,0,0.25,0,3,0.142857,1
14374,32606,7,3,67220,0,2,0,0.25,0,3,0.142857,1
14375,32612,7,3,67217,0,1,0,0.25,0,3,0.142857,1
14376,32610,7,1,67217,0,2,0,0.25,0,3,0.142857,1
14377,32609,7,1,67215,0,0,0,0.25,0,3,0.142857,1
14378,32611,7,1,67212,0,0,0,0.25,0,3,0.142857,1
14379,32617,6,2,67209,0,0,0,0.25,0,3,0.142857,1
14380,32621,6,2,67206,0,0,0,0.25,0,3,0.142857,1
14381,32621,5,4,67204,0,1,0,0.25,0,3,0.142857,1
14382,32620,5,4,67200,0,0,0,0.25,0,3,0.142857,1
14383,32621,6,3,67198,0,1,1,0.25,0,3,0.142857,1
14384,32626,6,2,67197,0,1,0,0.25,0,3,0.142857,1
14385,32629,6,2,67196,0,0,0,0.25,0,3,0.142857,1
14386,32630,4,4,67193,0,0,0,0.25,0,3,0.142857,1
14387,32633,5,2,67193,0,2,0,0.25,0,3,0.142857,1
14388,32634,4,4,67192,0,0,0,0.25,0,3,0.142857,1
14389,32637,2,4,67192,0,2,1,0.25,0,3,0.142857,1
14390,32635,2,3,67192,0,1,2,0.25,0,3,0.142857,1
14391,32638,3,3,67190,0,0,0,0.25,0,3,0.142857,1
14392,32638,3,3,67189,0,0,0,0.25,0,3,0.142857,1
14393,32642,3,2,67186,0,1,1,0.25,0,3,0.142857,1
14394,32645,4,2,67184,0,0,0,0.25,0,3,0.142857,1
14395,32647,2,4,67182,0,0,0,0.25,0,3,0.142857,1
14396,32647,2,4,67176,0,0,0,0.25,0,3,0.142857,1
14397,32649,3,4,67175,0,0,0,0.25,0,3,0.142857,1
14398,32651,4,3,67174,0,1,0,0.25,0,3,0.142857,1
14399,32655,4,3,67170,0,0,0,0.25,0,3,0.142857,1
14400,32660,5,3,67164,0,0,0,0.25,0,3,0.142857,1
14401,32663,6,3,67162,0,0,0,0.25,0,3,0.142857,1
14402,32659,6,3,67161,0,1,0,0.25,0,3,0.142857,1
14403,32663,5,2,67162,0,2,0,0.25,0,3,0.142857,1
14404,32664,5,2,67158,0,0,0,0.25,0,3,0.142857,1
14405,32664,5,2,67158,0,1,1,0.25,0,3,0.142857,1
14406,32665,6,2,67155,0,0,0,0.25,0,3,0.142857,1
14407,32663,6,2,67153,0,0,0,0.25,0,3,0.142857,1
14408,32666,7,2,67148,0,0,0,0.25,0,3,0.142857,1
14409,32665,7,3,67146,0,0,0,0.25,0,3,0.142857,1
14410,32661,8,4,67142,0,0,0,0.25,0,3,0.142857,1
14411,32663,7,3,67143,0,2,1,0.25,0,3,0.142857,1
14412,32665,7,2,67139,0,1,0,0.25,0,3,0.142857,1
14413,32664,8,2,67137,0,0,0,0.25,0,3,0.142857,1
14414,32671,8,0,67136,0,2,0,0.25,0,3,0.142857,1
14415,32670,6,2,67132,0,0,0,0.25,0,3,0.142857,1
14416,32673,6,2,67132,0,0,0,0.25,0,3,0.142857,1
14417,32675,7,2,67128,0,0,0,0.25,0,3,0.142857,1
14418,32674,7,2,67125,0,0,0,0.25,0,3,0.142857,1
14419,32674,7,3,67125,0,0,0,0.25,0,3,0.142857,1
14420,32675,7,4,67125,0,1,0,0.25,0,3,0.142857,1
14421,32676,7,4,67125,0,0,0,0.25,0,3,0.142857,1
14422,32679,7,3,67126,0,1,0,0.25,0,3,0.142857,1
14423,32677,6,4,67121,0,0,0,0.25,0,3,0.142857,1
14424,32680,6,3,67116,0,1,0,0.25,0,3,0.142857,1
14425,32683,6,3,67114,0,0,0,0.25,0,3,0.142857,1
14426,32685,4,4,67115,0,2,0,0.25,0,3,0.142857,1
14427,32685,7,4,67109,0,0,0,0.25,0,3,0.142857,1
14428,32687,9,3,67106,0,2,0,0.25,0,3,0.142857,1
14429,32687,8,3,67106,0,1,0,0.25,0,3,0.142857,1
14430,32691,8,4,67103,0,0,0,0.25,0,3,0.142857,1
14431,32695,9,3,67101,0,1,0,0.25,0,3,0.142857,1
14432,32695,10,3,67100,0,0,0,0.25,0,3,0.142857,1
14433,32696,11,3,67097,0,0,0,0.25,0,3,0.142857,1
14434,32697,10,4,67095,0,0,0,0.25,0,3,0.142857,1
14435,32695,12,4,67095,0,1,0,0.25,0,3,0.142857,1
14436,32699,13,4,67093,0,0,0,0.25,0,3,0.142857,1
14437,32700,13,4,67094,0,2,0,0.25,0,3,0.142857,1
14438,32705,13,5,67092,0,0,0,0.25,0,3,0.142857,1
14439,32706,11,7,67089,0,1,0,0.25,0,3,0.142857,1
14440,32704,11,7,67086,0,1,1,0.25,0,3,0.142857,1
14441,32704,9,8,67085,0,1,0,0.25,0,3,0.142857,1
14442,32702,6,9,67088,0,3,0,0.25,0,3,0.142857,1
14443,32707,5,7,67089,0,3,0,0.25,0,3,0.142857,1
14444,32710,5,5,67090,0,2,0,0.25,0,3,0.142857,1
14445,32710,5,6,67089,0,0,0,0.25,0,3,0.142857,1
14446,32710,7,4,67089,0,2,0,0.25,0,3,0.142857,1
14447,32710,8,3,67085,0,3,1,0.25,0,3,0.142857,1
14448,32712,7,3,67085,0,1,0,0.25,0,3,0.142857,1
14449,32715,7,3,67082,0,0,0,0.25,0,3,0.142857,1
14450,32713,8,3,67081,0,1,0,0.25,0,3,0.142857,1
14451,32717,8,0,67080,0,3,0,0.25,0,3,0.142857,1
14452,32724,7,2,67078,0,0,0,0.25,0,3,0.142857,1
14453,32729,6,2,67077,0,1,0,0.25,0,3,0.142857,1
14454,32730,7,2,67076,0,1,0,0.25,0,3,0.142857,1
14455,32731,7,1,67075,0,1,0,0.25,0,3,0.142857,1
14456,32732,5,3,67072,0,0,0,0.25,0,3,0.142857,1
14457,32735,5,4,67069,0,0,0,0.25,0,3,0.142857,1
14458,32739,5,4,67067,0,0,0,0.25,0,3,0.142857,1
14459,32742,3,5,67066,0,1,0,0.25,0,3,0.142857,1
14460,32744,3,4,67063,0,1,1,0.25,0,3,0.142857,1
14461,32743,3,5,67056,0,0,0,0.25,0,3,0.142857,1
14462,32743,4,5,67053,0,0,0,0.25,0,3,0.142857,1
14463,32745,3,6,67052,0,0,0,0.25,0,3,0.142857,1
14464,32745,2,4,67051,0,3,5,0.25,0,3,0.142857,1
14465,32745,3,4,67049,0,0,0,0.25,0,3,0.142857,1
14466,32750,1,4,67051,0,2,0,0.25,0,3,0.142857,1
14467,32755,1,4,67049,0,0,0,0.25,0,3,0.142857,1
14468,32757,1,1,67050,0,3,5,0.25,0,3,0.142857,1
14469,32760,1,1,67049,0,0,0,0.25,0,3,0.142857,1
14470,32765,1,1,67047,0,0,0,0.25,0,3,0.142857,1
14471,32767,1,1,67044,0,0,0,0.25,0,3,0.142857,1
14472,32770,1,1,67041,0,0,0,0.25,0,3,0.142857,1
14473,32774,1,0,67036,0,1,0,0.25,0,3,0.142857,1
14474,32775,1,0,67034,0,0,0,0.25,0,3,0.142857,1
14475,32779,1,0,67032,0,0,0,0.25,0,3,0.142857,1
14476,32783,0,1,67032,0,0,0,0.25,0,3,0.142857,1
14477,32782,1,1,67027,0,0,0,0.25,0,3,0.142857,1
14478,32784,2,0,67025,0,1,0,0.25,0,3,0.142857,1
14479,32786,2,0,67024,0,0,0,0.25,0,3,0.142857,1
14480,32789,2,0,67021,0,0,0,0.25,0,3,0.142857,1
14481,32792,2,0,67018,0,0,0,0.25,0,3,0.142857,1
14482,32795,1,1,67016,0,0,0,0.25,0,3,0.142857,1
14483,32800,1,2,67015,0,0,0,0.25,0,3,0.142857,1
14484,32802,1,2,67014,0,0,0,0.25,0,3,0.142857,1
14485,32804,0,3,67012,0,0,0,0.25,0,3,0.142857,1
14486,32807,0,2,67010,0,1,0,0.25,0,3,0.142857,1
14487,32814,0,2,67007,0,0,0,0.25,0,3,0.142857,1
14488,32816,0,0,67008,0,2,0,0.25,0,3,0.142857,1
14489,32816,0,0,67005,0,0,0,0.25,0,3,0.142857,1
14490,32818,0,0,67003,0,0,0,0.25,0,3,0.142857,1
14491,32816,0,0,67000,0,0,0,0.25,0,3,0.142857,1
14492,32816,0,0,66999,0,0,0,0.25,0,3,0.142857,1
14493,32818,0,0,66999,0,0,0,0.25,0,3,0.142857,1
14494,32820,0,0,66999,0,0,0,0.25,0,3,0.142857,1
14495,32820,0,0,66997,0,0,0,0.25,0,3,0.142857,1
14496,32821,0,0,66995,0,0,0,0.25,0,3,0.142857,1
14497,32827,0,0,66995,0,0,0,0.25,0,3,0.142857,1
14498,32827,1,0,66992,0,0,0,0.25,0,3,0.142857,1
14499,32831,1,0,66989,0,0,0,0.25,0,3,0.142857,1
14500,32835,1,0,66987,0,0,0,0.25,0,3,0.142857,1
14501,32834,1,0,66985,0,0,0,0.25,0,3,0.142857,1
14502,32837,1,0,66982,0,0,0,0.25,0,3,0.142857,1
14503,32843,1,0,66981,0,0,0,0.25,0,3,0.142857,1
14504,32844,1,0,66978,0,0,0,0.25,0,3,0.142857,1
14505,32846,1,0,66975,0,0,0,0.25,0,3,0.142857,1
14506,32850,1,0,66974,0,0,0,0.25,0,3,0.142857,1
14507,32851,1,0,66971,0,0,0,0.25,0,3,0.142857,1
14508,32851,1,0,66967,0,0,0,0.25,0,3,0.142857,1
14509,32852,1,0,66964,0,0,0,0.25,0,3,0.142857,1
14510,32853,1,0,66961,0,0,0,0.25,0,3,0.142857,1
14511,32855,1,0,66958,0,0,0,0.25,0,3,0.142857,1
14512,32857,1,0,66956,0,0,0,0.25,0,3,0.142857,1
14513,32859,1,0,66952,0,0,0,0.25,0,3,0.142857,1
14514,32861,1,0,66944,0,0,0,0.25,0,3,0.142857,1
14515,32865,1,0,66941,0,0,0,0.25,0,3,0.142857,1
14516,32870,0,0,66939,0,1,0,0.25,0,3,0.142857,1
14517,32873,0,0,66937,0,0,0,0.25,0,3,0.142857,1
14518,32876,0,0,66934,0,0,0,0.25,0,3,0.142857,1
14519,32878,0,0,66929,0,0,0,0.25,0,3,0.142857,1
14520,32882,0,0,66926,0,0,0,0.25,0,3,0.142857,1
14521,32883,1,0,66924,0,0,0,0.25,0,3,0.142857,1
14522,32886,1,0,66922,0,0,0,0.25,0,3,0.142857,1
14523,32889,0,1,66922,0,0,0,0.25,0,3,0.142857,1
14524,32890,0,1,66921,0,0,0,0.25,0,3,0.142857,1
14525,32889,0,1,66917,0,0,0,0.25,0,3,0.142857,1
14526,32888,0,1,66917,0,0,0,0.25,0,3,0.142857,1
14527,32890,0,1,66914,0,0,0,0.25,0,3,0.142857,1
14528,32895,0,0,66913,0,1,0,0.25,0,3,0.142857,1
14529,32893,0,0,66912,0,0,0,0.25,0,3,0.142857,1
14530,32896,0,0,66910,0,0,0,0.25,0,3,0.142857,1
14531,32900,0,0,66906,0,0,0,0.25,0,3,0.142857,1
14532,32901,0,0,66903,0,0,0,0.25,0,3,0.142857,1
14533,32904,0,0,66899,0,0,0,0.25,0,3,0.142857,1
14534,32907,0,0,66894,0,0,0,0.25,0,3,0.142857,1
14535,32912,0,0,66891,0,0,0,0.25,0,3,0.142857,1
14536,32914,0,0,66890,0,0,0,0.25,0,3,0.142857,1
14537,32914,0,0,66889,0,0,0,0.25,0,3,0.142857,1
14538,32917,0,0,66888,0,0,0,0.25,0,3,0.142857,1
14539,32918,0,0,66885,0,0,0,0.25,0,3,0.142857,1
14540,32919,0,0,66884,0,0,0,0.25,0,3,0.142857,1
14541,32919,0,0,66883,0,0,0,0.25,0,3,0.142857,1
14542,32921,0,0,66880,0,0,0,0.25,0,3,0.142857,1
14543,32927,0,0,66880,0,0,0,0.25,0,3,0.142857,1
14544,32932,0,0,66879,0,0,0,0.25,0,3,0.142857,1
14545,32932,0,0,66876,0,0,0,0.25,0,3,0.142857,1
14546,32935,0,0,66872,0,0,0,0.25,0,3,0.142857,1
14547,32939,0,0,66868,0,0,0,0.25,0,3,0.142857,1
14548,32941,0,0,66867,0,0,0,0.25,0,3,0.142857,1
14549,32941,1,0,66862,0,0,0,0.25,0,3,0.142857,1
14550,32944,1,0,66858,0,0,0,0.25,0,3,0.142857,1
14551,32947,1,0,66856,0,0,0,0.25,0,3,0.142857,1
14552,32948,1,0,66856,0,0,0,0.25,0,3,0.142857,1
14553,32947,1,0,66854,0,0,0,0.25,0,3,0.142857,1
14554,32949,1,0,66851,0,0,0,0.25,0,3,0.142857,1
14555,32947,1,0,66846,0,0,0,0.25,0,3,0.142857,1
14556,32951,1,0,66842,0,0,0,0.25,0,3,0.142857,1
14557,32951,1,0,66839,0,0,0,0.25,0,3,0.142857,1
14558,32955,1,0,66838,0,0,0,0.25,0,3,0.142857,1
14559,32956,0,1,66836,0,0,0,0.25,0,3,0.142857,1
14560,32955,1,1,66831,0,0,0,0.25,0,3,0.142857,1
14561,32960,1,1,66829,0,0,0,0.25,0,3,0.142857,1
14562,32960,1,1,66827,0,0,0,0.25,0,3,0.142857,1
14563,32958,0,2,66824,0,0,0,0.25,0,3,0.142857,1
14564,32964,0,2,66824,0,0,0,0.25,0,3,0.142857,1
14565,32964,0,2,66822,0,0,0,0.25,0,3,0.142857,1
14566,32964,0,1,66822,0,1,0,0.25,0,3,0.142857,1
14567,32964,0,1,66819,0,0,0,0.25,0,3,0.142857,1
14568,32965,1,1,66816,0,0,0,0.25,0,3,0.142857,1
14569,32963,4,1,66815,0,0,0,0.25,0,3,0.142857,1
14570,32964,4,1,66815,0,0,0,0.25,0,3,0.142857,1
14571,32965,3,2,66812,0,0,0,0.25,0,3,0.142857,1
14572,32965,4,2,66810,0,0,0,0.25,0,3,0.142857,1
14573,32969,4,1,66811,0,1,0,0.25,0,3,0.142857,1
14574,32969,5,1,66810,0,0,0,0.25,0,3,0.142857,1
14575,32974,6,1,66808,0,0,0,0.25,0,3,0.142857,1
14576,32976,6,1,66803,0,0,0,0.25,0,3,0.142857,1
14577,32978,4,3,66798,0,0,0,0.25,0,3,0.142857,1
14578,32981,4,2,66798,0,1,0,0.25,0,3,0.142857,1
14579,32978,4,1,66796,0,1,0,0.25,0,3,0.142857,1
14580,32980,4,1,66792,0,0,0,0.25,0,3,0.142857,1
14581,32982,3,1,66787,0,1,2,0.25,0,3,0.142857,1
14582,32981,3,1,66786,0,0,0,0.25,0,3,0.142857,1
14583,32986,3,1,66786,0,0,0,0.25,0,3,0.142857,1
14584,32989,2,2,66785,0,0,0,0.25,0,3,0.142857,1
14585,32993,2,1,66781,0,1,1,0.25,0,3,0.142857,1
14586,32995,1,2,66780,0,0,0,0.25,0,3,0.142857,1
14587,32997,2,3,66780,0,0,0,0.25,0,3,0.142857,1
14588,32999,2,2,66779,0,1,0,0.25,0,3,0.142857,1
14589,33002,2,2,66776,0,0,0,0.25,0,3,0.142857,1
14590,33004,2,1,66774,0,1,0,0.25,0,3,0.142857,1
14591,33004,3,1,66770,0,0,0,0.25,0,3,0.142857,1
14592,33003,5,1,66768,0,0,0,0.25,0,3,0.142857,1
14593,33009,5,1,66765,0,0,0,0.25,0,3,0.142857,1
14594,33013,4,0,66765,0,2,1,0.25,0,3,0.142857,1
14595,33013,4,0,66763,0,0,0,0.25,0,3,0.142857,1
14596,33019,3,1,66760,0,0,0,0.25,0,3,0.142857,1
14597,33022,3,1,66759,0,0,0,0.25,0,3,0.142857,1
14598,33022,2,1,66757,0,1,0,0.25,0,3,0.142857,1
14599,33023,1,2,66755,0,0,0,0.25,0,3,0.142857,1
14600,33024,2,1,66755,0,1,1,0.25,0,3,0.142857,1
